id,lon,lat,,,,,,,,,,,,,,,,,,,,
YRK1,30.827333,-24.401639,,,,,,,,,,,,,,,,,,,,
YRK2,30.274472,-23.858417,,,,,,,,,,,,,,,,,,,,
YRK3,30.28,-23.08,,,,,,,,,,,,,,,,,,,,
YRK4,30.12219,-24.815648,,,,,,,,,,,,,,,,,,,,
YRK5,27.567786,-23.574634,,,,,,,,,,,,,,,,,,,,
YRK6,29.57,-23.15,,,,,,,,,,,,,,,,,,,,
YRK7,29.45,-23.87,,,,,,,,,,,,,,,,,,,,
YRK8,30.123622,-24.824289,,,,,,,,,,,,,,,,,,,,
YRK9,31.02,-22.68,,,,,,,,,,,,,,,,,,,,
YRK10,30.38,-23.07,,,,,,,,,,,,,,,,,,,,
YRK11,30.140511,-22.631264,,,,,,,,,,,,,,,,,,,,
YRK12,30.35,-22.97,,,,,,,,,,,,,,,,,,,,
YRK13,29.646944,-22.172222,,,,,,,,,,,,,,,,,,,,
YRK14,29.8,-23.32,,,,,,,,,,,,,,,,,,,,
YRK15,30.08,-23.75,,,,,,,,,,,,,,,,,,,,
YRK16,29.52,-23.88,,,,,,,,,,,,,,,,,,,,
YRK17,30.7,-23.9,,,,,,,,,,,,,,,,,,,,
YRK18,30.05,-23.17,,,,,,,,,,,,,,,,,,,,
YRK19,30.27,-23,,,,,,,,,,,,,,,,,,,,
YRK20,30.1,-23.08,,,,,,,,,,,,,,,,,,,,
YRK21,29.92,-23.02,,,,,,,,,,,,,,,,,,,,
YRK22,30.13,-23.78,,,,,,,,,,,,,,,,,,,,
YRK23,30.67,-23.67,,,,,,,,,,,,,,,,,,,,
YRK24,30.15,-22.98,,,,,,,,,,,,,,,,,,,,
YRK25,29.58,-23.9,,,,,,,,,,,,,,,,,,,,
YRK26,30.22,-23.05,,,,,,,,,,,,,,,,,,,,
YRK27,30.02,-23.33,,,,,,,,,,,,,,,,,,,,
YRK28,29.55,-23.37,,,,,,,,,,,,,,,,,,,,
YRK29,30.1,-23.73,,,,,,,,,,,,,,,,,,,,
YRK30,30.28,-23.08,,,,,,,,,,,,,,,,,,,,
YRK31,29.9,-23.05,,,,,,,,,,,,,,,,,,,,
YRK32,29.7,-25.02,,,,,,,,,,,,,,,,,,,,
YRK33,29.57,-23.15,,,,,,,,,,,,,,,,,,,,
YRK34,29.38,-23.08,,,,,,,,,,,,,,,,,,,,
YRK35,30.28,-22.98,,,,,,,,,,,,,,,,,,,,
YRK36,30.15,-23.95,,,,,,,,,,,,,,,,,,,,
YRK37,30.2,-23.07,,,,,,,,,,,,,,,,,,,,
YRK38,30.85,-24.18,,,,,,,,,,,,,,,,,,,,
YRK39,30.4,-22.95,,,,,,,,,,,,,,,,,,,,
YRK40,29.45,-23.87,,,,,,,,,,,,,,,,,,,,
YRK41,31.02,-22.68,,,,,,,,,,,,,,,,,,,,
YRK42,30.02,-23,,,,,,,,,,,,,,,,,,,,
YRK43,30.05,-23.22,,,,,,,,,,,,,,,,,,,,
YRK44,30.12,-23.03,,,,,,,,,,,,,,,,,,,,
YRK45,29.93,-23.48,,,,,,,,,,,,,,,,,,,,
YRK46,30,-23.5,,,,,,,,,,,,,,,,,,,,
YRK47,29.72,-23.85,,,,,,,,,,,,,,,,,,,,
YRK48,30.38,-23.07,,,,,,,,,,,,,,,,,,,,
YRK49,30.35,-22.97,,,,,,,,,,,,,,,,,,,,
YRK50,30.35,-23.05,,,,,,,,,,,,,,,,,,,,
YRK51,30.28,-24.57,,,,,,,,,,,,,,,,,,,,
YRK52,29.67,-23.12,,,,,,,,,,,,,,,,,,,,
YRK53,30.08,-23.85,,,,,,,,,,,,,,,,,,,,
YRK54,30.33,-22.93,,,,,,,,,,,,,,,,,,,,
YRK55,30.07,-23.38,,,,,,,,,,,,,,,,,,,,
YRK56,30.02,-22.96,,,,,,,,,,,,,,,,,,,,
YRK57,30,-24.05,,,,,,,,,,,,,,,,,,,,
YRK58,29.98,-23.8,,,,,,,,,,,,,,,,,,,,
YRK59,30.12,-23.78,,,,,,,,,,,,,,,,,,,,
YRK60,29.85,-23.23,,,,,,,,,,,,,,,,,,,,
YRK61,30.03,-25.69,,,,,,,,,,,,,,,,,,,,
YRK62,30.806692,-24.672864,,,,,,,,,,,,,,,,,,,,
YRK63,30.474167,-26.475289,,,,,,,,,,,,,,,,,,,,
YRK64,29.98,-26.5,,,,,,,,,,,,,,,,,,,,
YRK65,30.923333,-25.411119,,,,,,,,,,,,,,,,,,,,
YRK66,30.344447,-25.709458,,,,,,,,,,,,,,,,,,,,
YRK67,30.380558,-25.503342,,,,,,,,,,,,,,,,,,,,
YRK68,30.851111,-24.699475,,,,,,,,,,,,,,,,,,,,
YRK69,30.645003,-25.745008,,,,,,,,,,,,,,,,,,,,
YRK70,30.570008,-25.651139,,,,,,,,,,,,,,,,,,,,
YRK71,30.491667,-25.269453,,,,,,,,,,,,,,,,,,,,
YRK72,30.958058,-24.993619,,,,,,,,,,,,,,,,,,,,
YRK73,30.525281,-25.496678,,,,,,,,,,,,,,,,,,,,
YRK74,31.103614,-25.803622,,,,,,,,,,,,,,,,,,,,
YRK75,30.378614,-25.127508,,,,,,,,,,,,,,,,,,,,
YRK76,30.648889,-25.571392,,,,,,,,,,,,,,,,,,,,
YRK77,30.668058,-25.226672,,,,,,,,,,,,,,,,,,,,
YRK78,30.85,-24.93,,,,,,,,,,,,,,,,,,,,
YRK79,30.663611,-25.396967,,,,,,,,,,,,,,,,,,,,
YRK80,30.181944,-25.459172,,,,,,,,,,,,,,,,,,,,
YRK81,30.909444,-25.503067,,,,,,,,,,,,,,,,,,,,
YRK82,30.47,-25.1,,,,,,,,,,,,,,,,,,,,
YRK83,30.318889,-25.76695,,,,,,,,,,,,,,,,,,,,
YRK84,30.506111,-26.637797,,,,,,,,,,,,,,,,,,,,
YRK85,31.042222,-25.005561,,,,,,,,,,,,,,,,,,,,
YRK86,31.044167,-25.303339,,,,,,,,,,,,,,,,,,,,
YRK87,29.966111,-26.138617,,,,,,,,,,,,,,,,,,,,
YRK88,30.509167,-25.828061,,,,,,,,,,,,,,,,,,,,
YRK89,30.810278,-25.864453,,,,,,,,,,,,,,,,,,,,
YRK90,30.92,-25.5,,,,,,,,,,,,,,,,,,,,
YRK91,30.966667,-25.45,,,,,,,,,,,,,,,,,,,,
YRK92,30.97157,-25.45458,,,,,,,,,,,,,,,,,,,,
YRK93,30.659719,-25.982256,,,,,,,,,,,,,,,,,,,,
YRK94,30.297778,-26.888058,,,,,,,,,,,,,,,,,,,,
YRK95,30.776944,-27.009186,,,,,,,,,,,,,,,,,,,,
YRK96,30.623333,-27.039172,,,,,,,,,,,,,,,,,,,,
YRK97,30.738611,-26.667783,,,,,,,,,,,,,,,,,,,,
YRK98,30.848056,-25.725558,,,,,,,,,,,,,,,,,,,,
YRK99,30.627222,-26.901672,,,,,,,,,,,,,,,,,,,,
YRK100,30.324167,-26.675561,,,,,,,,,,,,,,,,,,,,
YRK101,30.514167,-26.243078,,,,,,,,,,,,,,,,,,,,
YRK102,30.327778,-26.126706,,,,,,,,,,,,,,,,,,,,
YRK103,30.995556,-25.698333,,,,,,,,,,,,,,,,,,,,
YRK104,30.956944,-27.327222,,,,,,,,,,,,,,,,,,,,
YRK105,30.428056,-27.125,,,,,,,,,,,,,,,,,,,,
YRK106,30.098611,-25.422778,,,,,,,,,,,,,,,,,,,,
YRK107,30.853056,-24.958611,,,,,,,,,,,,,,,,,,,,
YRK108,30.5775,-25.5225,,,,,,,,,,,,,,,,,,,,
YRK109,31.570556,-25.474167,,,,,,,,,,,,,,,,,,,,
YRK110,31.780833,-25.35,,,,,,,,,,,,,,,,,,,,
YRK111,30.760833,-24.995556,,,,,,,,,,,,,,,,,,,,
YRK112,31.3625,-25.661944,,,,,,,,,,,,,,,,,,,,
YRK113,30.911944,-27.129167,,,,,,,,,,,,,,,,,,,,
YRK114,30.678889,-25.317222,,,,,,,,,,,,,,,,,,,,
YRK115,30.82,-25.45,,,,,,,,,,,,,,,,,,,,
YRK116,30.55,-25.97,,,,,,,,,,,,,,,,,,,,
YRK117,31.05,-25.78,,,,,,,,,,,,,,,,,,,,
YRK118,30.887222,-25.075453,,,,,,,,,,,,,,,,,,,,
YRK119,30.83,-24.83,,,,,,,,,,,,,,,,,,,,
YRK120,30.2,-26.28,,,,,,,,,,,,,,,,,,,,
YRK121,30.63,-26.48,,,,,,,,,,,,,,,,,,,,
YRK122,30.73,-25.25,,,,,,,,,,,,,,,,,,,,
YRK123,30.6,-26.28,,,,,,,,,,,,,,,,,,,,
YRK124,30.22,-26.28,,,,,,,,,,,,,,,,,,,,
YRK125,30.759006,-25.879422,,,,,,,,,,,,,,,,,,,,
YRK126,30.95,-24.87,,,,,,,,,,,,,,,,,,,,
YRK127,30.502359,-25.492614,,,,,,,,,,,,,,,,,,,,
YRK128,29.98,-26.5,,,,,,,,,,,,,,,,,,,,
YRK129,30.879444,-25.033928,,,,,,,,,,,,,,,,,,,,
YRK130,30.648806,-25.571596,,,,,,,,,,,,,,,,,,,,
YRK131,31.13951,-25.04884,,,,,,,,,,,,,,,,,,,,
YRK132,30.29089,-25.552674,,,,,,,,,,,,,,,,,,,,
YRK133,30.77,-25.18,,,,,,,,,,,,,,,,,,,,
YRK134,31.103668,-25.803564,,,,,,,,,,,,,,,,,,,,
YRK135,31.103614,-25.803622,,,,,,,,,,,,,,,,,,,,
YRK136,30.576794,-25.524712,,,,,,,,,,,,,,,,,,,,
YRK137,30.52,-26.23,,,,,,,,,,,,,,,,,,,,
YRK138,30.987618,-24.922763,,,,,,,,,,,,,,,,,,,,
YRK139,30.574383,-25.650406,,,,,,,,,,,,,,,,,,,,
YRK140,30.4,-26.4,,,,,,,,,,,,,,,,,,,,
YRK141,30.48,-25.11,,,,,,,,,,,,,,,,,,,,
YRK142,30.47,-25.1,,,,,,,,,,,,,,,,,,,,
YRK143,30.52001,-25.726246,,,,,,,,,,,,,,,,,,,,
YRK144,30.87,-24.58,,,,,,,,,,,,,,,,,,,,
YRK145,30.98,-25.82,,,,,,,,,,,,,,,,,,,,
YRK146,30.678733,-25.41224,,,,,,,,,,,,,,,,,,,,
YRK147,30.72,-24.88,,,,,,,,,,,,,,,,,,,,
YRK148,30.72,-24.93,,,,,,,,,,,,,,,,,,,,
YRK149,30.430867,-25.855915,,,,,,,,,,,,,,,,,,,,
YRK150,30.509266,-25.828398,,,,,,,,,,,,,,,,,,,,
YRK151,30.83,-25.82,,,,,,,,,,,,,,,,,,,,
YRK152,30.92,-25.5,,,,,,,,,,,,,,,,,,,,
YRK153,30.966667,-25.45,,,,,,,,,,,,,,,,,,,,
YRK154,30.97157,-25.45458,,,,,,,,,,,,,,,,,,,,
YRK155,30.78,-26.57,,,,,,,,,,,,,,,,,,,,
YRK156,30.97,-24.8,,,,,,,,,,,,,,,,,,,,
YRK157,30.297778,-26.888058,,,,,,,,,,,,,,,,,,,,
YRK158,31.02,-25,,,,,,,,,,,,,,,,,,,,
YRK159,30.75,-24.9,,,,,,,,,,,,,,,,,,,,
YRK160,30.93,-24.98,,,,,,,,,,,,,,,,,,,,
YRK161,30.78,-25.1,,,,,,,,,,,,,,,,,,,,
YRK162,30.9,-24.6,,,,,,,,,,,,,,,,,,,,
YRK163,30.627222,-26.901672,,,,,,,,,,,,,,,,,,,,
YRK164,30.699735,-25.770591,,,,,,,,,,,,,,,,,,,,
YRK165,30.619733,-25.78059,,,,,,,,,,,,,,,,,,,,
YRK166,30.9,-26.03,,,,,,,,,,,,,,,,,,,,
YRK167,30.8275,-25.150231,,,,,,,,,,,,,,,,,,,,
YRK168,30.568314,-25.335511,,,,,,,,,,,,,,,,,,,,
YRK169,30.335379,-25.713458,,,,,,,,,,,,,,,,,,,,
YRK170,30.445298,-25.321853,,,,,,,,,,,,,,,,,,,,
YRK171,30.58,-25.28,,,,,,,,,,,,,,,,,,,,
YRK172,30.514167,-26.243078,,,,,,,,,,,,,,,,,,,,
YRK173,30.93,-24.73,,,,,,,,,,,,,,,,,,,,
YRK174,30.32576,-26.038601,,,,,,,,,,,,,,,,,,,,
YRK175,30.95,-24.93,,,,,,,,,,,,,,,,,,,,
YRK176,30.88,-25.22,,,,,,,,,,,,,,,,,,,,
YRK23417,30.6733494,-25.25080253,,,,,,,,,,,,,,,,,,,,
YRK25130,30.83589884,-24.88317495,,,,,,,,,,,,,,,,,,,,
YRK25131,30.83516523,-24.88626386,,,,,,,,,,,,,,,,,,,,
YRK25133,30.83833073,-24.8916801,,,,,,,,,,,,,,,,,,,,
YRK25134,30.84057839,-24.88807125,,,,,,,,,,,,,,,,,,,,
YRK25135,30.84339197,-24.88685389,,,,,,,,,,,,,,,,,,,,
YRK25137,30.84446833,-24.88992883,,,,,,,,,,,,,,,,,,,,
YRK25138,30.84570152,-24.89261273,,,,,,,,,,,,,,,,,,,,
YRK25139,30.85014007,-24.89309174,,,,,,,,,,,,,,,,,,,,
YRK25140,30.84323905,-24.89392303,,,,,,,,,,,,,,,,,,,,
YRK25141,30.84699043,-24.89644635,,,,,,,,,,,,,,,,,,,,
YRK25142,30.85283245,-24.89972609,,,,,,,,,,,,,,,,,,,,
YRK25145,30.85499711,-24.8949948,,,,,,,,,,,,,,,,,,,,
YRK25146,30.85956041,-24.89566096,,,,,,,,,,,,,,,,,,,,
YRK25150,30.85742335,-24.89673645,,,,,,,,,,,,,,,,,,,,
YRK25151,30.86057925,-24.89839994,,,,,,,,,,,,,,,,,,,,
YRK25152,30.8666167,-24.90088345,,,,,,,,,,,,,,,,,,,,
YRK25154,30.85854641,-24.89808367,,,,,,,,,,,,,,,,,,,,
YRK25155,30.8631511,-24.9037006,,,,,,,,,,,,,,,,,,,,
YRK25157,30.85467796,-24.90051704,,,,,,,,,,,,,,,,,,,,
YRK25158,30.85813069,-24.90152595,,,,,,,,,,,,,,,,,,,,
YRK25159,30.85474216,-24.90540799,,,,,,,,,,,,,,,,,,,,
YRK25161,30.84918594,-24.90499204,,,,,,,,,,,,,,,,,,,,
YRK25162,30.85671655,-24.90848027,,,,,,,,,,,,,,,,,,,,
YRK25164,30.84558362,-24.90318867,,,,,,,,,,,,,,,,,,,,
YRK25169,30.84345793,-24.90654469,,,,,,,,,,,,,,,,,,,,
YRK25170,30.8431892,-24.9108638,,,,,,,,,,,,,,,,,,,,
YRK25171,30.84533815,-24.91272231,,,,,,,,,,,,,,,,,,,,
YRK25172,30.84594124,-24.90665889,,,,,,,,,,,,,,,,,,,,
YRK25173,30.84201255,-24.90971068,,,,,,,,,,,,,,,,,,,,
YRK25174,30.84877299,-24.90884788,,,,,,,,,,,,,,,,,,,,
YRK25175,30.8494574,-24.9105157,,,,,,,,,,,,,,,,,,,,
YRK25176,30.84835942,-24.91555652,,,,,,,,,,,,,,,,,,,,
YRK25177,30.84265599,-24.91373592,,,,,,,,,,,,,,,,,,,,
YRK25179,30.84515832,-24.91429897,,,,,,,,,,,,,,,,,,,,
YRK25180,30.84610715,-24.91509149,,,,,,,,,,,,,,,,,,,,
YRK25181,30.85200365,-24.9150707,,,,,,,,,,,,,,,,,,,,
YRK25182,30.85380232,-24.91819024,,,,,,,,,,,,,,,,,,,,
YRK25183,30.8588092,-24.89437443,,,,,,,,,,,,,,,,,,,,
YRK25185,30.85293757,-24.89491123,,,,,,,,,,,,,,,,,,,,
YRK25186,30.83096101,-24.89160364,,,,,,,,,,,,,,,,,,,,
YRK25187,30.82709804,-24.89349912,,,,,,,,,,,,,,,,,,,,
YRK25188,30.82077426,-24.8971322,,,,,,,,,,,,,,,,,,,,
YRK25189,30.82544414,-24.89811846,,,,,,,,,,,,,,,,,,,,
YRK25190,30.8286182,-24.89765747,,,,,,,,,,,,,,,,,,,,
YRK25191,30.83278326,-24.89918159,,,,,,,,,,,,,,,,,,,,
YRK25192,30.83478328,-24.89830212,,,,,,,,,,,,,,,,,,,,
YRK25193,30.83213344,-24.90376345,,,,,,,,,,,,,,,,,,,,
YRK25194,30.83325965,-24.90519731,,,,,,,,,,,,,,,,,,,,
YRK25195,30.82836333,-24.90406017,,,,,,,,,,,,,,,,,,,,
YRK25196,30.82971092,-24.90331542,,,,,,,,,,,,,,,,,,,,
YRK25197,30.82361542,-24.90592342,,,,,,,,,,,,,,,,,,,,
YRK25198,30.82145912,-24.90317989,,,,,,,,,,,,,,,,,,,,
YRK25199,30.82650368,-24.90415283,,,,,,,,,,,,,,,,,,,,
YRK25200,30.8149895,-24.89584476,,,,,,,,,,,,,,,,,,,,
YRK25201,30.81672455,-24.89908111,,,,,,,,,,,,,,,,,,,,
YRK25202,30.8129403,-24.89882822,,,,,,,,,,,,,,,,,,,,
YRK25203,30.8156677,-24.90285379,,,,,,,,,,,,,,,,,,,,
YRK25205,30.81059835,-24.90522469,,,,,,,,,,,,,,,,,,,,
YRK25206,30.81386039,-24.90704383,,,,,,,,,,,,,,,,,,,,
YRK25207,30.80874721,-24.90997895,,,,,,,,,,,,,,,,,,,,
YRK25209,30.80625065,-24.91487286,,,,,,,,,,,,,,,,,,,,
YRK25210,30.81567061,-24.91086951,,,,,,,,,,,,,,,,,,,,
YRK25211,30.81258215,-24.9171097,,,,,,,,,,,,,,,,,,,,
YRK25212,30.81099452,-24.91522669,,,,,,,,,,,,,,,,,,,,
YRK25213,30.81775294,-24.91701714,,,,,,,,,,,,,,,,,,,,
YRK25215,30.82560187,-24.91861724,,,,,,,,,,,,,,,,,,,,
YRK25216,30.82323236,-24.91491037,,,,,,,,,,,,,,,,,,,,
YRK25217,30.82290097,-24.91903012,,,,,,,,,,,,,,,,,,,,
YRK25218,30.82146244,-24.91261718,,,,,,,,,,,,,,,,,,,,
YRK25219,30.81831359,-24.91234434,,,,,,,,,,,,,,,,,,,,
YRK25220,30.82092801,-24.90736149,,,,,,,,,,,,,,,,,,,,
YRK25221,30.82334992,-24.90856878,,,,,,,,,,,,,,,,,,,,
YRK25222,30.82801019,-24.91208372,,,,,,,,,,,,,,,,,,,,
YRK25223,30.82934495,-24.90864967,,,,,,,,,,,,,,,,,,,,
YRK25224,30.83076257,-24.91189407,,,,,,,,,,,,,,,,,,,,
YRK25226,30.82548839,-24.91243297,,,,,,,,,,,,,,,,,,,,
YRK25228,30.8251933,-24.91576194,,,,,,,,,,,,,,,,,,,,
YRK25229,30.8315657,-24.91585949,,,,,,,,,,,,,,,,,,,,
YRK25230,30.83047967,-24.91829602,,,,,,,,,,,,,,,,,,,,
YRK25232,30.83655751,-24.91912768,,,,,,,,,,,,,,,,,,,,
YRK25233,30.8331341,-24.91447791,,,,,,,,,,,,,,,,,,,,
YRK25234,30.83666564,-24.92081459,,,,,,,,,,,,,,,,,,,,
YRK25235,30.83500719,-24.91109917,,,,,,,,,,,,,,,,,,,,
YRK25236,30.84140987,-24.92131473,,,,,,,,,,,,,,,,,,,,
YRK25239,30.83945517,-24.91139495,,,,,,,,,,,,,,,,,,,,
YRK25240,30.84134718,-24.91673467,,,,,,,,,,,,,,,,,,,,
YRK25241,30.83877909,-24.90558252,,,,,,,,,,,,,,,,,,,,
YRK25242,30.84098651,-24.90840308,,,,,,,,,,,,,,,,,,,,
YRK25243,30.83837163,-24.90871405,,,,,,,,,,,,,,,,,,,,
YRK25244,30.84207529,-24.90479232,,,,,,,,,,,,,,,,,,,,
YRK25245,30.83337384,-24.90588215,,,,,,,,,,,,,,,,,,,,
YRK25246,30.83522361,-24.90609712,,,,,,,,,,,,,,,,,,,,
YRK25247,30.83310955,-24.9079308,,,,,,,,,,,,,,,,,,,,
YRK25248,30.8351714,-24.90835041,,,,,,,,,,,,,,,,,,,,
YRK25249,30.84313434,-24.89832034,,,,,,,,,,,,,,,,,,,,
YRK25250,30.84332403,-24.90120742,,,,,,,,,,,,,,,,,,,,
YRK25251,30.84147698,-24.89630704,,,,,,,,,,,,,,,,,,,,
YRK25252,30.84346228,-24.90437264,,,,,,,,,,,,,,,,,,,,
YRK25253,30.81452702,-24.92142385,,,,,,,,,,,,,,,,,,,,
YRK25255,30.8111099,-24.91989814,,,,,,,,,,,,,,,,,,,,
YRK25256,30.82924231,-24.88289678,,,,,,,,,,,,,,,,,,,,
YRK25257,30.82602008,-24.88001907,,,,,,,,,,,,,,,,,,,,
YRK25258,30.82835694,-24.87979833,,,,,,,,,,,,,,,,,,,,
YRK25259,30.83081427,-24.88670627,,,,,,,,,,,,,,,,,,,,
YRK25260,30.82656826,-24.88802188,,,,,,,,,,,,,,,,,,,,
YRK25264,30.81976092,-24.88787598,,,,,,,,,,,,,,,,,,,,
YRK25265,30.82490236,-24.87818415,,,,,,,,,,,,,,,,,,,,
YRK25266,30.82178944,-24.8797703,,,,,,,,,,,,,,,,,,,,
YRK25267,30.81843198,-24.87701409,,,,,,,,,,,,,,,,,,,,
YRK25268,30.8206062,-24.88435675,,,,,,,,,,,,,,,,,,,,
YRK25269,30.82227191,-24.87671138,,,,,,,,,,,,,,,,,,,,
YRK25270,30.80678901,-24.88238104,,,,,,,,,,,,,,,,,,,,
YRK25272,30.80960507,-24.88775266,,,,,,,,,,,,,,,,,,,,
YRK25273,30.8135804,-24.88750505,,,,,,,,,,,,,,,,,,,,
YRK25275,30.81321886,-24.89320358,,,,,,,,,,,,,,,,,,,,
YRK25276,30.80948199,-24.89642184,,,,,,,,,,,,,,,,,,,,
YRK25277,30.80832046,-24.89201376,,,,,,,,,,,,,,,,,,,,
YRK25279,30.80675426,-24.89356528,,,,,,,,,,,,,,,,,,,,
YRK25280,30.80197376,-24.88620711,,,,,,,,,,,,,,,,,,,,
YRK25281,30.80415655,-24.87974096,,,,,,,,,,,,,,,,,,,,
YRK25282,30.80077695,-24.87874006,,,,,,,,,,,,,,,,,,,,
YRK25283,30.80064005,-24.87309895,,,,,,,,,,,,,,,,,,,,
YRK25284,30.80112203,-24.86983563,,,,,,,,,,,,,,,,,,,,
YRK25285,30.79515449,-24.86374479,,,,,,,,,,,,,,,,,,,,
YRK25286,30.79186097,-24.86401936,,,,,,,,,,,,,,,,,,,,
YRK25287,30.78794272,-24.85983124,,,,,,,,,,,,,,,,,,,,
YRK25288,30.78999577,-24.86492583,,,,,,,,,,,,,,,,,,,,
YRK25289,30.78993769,-24.86971993,,,,,,,,,,,,,,,,,,,,
YRK25290,30.79851069,-24.86948868,,,,,,,,,,,,,,,,,,,,
YRK25291,30.79651157,-24.87150763,,,,,,,,,,,,,,,,,,,,
YRK25292,30.79922211,-24.88028138,,,,,,,,,,,,,,,,,,,,
YRK25293,30.79711495,-24.87846331,,,,,,,,,,,,,,,,,,,,
YRK25296,30.7900135,-24.87806429,,,,,,,,,,,,,,,,,,,,
YRK25297,30.79503617,-24.87800826,,,,,,,,,,,,,,,,,,,,
YRK25298,30.79551346,-24.87390049,,,,,,,,,,,,,,,,,,,,
YRK25300,30.78543216,-24.88152761,,,,,,,,,,,,,,,,,,,,
YRK25302,30.78229026,-24.8864003,,,,,,,,,,,,,,,,,,,,
YRK25303,30.77506304,-24.88500164,,,,,,,,,,,,,,,,,,,,
YRK25304,30.77629621,-24.88214909,,,,,,,,,,,,,,,,,,,,
YRK25306,30.78168768,-24.87204203,,,,,,,,,,,,,,,,,,,,
YRK25307,30.77562477,-24.87597177,,,,,,,,,,,,,,,,,,,,
YRK25309,30.77272376,-24.88096903,,,,,,,,,,,,,,,,,,,,
YRK25310,30.77087859,-24.88304246,,,,,,,,,,,,,,,,,,,,
YRK25311,30.77600878,-24.88701736,,,,,,,,,,,,,,,,,,,,
YRK25312,30.77172426,-24.88851707,,,,,,,,,,,,,,,,,,,,
YRK25313,30.77067608,-24.88617709,,,,,,,,,,,,,,,,,,,,
YRK25314,30.81052029,-24.87090784,,,,,,,,,,,,,,,,,,,,
YRK25315,30.81382139,-24.87250096,,,,,,,,,,,,,,,,,,,,
YRK25316,30.81399018,-24.87752449,,,,,,,,,,,,,,,,,,,,
YRK25317,30.80999395,-24.87462823,,,,,,,,,,,,,,,,,,,,
YRK25318,30.81205832,-24.87402154,,,,,,,,,,,,,,,,,,,,
YRK25319,30.8078324,-24.87616975,,,,,,,,,,,,,,,,,,,,
YRK25320,30.80684078,-24.8716147,,,,,,,,,,,,,,,,,,,,
YRK25321,30.80236217,-24.87073627,,,,,,,,,,,,,,,,,,,,
YRK25325,30.78750588,-24.85679692,,,,,,,,,,,,,,,,,,,,
YRK25326,30.79516849,-24.85685042,,,,,,,,,,,,,,,,,,,,
YRK25329,30.80547421,-24.90409544,,,,,,,,,,,,,,,,,,,,
YRK25330,30.80675827,-24.90054705,,,,,,,,,,,,,,,,,,,,
YRK25331,30.80646268,-24.89735328,,,,,,,,,,,,,,,,,,,,
YRK25332,30.80484348,-24.89996471,,,,,,,,,,,,,,,,,,,,
YRK25333,30.8051645,-24.88619259,,,,,,,,,,,,,,,,,,,,
YRK25334,30.80473313,-24.90291525,,,,,,,,,,,,,,,,,,,,
YRK25335,30.80514375,-24.90124349,,,,,,,,,,,,,,,,,,,,
YRK25336,30.80936276,-24.90005655,,,,,,,,,,,,,,,,,,,,
YRK25337,30.802197,-24.89883537,,,,,,,,,,,,,,,,,,,,
YRK25338,30.80397106,-24.89444245,,,,,,,,,,,,,,,,,,,,
YRK25339,30.80194793,-24.89245927,,,,,,,,,,,,,,,,,,,,
YRK25340,30.80320574,-24.88664875,,,,,,,,,,,,,,,,,,,,
YRK25341,30.79970409,-24.88753934,,,,,,,,,,,,,,,,,,,,
YRK25342,30.79911862,-24.88905945,,,,,,,,,,,,,,,,,,,,
YRK25343,30.79484424,-24.88688478,,,,,,,,,,,,,,,,,,,,
YRK25344,30.79501204,-24.88415732,,,,,,,,,,,,,,,,,,,,
YRK25345,30.79328685,-24.88651723,,,,,,,,,,,,,,,,,,,,
YRK25346,30.79226387,-24.88304855,,,,,,,,,,,,,,,,,,,,
YRK25347,30.79798134,-24.8876917,,,,,,,,,,,,,,,,,,,,
YRK25348,30.79269838,-24.88916093,,,,,,,,,,,,,,,,,,,,
YRK25349,30.79338041,-24.8922025,,,,,,,,,,,,,,,,,,,,
YRK25351,30.79109792,-24.8920609,,,,,,,,,,,,,,,,,,,,
YRK25352,30.78993452,-24.88547238,,,,,,,,,,,,,,,,,,,,
YRK25353,30.7859314,-24.886418,,,,,,,,,,,,,,,,,,,,
YRK25354,30.77985729,-24.88936281,,,,,,,,,,,,,,,,,,,,
YRK25355,30.80212991,-24.90796668,,,,,,,,,,,,,,,,,,,,
YRK25356,30.80250154,-24.91160504,,,,,,,,,,,,,,,,,,,,
YRK25357,30.79868368,-24.9155416,,,,,,,,,,,,,,,,,,,,
YRK25358,30.78673446,-24.91349647,,,,,,,,,,,,,,,,,,,,
YRK25359,30.79217719,-24.91265395,,,,,,,,,,,,,,,,,,,,
YRK25360,30.79521151,-24.9089687,,,,,,,,,,,,,,,,,,,,
YRK25361,30.79698265,-24.91345118,,,,,,,,,,,,,,,,,,,,
YRK25362,30.79745252,-24.90498783,,,,,,,,,,,,,,,,,,,,
YRK25363,30.79444526,-24.90869019,,,,,,,,,,,,,,,,,,,,
YRK25364,30.78829621,-24.90787065,,,,,,,,,,,,,,,,,,,,
YRK25365,30.79403032,-24.90379699,,,,,,,,,,,,,,,,,,,,
YRK25366,30.79171024,-24.90645465,,,,,,,,,,,,,,,,,,,,
YRK25367,30.79158023,-24.90334541,,,,,,,,,,,,,,,,,,,,
YRK25368,30.79506413,-24.90635674,,,,,,,,,,,,,,,,,,,,
YRK25369,30.79502262,-24.90129295,,,,,,,,,,,,,,,,,,,,
YRK25370,30.79763839,-24.89918705,,,,,,,,,,,,,,,,,,,,
YRK25371,30.79153407,-24.89774616,,,,,,,,,,,,,,,,,,,,
YRK25372,30.78504932,-24.88905203,,,,,,,,,,,,,,,,,,,,
YRK25373,30.78678956,-24.8904074,,,,,,,,,,,,,,,,,,,,
YRK25374,30.77797141,-24.89296783,,,,,,,,,,,,,,,,,,,,
YRK25375,30.78356979,-24.89438523,,,,,,,,,,,,,,,,,,,,
YRK25376,30.7783197,-24.9011248,,,,,,,,,,,,,,,,,,,,
YRK25377,30.77971838,-24.8983957,,,,,,,,,,,,,,,,,,,,
YRK25378,30.77755518,-24.90364824,,,,,,,,,,,,,,,,,,,,
YRK25379,30.77261215,-24.90131902,,,,,,,,,,,,,,,,,,,,
YRK25380,30.76224131,-24.89879099,,,,,,,,,,,,,,,,,,,,
YRK25381,30.76804529,-24.90037688,,,,,,,,,,,,,,,,,,,,
YRK25382,30.76384555,-24.89654941,,,,,,,,,,,,,,,,,,,,
YRK25383,30.76879677,-24.89878744,,,,,,,,,,,,,,,,,,,,
YRK25384,30.76231744,-24.89028029,,,,,,,,,,,,,,,,,,,,
YRK25385,30.7643079,-24.89388392,,,,,,,,,,,,,,,,,,,,
YRK25386,30.76923478,-24.8965164,,,,,,,,,,,,,,,,,,,,
YRK25387,30.77355485,-24.89495458,,,,,,,,,,,,,,,,,,,,
YRK25388,30.77050647,-24.89271893,,,,,,,,,,,,,,,,,,,,
YRK25389,30.77446212,-24.89324115,,,,,,,,,,,,,,,,,,,,
YRK25390,30.77531502,-24.88917025,,,,,,,,,,,,,,,,,,,,
YRK25391,30.76872714,-24.88985717,,,,,,,,,,,,,,,,,,,,
YRK25392,30.78696915,-24.89889134,,,,,,,,,,,,,,,,,,,,
YRK25393,30.78570339,-24.90069124,,,,,,,,,,,,,,,,,,,,
YRK25394,30.7854222,-24.90290546,,,,,,,,,,,,,,,,,,,,
YRK25395,30.78486376,-24.90555637,,,,,,,,,,,,,,,,,,,,
YRK25396,30.78089452,-24.90519811,,,,,,,,,,,,,,,,,,,,
YRK25397,30.78344826,-24.90741326,,,,,,,,,,,,,,,,,,,,
YRK25398,30.78260611,-24.91034871,,,,,,,,,,,,,,,,,,,,
YRK25399,30.78241321,-24.91383193,,,,,,,,,,,,,,,,,,,,
YRK25400,30.77610624,-24.90595911,,,,,,,,,,,,,,,,,,,,
YRK25401,30.77721663,-24.90827581,,,,,,,,,,,,,,,,,,,,
YRK25402,30.77351094,-24.90701929,,,,,,,,,,,,,,,,,,,,
YRK25403,30.77196123,-24.90728781,,,,,,,,,,,,,,,,,,,,
YRK25404,30.77070122,-24.90380211,,,,,,,,,,,,,,,,,,,,
YRK25406,30.77468077,-24.91232752,,,,,,,,,,,,,,,,,,,,
YRK25407,30.77260332,-24.9144213,,,,,,,,,,,,,,,,,,,,
YRK25409,30.7722692,-24.91064749,,,,,,,,,,,,,,,,,,,,
YRK25410,30.7744699,-24.91705829,,,,,,,,,,,,,,,,,,,,
YRK25411,30.77800916,-24.92277427,,,,,,,,,,,,,,,,,,,,
YRK25412,30.77733227,-24.91867689,,,,,,,,,,,,,,,,,,,,
YRK25413,30.77832192,-24.92246326,,,,,,,,,,,,,,,,,,,,
YRK25414,30.75962908,-24.89908152,,,,,,,,,,,,,,,,,,,,
YRK25415,30.76357419,-24.90281386,,,,,,,,,,,,,,,,,,,,
YRK25416,30.76350575,-24.90115868,,,,,,,,,,,,,,,,,,,,
YRK25417,30.76863017,-24.9020589,,,,,,,,,,,,,,,,,,,,
YRK25418,30.77843542,-24.91159016,,,,,,,,,,,,,,,,,,,,
YRK25420,30.88812129,-24.79548163,,,,,,,,,,,,,,,,,,,,
YRK25421,30.88781161,-24.79318148,,,,,,,,,,,,,,,,,,,,
YRK25423,30.88836286,-24.78709575,,,,,,,,,,,,,,,,,,,,
YRK25427,30.8835691,-24.77964109,,,,,,,,,,,,,,,,,,,,
YRK25428,30.88011989,-24.79106075,,,,,,,,,,,,,,,,,,,,
YRK25429,30.87985167,-24.79450638,,,,,,,,,,,,,,,,,,,,
YRK25430,30.87810194,-24.78949345,,,,,,,,,,,,,,,,,,,,
YRK25431,30.8820402,-24.79725077,,,,,,,,,,,,,,,,,,,,
YRK25432,30.88057674,-24.78457972,,,,,,,,,,,,,,,,,,,,
YRK25437,30.88114811,-24.77997828,,,,,,,,,,,,,,,,,,,,
YRK25440,30.87240791,-24.76237255,,,,,,,,,,,,,,,,,,,,
YRK25441,30.87689176,-24.76736495,,,,,,,,,,,,,,,,,,,,
YRK25442,30.8696475,-24.75800762,,,,,,,,,,,,,,,,,,,,
YRK25443,30.86559842,-24.75338282,,,,,,,,,,,,,,,,,,,,
YRK25445,30.88253902,-24.78928749,,,,,,,,,,,,,,,,,,,,
YRK25446,30.87132249,-24.75798929,,,,,,,,,,,,,,,,,,,,
YRK25448,30.87560618,-24.79128713,,,,,,,,,,,,,,,,,,,,
YRK25449,30.870987,-24.78781909,,,,,,,,,,,,,,,,,,,,
YRK25450,30.87274693,-24.79189539,,,,,,,,,,,,,,,,,,,,
YRK25451,30.86954375,-24.78851511,,,,,,,,,,,,,,,,,,,,
YRK25452,30.86755378,-24.78838274,,,,,,,,,,,,,,,,,,,,
YRK25453,30.87145738,-24.79281291,,,,,,,,,,,,,,,,,,,,
YRK25454,30.86564661,-24.78053037,,,,,,,,,,,,,,,,,,,,
YRK25455,30.86736886,-24.78205245,,,,,,,,,,,,,,,,,,,,
YRK25457,30.86732229,-24.78493853,,,,,,,,,,,,,,,,,,,,
YRK25463,30.8698051,-24.77982584,,,,,,,,,,,,,,,,,,,,
YRK25464,30.86777311,-24.77785713,,,,,,,,,,,,,,,,,,,,
YRK25465,30.86525329,-24.77658674,,,,,,,,,,,,,,,,,,,,
YRK25466,30.86801102,-24.7745653,,,,,,,,,,,,,,,,,,,,
YRK25467,30.86406708,-24.76968192,,,,,,,,,,,,,,,,,,,,
YRK25469,30.86608348,-24.76677022,,,,,,,,,,,,,,,,,,,,
YRK25470,30.86787186,-24.77017118,,,,,,,,,,,,,,,,,,,,
YRK25471,30.86322714,-24.76154206,,,,,,,,,,,,,,,,,,,,
YRK25472,30.86132998,-24.76286682,,,,,,,,,,,,,,,,,,,,
YRK25473,30.85739499,-24.75604809,,,,,,,,,,,,,,,,,,,,
YRK25474,30.85975916,-24.75455925,,,,,,,,,,,,,,,,,,,,
YRK25475,30.85970322,-24.77107605,,,,,,,,,,,,,,,,,,,,
YRK25476,30.85636776,-24.77195511,,,,,,,,,,,,,,,,,,,,
YRK25477,30.85024467,-24.77042105,,,,,,,,,,,,,,,,,,,,
YRK25478,30.85605839,-24.76488665,,,,,,,,,,,,,,,,,,,,
YRK25480,30.85505833,-24.76812482,,,,,,,,,,,,,,,,,,,,
YRK25481,30.85867481,-24.76391379,,,,,,,,,,,,,,,,,,,,
YRK25482,30.85588849,-24.75796329,,,,,,,,,,,,,,,,,,,,
YRK25483,30.85368644,-24.7581076,,,,,,,,,,,,,,,,,,,,
YRK25484,30.85168403,-24.75908274,,,,,,,,,,,,,,,,,,,,
YRK25485,30.84952328,-24.76144733,,,,,,,,,,,,,,,,,,,,
YRK25486,30.84998815,-24.75954559,,,,,,,,,,,,,,,,,,,,
YRK25487,30.8472924,-24.76378094,,,,,,,,,,,,,,,,,,,,
YRK25488,30.8535133,-24.7631381,,,,,,,,,,,,,,,,,,,,
YRK25489,30.84645029,-24.76914817,,,,,,,,,,,,,,,,,,,,
YRK25490,30.85146909,-24.76642684,,,,,,,,,,,,,,,,,,,,
YRK25491,30.85217651,-24.76552453,,,,,,,,,,,,,,,,,,,,
YRK25492,30.84560414,-24.76739194,,,,,,,,,,,,,,,,,,,,
YRK25493,30.83962517,-24.77182772,,,,,,,,,,,,,,,,,,,,
YRK25494,30.84280522,-24.76600183,,,,,,,,,,,,,,,,,,,,
YRK25495,30.83969385,-24.767089,,,,,,,,,,,,,,,,,,,,
YRK25496,30.8440397,-24.76546612,,,,,,,,,,,,,,,,,,,,
YRK25497,30.84512114,-24.7760118,,,,,,,,,,,,,,,,,,,,
YRK25498,30.84929614,-24.77804462,,,,,,,,,,,,,,,,,,,,
YRK25499,30.84793888,-24.77773622,,,,,,,,,,,,,,,,,,,,
YRK25500,30.84768054,-24.77334785,,,,,,,,,,,,,,,,,,,,
YRK25501,30.84848322,-24.7750214,,,,,,,,,,,,,,,,,,,,
YRK25502,30.84220417,-24.77566208,,,,,,,,,,,,,,,,,,,,
YRK25503,30.84177633,-24.77181202,,,,,,,,,,,,,,,,,,,,
YRK25504,30.85261174,-24.77916961,,,,,,,,,,,,,,,,,,,,
YRK25505,30.86262624,-24.77341108,,,,,,,,,,,,,,,,,,,,
YRK25506,30.86194689,-24.77763118,,,,,,,,,,,,,,,,,,,,
YRK25507,30.86113302,-24.77491792,,,,,,,,,,,,,,,,,,,,
YRK25508,30.85815571,-24.77688583,,,,,,,,,,,,,,,,,,,,
YRK25510,30.85342833,-24.77363729,,,,,,,,,,,,,,,,,,,,
YRK25511,30.85647177,-24.77898903,,,,,,,,,,,,,,,,,,,,
YRK25512,30.86108808,-24.78533041,,,,,,,,,,,,,,,,,,,,
YRK25514,30.86287246,-24.78295571,,,,,,,,,,,,,,,,,,,,
YRK25516,30.86398195,-24.78694534,,,,,,,,,,,,,,,,,,,,
YRK25518,30.86554608,-24.79044858,,,,,,,,,,,,,,,,,,,,
YRK25520,30.86122397,-24.79106537,,,,,,,,,,,,,,,,,,,,
YRK25522,30.86433324,-24.79537659,,,,,,,,,,,,,,,,,,,,
YRK25523,30.8584543,-24.79604971,,,,,,,,,,,,,,,,,,,,
YRK25524,30.86058847,-24.79376318,,,,,,,,,,,,,,,,,,,,
YRK25525,30.86093151,-24.79775377,,,,,,,,,,,,,,,,,,,,
YRK25526,30.86674923,-24.79464131,,,,,,,,,,,,,,,,,,,,
YRK25527,30.86834016,-24.79466775,,,,,,,,,,,,,,,,,,,,
YRK25528,30.8699717,-24.79555451,,,,,,,,,,,,,,,,,,,,
YRK25529,30.86936947,-24.79719452,,,,,,,,,,,,,,,,,,,,
YRK25530,30.87126205,-24.79860117,,,,,,,,,,,,,,,,,,,,
YRK25531,30.86783982,-24.80053143,,,,,,,,,,,,,,,,,,,,
YRK25533,30.86441929,-24.79821858,,,,,,,,,,,,,,,,,,,,
YRK25535,30.86487673,-24.79991882,,,,,,,,,,,,,,,,,,,,
YRK25536,30.85827817,-24.80180347,,,,,,,,,,,,,,,,,,,,
YRK25537,30.8556603,-24.80105276,,,,,,,,,,,,,,,,,,,,
YRK25539,30.85318609,-24.79929245,,,,,,,,,,,,,,,,,,,,
YRK25540,30.84454046,-24.79960185,,,,,,,,,,,,,,,,,,,,
YRK25541,30.84697656,-24.80357664,,,,,,,,,,,,,,,,,,,,
YRK25542,30.84307641,-24.80087999,,,,,,,,,,,,,,,,,,,,
YRK25543,30.84156445,-24.80623104,,,,,,,,,,,,,,,,,,,,
YRK25544,30.84377716,-24.80570999,,,,,,,,,,,,,,,,,,,,
YRK25545,30.84345309,-24.80377317,,,,,,,,,,,,,,,,,,,,
YRK25546,30.84149517,-24.80502868,,,,,,,,,,,,,,,,,,,,
YRK25548,30.85536162,-24.79294715,,,,,,,,,,,,,,,,,,,,
YRK25549,30.85199223,-24.79282963,,,,,,,,,,,,,,,,,,,,
YRK25550,30.85527954,-24.79753799,,,,,,,,,,,,,,,,,,,,
YRK25551,30.84984795,-24.79403742,,,,,,,,,,,,,,,,,,,,
YRK25552,30.84740374,-24.79690616,,,,,,,,,,,,,,,,,,,,
YRK25553,30.84701511,-24.7911277,,,,,,,,,,,,,,,,,,,,
YRK25554,30.86003401,-24.78162096,,,,,,,,,,,,,,,,,,,,
YRK25555,30.85640527,-24.78851748,,,,,,,,,,,,,,,,,,,,
YRK25556,30.85616519,-24.78618665,,,,,,,,,,,,,,,,,,,,
YRK25557,30.84968017,-24.78995048,,,,,,,,,,,,,,,,,,,,
YRK25558,30.84535075,-24.79251348,,,,,,,,,,,,,,,,,,,,
YRK25559,30.84293693,-24.792057,,,,,,,,,,,,,,,,,,,,
YRK25560,30.84396479,-24.78971429,,,,,,,,,,,,,,,,,,,,
YRK25561,30.84519176,-24.78655469,,,,,,,,,,,,,,,,,,,,
YRK25562,30.84643125,-24.78505508,,,,,,,,,,,,,,,,,,,,
YRK25563,30.85345609,-24.7815073,,,,,,,,,,,,,,,,,,,,
YRK25564,30.85568889,-24.78293782,,,,,,,,,,,,,,,,,,,,
YRK25565,30.85730609,-24.78411416,,,,,,,,,,,,,,,,,,,,
YRK25566,30.84860344,-24.78163987,,,,,,,,,,,,,,,,,,,,
YRK25567,30.84587111,-24.7795244,,,,,,,,,,,,,,,,,,,,
YRK25568,30.84386939,-24.78048201,,,,,,,,,,,,,,,,,,,,
YRK25569,30.84871841,-24.78057762,,,,,,,,,,,,,,,,,,,,
YRK25570,30.84798122,-24.78248185,,,,,,,,,,,,,,,,,,,,
YRK25571,30.82557727,-24.88328457,,,,,,,,,,,,,,,,,,,,
YRK25572,30.83295029,-24.88732021,,,,,,,,,,,,,,,,,,,,
YRK25573,30.81865384,-24.88684594,,,,,,,,,,,,,,,,,,,,
YRK25574,30.81792139,-24.88124287,,,,,,,,,,,,,,,,,,,,
YRK25575,30.82031377,-24.87867897,,,,,,,,,,,,,,,,,,,,
YRK25576,30.81985427,-24.8764586,,,,,,,,,,,,,,,,,,,,
YRK25578,30.81092759,-24.88974296,,,,,,,,,,,,,,,,,,,,
YRK25579,30.80619451,-24.88756077,,,,,,,,,,,,,,,,,,,,
YRK25580,30.80079268,-24.88306209,,,,,,,,,,,,,,,,,,,,
YRK25581,30.8014247,-24.88243327,,,,,,,,,,,,,,,,,,,,
YRK25582,30.78294303,-24.86827194,,,,,,,,,,,,,,,,,,,,
YRK25583,30.78697577,-24.86984406,,,,,,,,,,,,,,,,,,,,
YRK25584,30.78393067,-24.8859358,,,,,,,,,,,,,,,,,,,,
YRK25585,30.77763447,-24.88325292,,,,,,,,,,,,,,,,,,,,
YRK25586,30.77903113,-24.88110912,,,,,,,,,,,,,,,,,,,,
YRK25587,30.77524697,-24.87937036,,,,,,,,,,,,,,,,,,,,
YRK25588,30.87251919,-24.79018357,,,,,,,,,,,,,,,,,,,,
YRK25589,30.87514646,-24.78117301,,,,,,,,,,,,,,,,,,,,
YRK25590,30.87451482,-24.78573435,,,,,,,,,,,,,,,,,,,,
YRK25591,30.86908328,-24.77837919,,,,,,,,,,,,,,,,,,,,
YRK25592,30.86394742,-24.77724424,,,,,,,,,,,,,,,,,,,,
YRK25593,30.86926851,-24.76929661,,,,,,,,,,,,,,,,,,,,
YRK25594,30.87085087,-24.77079815,,,,,,,,,,,,,,,,,,,,
YRK25595,30.86390427,-24.77636858,,,,,,,,,,,,,,,,,,,,
YRK25596,30.86850064,-24.76346239,,,,,,,,,,,,,,,,,,,,
YRK25597,30.87027522,-24.76231433,,,,,,,,,,,,,,,,,,,,
YRK25598,30.86258761,-24.75237413,,,,,,,,,,,,,,,,,,,,
YRK25599,30.86366244,-24.75047245,,,,,,,,,,,,,,,,,,,,
YRK25600,30.86508334,-24.74842249,,,,,,,,,,,,,,,,,,,,
YRK25601,30.86486515,-24.77878555,,,,,,,,,,,,,,,,,,,,
YRK25602,30.76547747,-24.8858328,,,,,,,,,,,,,,,,,,,,
YRK25603,30.77109051,-24.87982413,,,,,,,,,,,,,,,,,,,,
YRK25604,30.76665278,-24.89218982,,,,,,,,,,,,,,,,,,,,
YRK25605,30.81246024,-24.87302251,,,,,,,,,,,,,,,,,,,,
YRK25606,30.8086111,-24.8716303,,,,,,,,,,,,,,,,,,,,
YRK25607,30.81635258,-24.87771064,,,,,,,,,,,,,,,,,,,,
YRK25608,30.80691715,-24.8771953,,,,,,,,,,,,,,,,,,,,
YRK25609,30.79218346,-24.85137174,,,,,,,,,,,,,,,,,,,,
YRK25610,30.79090815,-24.85141355,,,,,,,,,,,,,,,,,,,,
YRK25611,30.79608214,-24.85638268,,,,,,,,,,,,,,,,,,,,
YRK25612,30.85416019,-24.7713785,,,,,,,,,,,,,,,,,,,,
YRK25613,30.85400735,-24.76666314,,,,,,,,,,,,,,,,,,,,
YRK25614,30.84964003,-24.76009689,,,,,,,,,,,,,,,,,,,,
YRK25615,30.84926598,-24.76289633,,,,,,,,,,,,,,,,,,,,
YRK25616,30.83745056,-24.76672309,,,,,,,,,,,,,,,,,,,,
YRK25617,30.84629522,-24.76394734,,,,,,,,,,,,,,,,,,,,
YRK25618,30.85384966,-24.77800269,,,,,,,,,,,,,,,,,,,,
YRK25619,30.84732926,-24.77598734,,,,,,,,,,,,,,,,,,,,
YRK25620,30.83720173,-24.88904553,,,,,,,,,,,,,,,,,,,,
YRK25621,30.84652769,-24.89091956,,,,,,,,,,,,,,,,,,,,
YRK25622,30.84710636,-24.89533708,,,,,,,,,,,,,,,,,,,,
YRK25624,30.86018023,-24.90004721,,,,,,,,,,,,,,,,,,,,
YRK25625,30.85851123,-24.90495551,,,,,,,,,,,,,,,,,,,,
YRK25626,30.85084322,-24.77459035,,,,,,,,,,,,,,,,,,,,
YRK25627,30.85142351,-24.77743561,,,,,,,,,,,,,,,,,,,,
YRK25628,30.86295547,-24.9067568,,,,,,,,,,,,,,,,,,,,
YRK25629,30.85970328,-24.89711269,,,,,,,,,,,,,,,,,,,,
YRK25630,30.85150338,-24.91120287,,,,,,,,,,,,,,,,,,,,
YRK25631,30.85440458,-24.91007283,,,,,,,,,,,,,,,,,,,,
YRK25632,30.84809809,-24.90775637,,,,,,,,,,,,,,,,,,,,
YRK25633,30.85018991,-24.89871768,,,,,,,,,,,,,,,,,,,,
YRK25634,30.84504412,-24.91172516,,,,,,,,,,,,,,,,,,,,
YRK25635,30.84412455,-24.90756696,,,,,,,,,,,,,,,,,,,,
YRK25636,30.84508492,-24.903937,,,,,,,,,,,,,,,,,,,,
YRK25637,30.84690479,-24.92121724,,,,,,,,,,,,,,,,,,,,
YRK25638,30.8462403,-24.91748565,,,,,,,,,,,,,,,,,,,,
YRK25639,30.85344794,-24.91901207,,,,,,,,,,,,,,,,,,,,
YRK25640,30.84987838,-24.91924214,,,,,,,,,,,,,,,,,,,,
YRK25641,30.80937616,-24.9040179,,,,,,,,,,,,,,,,,,,,
YRK25642,30.80555714,-24.89505045,,,,,,,,,,,,,,,,,,,,
YRK25643,30.80614601,-24.90720014,,,,,,,,,,,,,,,,,,,,
YRK25644,30.81301777,-24.90273992,,,,,,,,,,,,,,,,,,,,
YRK25645,30.80110267,-24.89685754,,,,,,,,,,,,,,,,,,,,
YRK25646,30.8001978,-24.89578857,,,,,,,,,,,,,,,,,,,,
YRK25647,30.80411587,-24.88995177,,,,,,,,,,,,,,,,,,,,
YRK25648,30.792045,-24.890607,,,,,,,,,,,,,,,,,,,,
YRK25650,30.80906978,-24.890423,,,,,,,,,,,,,,,,,,,,
YRK25651,30.7899313,-24.88715033,,,,,,,,,,,,,,,,,,,,
YRK25652,30.80274533,-24.90682206,,,,,,,,,,,,,,,,,,,,
YRK25653,30.80408441,-24.91191367,,,,,,,,,,,,,,,,,,,,
YRK25654,30.79707469,-24.91550034,,,,,,,,,,,,,,,,,,,,
YRK25655,30.79769518,-24.910278,,,,,,,,,,,,,,,,,,,,
YRK25656,30.79451776,-24.90614628,,,,,,,,,,,,,,,,,,,,
YRK25657,30.79944367,-24.90503307,,,,,,,,,,,,,,,,,,,,
YRK25658,30.79352619,-24.90100251,,,,,,,,,,,,,,,,,,,,
YRK25659,30.79605444,-24.89449046,,,,,,,,,,,,,,,,,,,,
YRK25660,30.78797122,-24.89456475,,,,,,,,,,,,,,,,,,,,
YRK25661,30.78557118,-24.88976929,,,,,,,,,,,,,,,,,,,,
YRK25662,30.77970161,-24.89304396,,,,,,,,,,,,,,,,,,,,
YRK25663,30.77703087,-24.89275719,,,,,,,,,,,,,,,,,,,,
YRK25664,30.7736118,-24.90210915,,,,,,,,,,,,,,,,,,,,
YRK25666,30.76998561,-24.89649167,,,,,,,,,,,,,,,,,,,,
YRK25667,30.77391662,-24.8912899,,,,,,,,,,,,,,,,,,,,
YRK25668,30.76754346,-24.89062171,,,,,,,,,,,,,,,,,,,,
YRK25669,30.78051049,-24.896197,,,,,,,,,,,,,,,,,,,,
YRK25670,30.78057904,-24.91100352,,,,,,,,,,,,,,,,,,,,
YRK25671,30.77688111,-24.92159717,,,,,,,,,,,,,,,,,,,,
YRK25672,30.85901112,-24.78200471,,,,,,,,,,,,,,,,,,,,
YRK25673,30.85807046,-24.78556584,,,,,,,,,,,,,,,,,,,,
YRK25674,30.86031094,-24.79726808,,,,,,,,,,,,,,,,,,,,
YRK25675,30.85903501,-24.80286586,,,,,,,,,,,,,,,,,,,,
YRK25676,30.85961506,-24.80199504,,,,,,,,,,,,,,,,,,,,
YRK25677,30.84710152,-24.8009947,,,,,,,,,,,,,,,,,,,,
YRK25678,30.84109993,-24.79946625,,,,,,,,,,,,,,,,,,,,
YRK25679,30.82658977,-24.80205118,,,,,,,,,,,,,,,,,,,,
YRK25680,30.85696623,-24.79687144,,,,,,,,,,,,,,,,,,,,
YRK25681,30.85480173,-24.79311745,,,,,,,,,,,,,,,,,,,,
YRK25682,30.84861998,-24.79506643,,,,,,,,,,,,,,,,,,,,
YRK25683,30.85466155,-24.79039014,,,,,,,,,,,,,,,,,,,,
YRK25684,30.84250628,-24.78711783,,,,,,,,,,,,,,,,,,,,
YRK25685,30.85665524,-24.78182615,,,,,,,,,,,,,,,,,,,,
YRK25686,30.85241778,-24.78128266,,,,,,,,,,,,,,,,,,,,
YRK25687,30.82596203,-24.89274592,,,,,,,,,,,,,,,,,,,,
YRK25688,30.83560024,-24.89596277,,,,,,,,,,,,,,,,,,,,
YRK25689,30.83171757,-24.89470246,,,,,,,,,,,,,,,,,,,,
YRK25690,30.83630588,-24.90129291,,,,,,,,,,,,,,,,,,,,
YRK25691,30.83881194,-24.90110924,,,,,,,,,,,,,,,,,,,,
YRK25692,30.82122266,-24.90620675,,,,,,,,,,,,,,,,,,,,
YRK25693,30.82533355,-24.90510364,,,,,,,,,,,,,,,,,,,,
YRK25694,30.81452518,-24.89921871,,,,,,,,,,,,,,,,,,,,
YRK25696,30.81758638,-24.91362186,,,,,,,,,,,,,,,,,,,,
YRK25697,30.82536769,-24.91563741,,,,,,,,,,,,,,,,,,,,
YRK25698,30.81969586,-24.90866499,,,,,,,,,,,,,,,,,,,,
YRK25699,30.82181571,-24.90872515,,,,,,,,,,,,,,,,,,,,
YRK25700,30.82499743,-24.90141887,,,,,,,,,,,,,,,,,,,,
YRK25701,30.82992469,-24.90626098,,,,,,,,,,,,,,,,,,,,
YRK25702,30.83806374,-24.89549166,,,,,,,,,,,,,,,,,,,,
YRK25703,30.83448723,-24.91765313,,,,,,,,,,,,,,,,,,,,
YRK25705,30.76807444,-24.90704276,,,,,,,,,,,,,,,,,,,,
YRK25706,30.77005955,-24.91197617,,,,,,,,,,,,,,,,,,,,
YRK25707,30.77385526,-24.91351571,,,,,,,,,,,,,,,,,,,,
YRK25709,30.76801044,-24.90161343,,,,,,,,,,,,,,,,,,,,
YRK25710,30.76447323,-24.90270141,,,,,,,,,,,,,,,,,,,,
YRK25711,30.84768,-24.78577049,,,,,,,,,,,,,,,,,,,,
YRK25712,30.85202266,-24.77856645,,,,,,,,,,,,,,,,,,,,
YRK25713,30.76735924,-24.90408804,,,,,,,,,,,,,,,,,,,,
YRK25714,30.84253796,-24.9211211,,,,,,,,,,,,,,,,,,,,
YRK25715,30.83607012,-24.90452199,,,,,,,,,,,,,,,,,,,,
YRK25716,30.84123645,-24.90568534,,,,,,,,,,,,,,,,,,,,
YRK25717,30.83926973,-24.91722901,,,,,,,,,,,,,,,,,,,,
YRK25718,30.84077712,-24.90311025,,,,,,,,,,,,,,,,,,,,
YRK25719,30.83677363,-24.90864824,,,,,,,,,,,,,,,,,,,,
YRK25720,30.8412976,-24.89973705,,,,,,,,,,,,,,,,,,,,
YRK25721,30.84313377,-24.90314875,,,,,,,,,,,,,,,,,,,,
YRK25722,30.84249468,-24.9011897,,,,,,,,,,,,,,,,,,,,
YRK25723,30.84303935,-24.89630002,,,,,,,,,,,,,,,,,,,,
YRK25724,30.81117957,-24.90739831,,,,,,,,,,,,,,,,,,,,
YRK25725,30.81243495,-24.92040927,,,,,,,,,,,,,,,,,,,,
YRK25726,30.88568183,-24.7915564,,,,,,,,,,,,,,,,,,,,
YRK25727,30.88466594,-24.79474091,,,,,,,,,,,,,,,,,,,,
YRK25728,30.87896152,-24.78505497,,,,,,,,,,,,,,,,,,,,
YRK25729,30.88291685,-24.79435714,,,,,,,,,,,,,,,,,,,,
YRK25731,30.87917708,-24.77601274,,,,,,,,,,,,,,,,,,,,
YRK25732,30.88917009,-24.78054438,,,,,,,,,,,,,,,,,,,,
YRK25733,30.8824269,-24.77558367,,,,,,,,,,,,,,,,,,,,
YRK26707,30.76952266,-24.97915307,,,,,,,,,,,,,,,,,,,,
YRK26708,30.76684319,-24.98399444,,,,,,,,,,,,,,,,,,,,
YRK26709,30.76856961,-24.98431642,,,,,,,,,,,,,,,,,,,,
YRK26710,30.76670056,-24.97758761,,,,,,,,,,,,,,,,,,,,
YRK26711,30.76426226,-24.98416214,,,,,,,,,,,,,,,,,,,,
YRK26712,30.76397697,-24.97823153,,,,,,,,,,,,,,,,,,,,
YRK26713,30.7617885,-24.98123163,,,,,,,,,,,,,,,,,,,,
YRK26714,30.75809611,-24.98041728,,,,,,,,,,,,,,,,,,,,
YRK26715,30.75812486,-24.97274442,,,,,,,,,,,,,,,,,,,,
YRK26716,30.75930699,-24.97643586,,,,,,,,,,,,,,,,,,,,
YRK26718,30.75976175,-24.96985632,,,,,,,,,,,,,,,,,,,,
YRK26720,30.7542012,-24.97177964,,,,,,,,,,,,,,,,,,,,
YRK26721,30.75516842,-24.97737827,,,,,,,,,,,,,,,,,,,,
YRK26722,30.75415172,-24.98118292,,,,,,,,,,,,,,,,,,,,
YRK26723,30.7511049,-24.97916437,,,,,,,,,,,,,,,,,,,,
YRK26724,30.75140179,-24.97621368,,,,,,,,,,,,,,,,,,,,
YRK26725,30.75284451,-24.9757663,,,,,,,,,,,,,,,,,,,,
YRK26727,30.75587915,-24.97267586,,,,,,,,,,,,,,,,,,,,
YRK26728,30.75236316,-24.96910344,,,,,,,,,,,,,,,,,,,,
YRK26730,30.75912442,-24.96556101,,,,,,,,,,,,,,,,,,,,
YRK26731,30.75351664,-24.9654813,,,,,,,,,,,,,,,,,,,,
YRK26732,30.75130472,-24.96627576,,,,,,,,,,,,,,,,,,,,
YRK26733,30.74801106,-24.96428965,,,,,,,,,,,,,,,,,,,,
YRK26734,30.74354406,-24.96797694,,,,,,,,,,,,,,,,,,,,
YRK26735,30.74628189,-24.96806163,,,,,,,,,,,,,,,,,,,,
YRK26736,30.75136703,-24.97338715,,,,,,,,,,,,,,,,,,,,
YRK26737,30.74992719,-24.97678882,,,,,,,,,,,,,,,,,,,,
YRK26738,30.74493345,-24.97553915,,,,,,,,,,,,,,,,,,,,
YRK26739,30.74073827,-24.9760278,,,,,,,,,,,,,,,,,,,,
YRK26740,30.73893697,-24.97429235,,,,,,,,,,,,,,,,,,,,
YRK26741,30.73782798,-24.96959016,,,,,,,,,,,,,,,,,,,,
YRK26742,30.73998492,-24.96717108,,,,,,,,,,,,,,,,,,,,
YRK26746,30.77555793,-24.95694484,,,,,,,,,,,,,,,,,,,,
YRK26747,30.7785011,-24.94498234,,,,,,,,,,,,,,,,,,,,
YRK26748,30.78301245,-24.94096649,,,,,,,,,,,,,,,,,,,,
YRK26749,30.76269615,-24.946276,,,,,,,,,,,,,,,,,,,,
YRK26750,30.78543903,-24.9432346,,,,,,,,,,,,,,,,,,,,
YRK26751,30.7835804,-24.93880984,,,,,,,,,,,,,,,,,,,,
YRK26752,30.78096175,-24.94474048,,,,,,,,,,,,,,,,,,,,
YRK26753,30.7822304,-24.94762971,,,,,,,,,,,,,,,,,,,,
YRK26754,30.78505311,-24.94792567,,,,,,,,,,,,,,,,,,,,
YRK26755,30.78420121,-24.94557287,,,,,,,,,,,,,,,,,,,,
YRK26756,30.78740522,-24.95373992,,,,,,,,,,,,,,,,,,,,
YRK26757,30.77254342,-24.9455523,,,,,,,,,,,,,,,,,,,,
YRK26758,30.77813562,-24.94996049,,,,,,,,,,,,,,,,,,,,
YRK26759,30.7785273,-24.95339583,,,,,,,,,,,,,,,,,,,,
YRK26762,30.78503972,-24.95481894,,,,,,,,,,,,,,,,,,,,
YRK26763,30.78806424,-24.95539129,,,,,,,,,,,,,,,,,,,,
YRK26764,30.78759662,-24.95951175,,,,,,,,,,,,,,,,,,,,
YRK26765,30.78597534,-24.95955817,,,,,,,,,,,,,,,,,,,,
YRK26766,30.78395543,-24.95672795,,,,,,,,,,,,,,,,,,,,
YRK26767,30.78261244,-24.95834109,,,,,,,,,,,,,,,,,,,,
YRK26768,30.78388774,-24.96182421,,,,,,,,,,,,,,,,,,,,
YRK26769,30.7801543,-24.96000629,,,,,,,,,,,,,,,,,,,,
YRK26771,30.78095285,-24.9550213,,,,,,,,,,,,,,,,,,,,
YRK26772,30.77829222,-24.95844448,,,,,,,,,,,,,,,,,,,,
YRK26773,30.773893,-24.95614281,,,,,,,,,,,,,,,,,,,,
YRK26775,30.7744313,-24.95292644,,,,,,,,,,,,,,,,,,,,
YRK26776,30.77342659,-24.94777388,,,,,,,,,,,,,,,,,,,,
YRK26777,30.76868159,-24.95186743,,,,,,,,,,,,,,,,,,,,
YRK26778,30.76592796,-24.95072683,,,,,,,,,,,,,,,,,,,,
YRK26779,30.76597151,-24.95888416,,,,,,,,,,,,,,,,,,,,
YRK26780,30.76568619,-24.95635014,,,,,,,,,,,,,,,,,,,,
YRK26781,30.76848445,-24.9610182,,,,,,,,,,,,,,,,,,,,
YRK26782,30.76873182,-24.96349502,,,,,,,,,,,,,,,,,,,,
YRK26783,30.76576576,-24.9638257,,,,,,,,,,,,,,,,,,,,
YRK26784,30.77083148,-24.960478,,,,,,,,,,,,,,,,,,,,
YRK26786,30.77601195,-24.96886101,,,,,,,,,,,,,,,,,,,,
YRK26787,30.78611959,-24.96226651,,,,,,,,,,,,,,,,,,,,
YRK26788,30.78551136,-24.96477908,,,,,,,,,,,,,,,,,,,,
YRK26789,30.7813841,-24.96894289,,,,,,,,,,,,,,,,,,,,
YRK26790,30.78239221,-24.96584118,,,,,,,,,,,,,,,,,,,,
YRK26791,30.78123863,-24.96350233,,,,,,,,,,,,,,,,,,,,
YRK26792,30.78463994,-24.96715355,,,,,,,,,,,,,,,,,,,,
YRK26793,30.783331,-24.96872529,,,,,,,,,,,,,,,,,,,,
YRK26795,30.78359055,-24.97221877,,,,,,,,,,,,,,,,,,,,
YRK26796,30.78333419,-24.97391275,,,,,,,,,,,,,,,,,,,,
YRK26799,30.78069488,-24.9793757,,,,,,,,,,,,,,,,,,,,
YRK26800,30.77928513,-24.98331944,,,,,,,,,,,,,,,,,,,,
YRK26801,30.77416854,-24.9812469,,,,,,,,,,,,,,,,,,,,
YRK26802,30.77615861,-24.98073888,,,,,,,,,,,,,,,,,,,,
YRK26803,30.77803625,-24.97611323,,,,,,,,,,,,,,,,,,,,
YRK26804,30.77281139,-24.97490293,,,,,,,,,,,,,,,,,,,,
YRK26805,30.77506635,-24.97341422,,,,,,,,,,,,,,,,,,,,
YRK26807,30.77154429,-24.96778084,,,,,,,,,,,,,,,,,,,,
YRK26808,30.76715323,-24.96641417,,,,,,,,,,,,,,,,,,,,
YRK26809,30.76982327,-24.96997684,,,,,,,,,,,,,,,,,,,,
YRK26810,30.7640165,-24.96575691,,,,,,,,,,,,,,,,,,,,
YRK26811,30.7639872,-24.97111778,,,,,,,,,,,,,,,,,,,,
YRK26813,30.76735541,-24.97036781,,,,,,,,,,,,,,,,,,,,
YRK26814,30.76955866,-24.97265139,,,,,,,,,,,,,,,,,,,,
YRK26815,30.76629302,-24.97145593,,,,,,,,,,,,,,,,,,,,
YRK26816,30.75785183,-24.96204419,,,,,,,,,,,,,,,,,,,,
YRK26817,30.76279993,-24.95885435,,,,,,,,,,,,,,,,,,,,
YRK26818,30.76060878,-24.95743957,,,,,,,,,,,,,,,,,,,,
YRK26819,30.75717415,-24.95791708,,,,,,,,,,,,,,,,,,,,
YRK26820,30.7610651,-24.95464649,,,,,,,,,,,,,,,,,,,,
YRK26822,30.75976465,-24.94803243,,,,,,,,,,,,,,,,,,,,
YRK26823,30.75756232,-24.94913785,,,,,,,,,,,,,,,,,,,,
YRK26824,30.75688886,-24.9540268,,,,,,,,,,,,,,,,,,,,
YRK26825,30.75313101,-24.95382196,,,,,,,,,,,,,,,,,,,,
YRK26826,30.75269226,-24.95859914,,,,,,,,,,,,,,,,,,,,
YRK26827,30.74799698,-24.9590277,,,,,,,,,,,,,,,,,,,,
YRK26828,30.74588866,-24.95616377,,,,,,,,,,,,,,,,,,,,
YRK26831,30.74831809,-24.95320152,,,,,,,,,,,,,,,,,,,,
YRK26832,30.75606514,-24.94596836,,,,,,,,,,,,,,,,,,,,
YRK26833,30.7545807,-24.9442873,,,,,,,,,,,,,,,,,,,,
YRK26834,30.75421213,-24.94260856,,,,,,,,,,,,,,,,,,,,
YRK26835,30.75279909,-24.93941023,,,,,,,,,,,,,,,,,,,,
YRK26836,30.76069687,-24.94055836,,,,,,,,,,,,,,,,,,,,
YRK26837,30.76072334,-24.93807223,,,,,,,,,,,,,,,,,,,,
YRK26838,30.75314872,-24.93498855,,,,,,,,,,,,,,,,,,,,
YRK26839,30.75066116,-24.93421505,,,,,,,,,,,,,,,,,,,,
YRK26840,30.75376808,-24.93646652,,,,,,,,,,,,,,,,,,,,
YRK26841,30.75700659,-24.93424147,,,,,,,,,,,,,,,,,,,,
YRK26844,30.75605034,-24.93174031,,,,,,,,,,,,,,,,,,,,
YRK26845,30.75061443,-24.93143026,,,,,,,,,,,,,,,,,,,,
YRK26846,30.74875445,-24.92995392,,,,,,,,,,,,,,,,,,,,
YRK26848,30.74005965,-24.94211584,,,,,,,,,,,,,,,,,,,,
YRK26849,30.74355963,-24.93668166,,,,,,,,,,,,,,,,,,,,
YRK26850,30.7417359,-24.9400233,,,,,,,,,,,,,,,,,,,,
YRK26851,30.73551346,-24.9382677,,,,,,,,,,,,,,,,,,,,
YRK26853,30.72897113,-24.93025468,,,,,,,,,,,,,,,,,,,,
YRK26855,30.72801375,-24.93327078,,,,,,,,,,,,,,,,,,,,
YRK26857,30.73656243,-24.92958851,,,,,,,,,,,,,,,,,,,,
YRK26858,30.7313454,-24.93337388,,,,,,,,,,,,,,,,,,,,
YRK26859,30.73578688,-24.93442255,,,,,,,,,,,,,,,,,,,,
YRK26860,30.73910351,-24.93547507,,,,,,,,,,,,,,,,,,,,
YRK26861,30.74514455,-24.93485404,,,,,,,,,,,,,,,,,,,,
YRK26862,30.74384363,-24.93191148,,,,,,,,,,,,,,,,,,,,
YRK26863,30.74114065,-24.91968866,,,,,,,,,,,,,,,,,,,,
YRK26864,30.74273207,-24.92073032,,,,,,,,,,,,,,,,,,,,
YRK26865,30.74401393,-24.92777902,,,,,,,,,,,,,,,,,,,,
YRK26866,30.74162865,-24.92838627,,,,,,,,,,,,,,,,,,,,
YRK26867,30.74040745,-24.92325524,,,,,,,,,,,,,,,,,,,,
YRK26868,30.73684715,-24.91807207,,,,,,,,,,,,,,,,,,,,
YRK26869,30.73630108,-24.92584383,,,,,,,,,,,,,,,,,,,,
YRK26870,30.73106894,-24.9265668,,,,,,,,,,,,,,,,,,,,
YRK26871,30.73138095,-24.92348553,,,,,,,,,,,,,,,,,,,,
YRK26872,30.7318571,-24.91984372,,,,,,,,,,,,,,,,,,,,
YRK26874,30.7280051,-24.96888795,,,,,,,,,,,,,,,,,,,,
YRK26876,30.7301268,-24.97165416,,,,,,,,,,,,,,,,,,,,
YRK26877,30.73015937,-24.96835777,,,,,,,,,,,,,,,,,,,,
YRK26879,30.73134535,-24.96816853,,,,,,,,,,,,,,,,,,,,
YRK26880,30.73521854,-24.96627837,,,,,,,,,,,,,,,,,,,,
YRK26882,30.72882378,-24.96311534,,,,,,,,,,,,,,,,,,,,
YRK26883,30.73226472,-24.96282642,,,,,,,,,,,,,,,,,,,,
YRK26884,30.72364272,-24.96482456,,,,,,,,,,,,,,,,,,,,
YRK26885,30.72520679,-24.95933656,,,,,,,,,,,,,,,,,,,,
YRK26887,30.72464419,-24.96174826,,,,,,,,,,,,,,,,,,,,
YRK26889,30.73201399,-24.95877926,,,,,,,,,,,,,,,,,,,,
YRK26890,30.73552279,-24.95832745,,,,,,,,,,,,,,,,,,,,
YRK26891,30.73814594,-24.95801964,,,,,,,,,,,,,,,,,,,,
YRK26892,30.7408417,-24.96049873,,,,,,,,,,,,,,,,,,,,
YRK26893,30.73998383,-24.96014171,,,,,,,,,,,,,,,,,,,,
YRK26894,30.73988446,-24.95798756,,,,,,,,,,,,,,,,,,,,
YRK26895,30.72895678,-24.95611247,,,,,,,,,,,,,,,,,,,,
YRK26896,30.74033194,-24.95201893,,,,,,,,,,,,,,,,,,,,
YRK26897,30.73935918,-24.95463718,,,,,,,,,,,,,,,,,,,,
YRK26898,30.7375436,-24.95295415,,,,,,,,,,,,,,,,,,,,
YRK26899,30.73838251,-24.94884202,,,,,,,,,,,,,,,,,,,,
YRK26900,30.73392459,-24.95328404,,,,,,,,,,,,,,,,,,,,
YRK26901,30.7252689,-24.95218874,,,,,,,,,,,,,,,,,,,,
YRK26904,30.72738355,-24.94751976,,,,,,,,,,,,,,,,,,,,
YRK26905,30.73371092,-24.94754389,,,,,,,,,,,,,,,,,,,,
YRK26906,30.72761559,-24.94488152,,,,,,,,,,,,,,,,,,,,
YRK26908,30.72961159,-24.94250326,,,,,,,,,,,,,,,,,,,,
YRK26911,30.73563809,-24.94327344,,,,,,,,,,,,,,,,,,,,
YRK26913,30.74127111,-24.94570885,,,,,,,,,,,,,,,,,,,,
YRK26914,30.74669597,-24.94991457,,,,,,,,,,,,,,,,,,,,
YRK26916,30.78164068,-24.93429862,,,,,,,,,,,,,,,,,,,,
YRK26917,30.7785075,-24.93193634,,,,,,,,,,,,,,,,,,,,
YRK26918,30.77794511,-24.93401892,,,,,,,,,,,,,,,,,,,,
YRK26919,30.77940671,-24.93570477,,,,,,,,,,,,,,,,,,,,
YRK26920,30.77494349,-24.93509535,,,,,,,,,,,,,,,,,,,,
YRK26921,30.77565302,-24.94057236,,,,,,,,,,,,,,,,,,,,
YRK26922,30.76798629,-24.94490861,,,,,,,,,,,,,,,,,,,,
YRK26923,30.76464649,-24.94233518,,,,,,,,,,,,,,,,,,,,
YRK26924,30.76689701,-24.94384869,,,,,,,,,,,,,,,,,,,,
YRK26925,30.7709015,-24.93951156,,,,,,,,,,,,,,,,,,,,
YRK26926,30.77325644,-24.93651522,,,,,,,,,,,,,,,,,,,,
YRK26927,30.76954338,-24.93605642,,,,,,,,,,,,,,,,,,,,
YRK26929,30.76606819,-24.93749947,,,,,,,,,,,,,,,,,,,,
YRK26930,30.76350854,-24.93230514,,,,,,,,,,,,,,,,,,,,
YRK26931,30.76189805,-24.93072919,,,,,,,,,,,,,,,,,,,,
YRK26932,30.76880276,-24.93366777,,,,,,,,,,,,,,,,,,,,
YRK26933,30.76681211,-24.93136002,,,,,,,,,,,,,,,,,,,,
YRK26934,30.77170176,-24.93067048,,,,,,,,,,,,,,,,,,,,
YRK26937,30.77266906,-24.92873885,,,,,,,,,,,,,,,,,,,,
YRK26938,30.76136681,-24.92626695,,,,,,,,,,,,,,,,,,,,
YRK26940,30.75640885,-24.92694685,,,,,,,,,,,,,,,,,,,,
YRK26942,30.75529977,-24.92737391,,,,,,,,,,,,,,,,,,,,
YRK26945,30.76092053,-24.92995136,,,,,,,,,,,,,,,,,,,,
YRK26946,30.75328356,-24.92892142,,,,,,,,,,,,,,,,,,,,
YRK26947,30.75108319,-24.9271717,,,,,,,,,,,,,,,,,,,,
YRK26948,30.74997211,-24.92622086,,,,,,,,,,,,,,,,,,,,
YRK26949,30.75110049,-24.92413399,,,,,,,,,,,,,,,,,,,,
YRK26952,30.7520287,-24.92105853,,,,,,,,,,,,,,,,,,,,
YRK26953,30.74652792,-24.92142887,,,,,,,,,,,,,,,,,,,,
YRK26954,30.74807418,-24.9203419,,,,,,,,,,,,,,,,,,,,
YRK26955,30.71738171,-24.97428327,,,,,,,,,,,,,,,,,,,,
YRK26956,30.71967892,-24.97348932,,,,,,,,,,,,,,,,,,,,
YRK26957,30.72042381,-24.97542365,,,,,,,,,,,,,,,,,,,,
YRK26958,30.72561431,-24.97308214,,,,,,,,,,,,,,,,,,,,
YRK26959,30.72512254,-24.97538144,,,,,,,,,,,,,,,,,,,,
YRK26960,30.72603119,-24.97692516,,,,,,,,,,,,,,,,,,,,
YRK26961,30.72542328,-24.98950292,,,,,,,,,,,,,,,,,,,,
YRK26963,30.72917363,-24.97861408,,,,,,,,,,,,,,,,,,,,
YRK26964,30.72202058,-24.98149228,,,,,,,,,,,,,,,,,,,,
YRK26965,30.72214054,-24.98894461,,,,,,,,,,,,,,,,,,,,
YRK26966,30.71950124,-24.98496965,,,,,,,,,,,,,,,,,,,,
YRK26967,30.71626097,-24.98735034,,,,,,,,,,,,,,,,,,,,
YRK26968,30.71476172,-24.99076363,,,,,,,,,,,,,,,,,,,,
YRK26969,30.71178772,-24.9943439,,,,,,,,,,,,,,,,,,,,
YRK26970,30.71725603,-24.99605884,,,,,,,,,,,,,,,,,,,,
YRK26972,30.72084709,-25.00002847,,,,,,,,,,,,,,,,,,,,
YRK26973,30.71684825,-24.99912931,,,,,,,,,,,,,,,,,,,,
YRK26974,30.71111712,-24.99925404,,,,,,,,,,,,,,,,,,,,
YRK26975,30.71269423,-25.00354392,,,,,,,,,,,,,,,,,,,,
YRK26976,30.71305619,-25.00577451,,,,,,,,,,,,,,,,,,,,
YRK26977,30.70449335,-25.00427754,,,,,,,,,,,,,,,,,,,,
YRK26978,30.70556255,-25.00990433,,,,,,,,,,,,,,,,,,,,
YRK26979,30.70878463,-25.01063866,,,,,,,,,,,,,,,,,,,,
YRK26980,30.70656317,-25.01573961,,,,,,,,,,,,,,,,,,,,
YRK26981,30.7034864,-25.01485756,,,,,,,,,,,,,,,,,,,,
YRK26982,30.73856371,-24.97874432,,,,,,,,,,,,,,,,,,,,
YRK26983,30.73530188,-24.98111664,,,,,,,,,,,,,,,,,,,,
YRK26984,30.73091936,-24.98622946,,,,,,,,,,,,,,,,,,,,
YRK26985,30.73362338,-24.98619954,,,,,,,,,,,,,,,,,,,,
YRK26986,30.73807191,-24.98431357,,,,,,,,,,,,,,,,,,,,
YRK26987,30.73651889,-24.98797509,,,,,,,,,,,,,,,,,,,,
YRK26988,30.74321207,-24.98005187,,,,,,,,,,,,,,,,,,,,
YRK26989,30.74190402,-24.98341844,,,,,,,,,,,,,,,,,,,,
YRK26990,30.74453104,-24.98245559,,,,,,,,,,,,,,,,,,,,
YRK26991,30.74810754,-24.98309955,,,,,,,,,,,,,,,,,,,,
YRK26992,30.74781738,-24.98731084,,,,,,,,,,,,,,,,,,,,
YRK26993,30.74850531,-24.98989779,,,,,,,,,,,,,,,,,,,,
YRK26994,30.74558153,-24.98989563,,,,,,,,,,,,,,,,,,,,
YRK26995,30.74302237,-24.99009339,,,,,,,,,,,,,,,,,,,,
YRK26997,30.74141645,-24.98880406,,,,,,,,,,,,,,,,,,,,
YRK26998,30.74435302,-24.9871268,,,,,,,,,,,,,,,,,,,,
YRK26999,30.75229222,-24.98612511,,,,,,,,,,,,,,,,,,,,
YRK27000,30.75489942,-24.98562755,,,,,,,,,,,,,,,,,,,,
YRK27002,30.76315916,-24.9861245,,,,,,,,,,,,,,,,,,,,
YRK27003,30.75966954,-24.98896282,,,,,,,,,,,,,,,,,,,,
YRK27004,30.75836708,-24.99136162,,,,,,,,,,,,,,,,,,,,
YRK27005,30.75518329,-24.99135944,,,,,,,,,,,,,,,,,,,,
YRK27006,30.73023715,-24.99051579,,,,,,,,,,,,,,,,,,,,
YRK27007,30.73329997,-24.99187152,,,,,,,,,,,,,,,,,,,,
YRK27008,30.73428907,-24.99529666,,,,,,,,,,,,,,,,,,,,
YRK27009,30.73656228,-24.99179342,,,,,,,,,,,,,,,,,,,,
YRK27010,30.73760172,-24.99678792,,,,,,,,,,,,,,,,,,,,
YRK27011,30.73991494,-24.99588077,,,,,,,,,,,,,,,,,,,,
YRK27012,30.74179074,-24.99278237,,,,,,,,,,,,,,,,,,,,
YRK27013,30.7429278,-24.99919668,,,,,,,,,,,,,,,,,,,,
YRK27014,30.7432176,-24.99630981,,,,,,,,,,,,,,,,,,,,
YRK27015,30.74733695,-24.99182658,,,,,,,,,,,,,,,,,,,,
YRK27016,30.74779687,-24.99377447,,,,,,,,,,,,,,,,,,,,
YRK27017,30.74773585,-24.99687643,,,,,,,,,,,,,,,,,,,,
YRK27018,30.75396609,-24.99630488,,,,,,,,,,,,,,,,,,,,
YRK27019,30.72417401,-25.00487217,,,,,,,,,,,,,,,,,,,,
YRK27020,30.72635966,-25.00483764,,,,,,,,,,,,,,,,,,,,
YRK27021,30.7295715,-25.00230634,,,,,,,,,,,,,,,,,,,,
YRK27022,30.72722385,-25.00051373,,,,,,,,,,,,,,,,,,,,
YRK27023,30.73089225,-24.99921511,,,,,,,,,,,,,,,,,,,,
YRK27024,30.72971202,-24.99693442,,,,,,,,,,,,,,,,,,,,
YRK27025,30.73294791,-25.00228166,,,,,,,,,,,,,,,,,,,,
YRK27026,30.7334703,-25.0001229,,,,,,,,,,,,,,,,,,,,
YRK27027,30.73575603,-25.00033463,,,,,,,,,,,,,,,,,,,,
YRK27028,30.73512871,-25.00229211,,,,,,,,,,,,,,,,,,,,
YRK27029,30.73793862,-25.0015461,,,,,,,,,,,,,,,,,,,,
YRK27030,30.73538044,-25.00336435,,,,,,,,,,,,,,,,,,,,
YRK27031,30.7389149,-25.00327637,,,,,,,,,,,,,,,,,,,,
YRK27032,30.7430618,-25.00268224,,,,,,,,,,,,,,,,,,,,
YRK27033,30.74576501,-25.00109082,,,,,,,,,,,,,,,,,,,,
YRK27034,30.73099104,-25.00793919,,,,,,,,,,,,,,,,,,,,
YRK27035,30.73230909,-25.00647242,,,,,,,,,,,,,,,,,,,,
YRK27036,30.73193979,-25.00428802,,,,,,,,,,,,,,,,,,,,
YRK27037,30.73915196,-25.00520409,,,,,,,,,,,,,,,,,,,,
YRK27038,30.74105037,-25.0082899,,,,,,,,,,,,,,,,,,,,
YRK27039,30.73798979,-25.00916224,,,,,,,,,,,,,,,,,,,,
YRK27040,30.73661259,-25.01180224,,,,,,,,,,,,,,,,,,,,
YRK27041,30.74099618,-25.0142789,,,,,,,,,,,,,,,,,,,,
YRK27042,30.74450899,-25.01365072,,,,,,,,,,,,,,,,,,,,
YRK27043,30.74562207,-25.01602262,,,,,,,,,,,,,,,,,,,,
YRK27044,30.74659474,-25.01084371,,,,,,,,,,,,,,,,,,,,
YRK27045,30.74795848,-25.00737151,,,,,,,,,,,,,,,,,,,,
YRK27046,30.74825461,-25.00121124,,,,,,,,,,,,,,,,,,,,
YRK27047,30.7509015,-25.00152063,,,,,,,,,,,,,,,,,,,,
YRK27048,30.74966048,-25.00594519,,,,,,,,,,,,,,,,,,,,
YRK27049,30.75235986,-25.01018579,,,,,,,,,,,,,,,,,,,,
YRK27050,30.74888859,-25.01459374,,,,,,,,,,,,,,,,,,,,
YRK27051,30.75424197,-25.0066257,,,,,,,,,,,,,,,,,,,,
YRK27052,30.75384026,-25.00351829,,,,,,,,,,,,,,,,,,,,
YRK27053,30.75279962,-25.00236364,,,,,,,,,,,,,,,,,,,,
YRK27054,30.76300439,-25.00234074,,,,,,,,,,,,,,,,,,,,
YRK27055,30.7569751,-25.00228735,,,,,,,,,,,,,,,,,,,,
YRK27056,30.7596313,-25.00332359,,,,,,,,,,,,,,,,,,,,
YRK27057,30.75569052,-25.00393945,,,,,,,,,,,,,,,,,,,,
YRK27058,30.76375426,-25.00462492,,,,,,,,,,,,,,,,,,,,
YRK27059,30.76030467,-25.00923465,,,,,,,,,,,,,,,,,,,,
YRK27060,30.69783531,-24.98933597,,,,,,,,,,,,,,,,,,,,
YRK27061,30.69758972,-24.99203771,,,,,,,,,,,,,,,,,,,,
YRK27062,30.7029896,-24.9902521,,,,,,,,,,,,,,,,,,,,
YRK27063,30.69713593,-24.99622986,,,,,,,,,,,,,,,,,,,,
YRK27064,30.69941373,-24.98612256,,,,,,,,,,,,,,,,,,,,
YRK27065,30.70181236,-24.98488377,,,,,,,,,,,,,,,,,,,,
YRK27066,30.70712359,-24.98359871,,,,,,,,,,,,,,,,,,,,
YRK27068,30.71239163,-24.98639691,,,,,,,,,,,,,,,,,,,,
YRK27069,30.70535806,-24.98640778,,,,,,,,,,,,,,,,,,,,
YRK27070,30.70745527,-24.99067013,,,,,,,,,,,,,,,,,,,,
YRK27071,30.70799837,-24.99214697,,,,,,,,,,,,,,,,,,,,
YRK27072,30.7092182,-24.99298737,,,,,,,,,,,,,,,,,,,,
YRK27073,30.70729043,-24.99739356,,,,,,,,,,,,,,,,,,,,
YRK27074,30.70358054,-24.99370609,,,,,,,,,,,,,,,,,,,,
YRK27075,30.70026485,-25.00155046,,,,,,,,,,,,,,,,,,,,
YRK27076,30.69671322,-25.00356117,,,,,,,,,,,,,,,,,,,,
YRK27077,30.69778733,-25.00693087,,,,,,,,,,,,,,,,,,,,
YRK27078,30.70689329,-25.00234927,,,,,,,,,,,,,,,,,,,,
YRK27079,30.69525669,-25.0027102,,,,,,,,,,,,,,,,,,,,
YRK27080,30.69296317,-25.00369181,,,,,,,,,,,,,,,,,,,,
YRK27081,30.694735,-25.01159736,,,,,,,,,,,,,,,,,,,,
YRK27082,30.69703919,-25.01025291,,,,,,,,,,,,,,,,,,,,
YRK27083,30.69898747,-25.0100002,,,,,,,,,,,,,,,,,,,,
YRK27084,30.7018708,-25.00636704,,,,,,,,,,,,,,,,,,,,
YRK27085,30.69774455,-25.01306366,,,,,,,,,,,,,,,,,,,,
YRK27086,30.69875912,-25.01678335,,,,,,,,,,,,,,,,,,,,
YRK27087,30.71840895,-25.0138868,,,,,,,,,,,,,,,,,,,,
YRK27088,30.71321621,-25.01655582,,,,,,,,,,,,,,,,,,,,
YRK27089,30.71563999,-25.01359269,,,,,,,,,,,,,,,,,,,,
YRK27090,30.71459575,-25.00984264,,,,,,,,,,,,,,,,,,,,
YRK27091,30.70998075,-25.01933484,,,,,,,,,,,,,,,,,,,,
YRK27092,30.70923411,-25.0173235,,,,,,,,,,,,,,,,,,,,
YRK27093,30.7105935,-25.02205356,,,,,,,,,,,,,,,,,,,,
YRK27094,30.71502345,-25.02170307,,,,,,,,,,,,,,,,,,,,
YRK27095,30.71734892,-25.02167855,,,,,,,,,,,,,,,,,,,,
YRK27096,30.71645169,-25.0253392,,,,,,,,,,,,,,,,,,,,
YRK27097,30.7124602,-25.02442582,,,,,,,,,,,,,,,,,,,,
YRK27098,30.70982128,-25.0289623,,,,,,,,,,,,,,,,,,,,
YRK27099,30.70440163,-25.02297099,,,,,,,,,,,,,,,,,,,,
YRK27100,30.70041855,-25.02203419,,,,,,,,,,,,,,,,,,,,
YRK27101,30.70541048,-25.02674023,,,,,,,,,,,,,,,,,,,,
YRK27102,30.70234925,-25.02003139,,,,,,,,,,,,,,,,,,,,
YRK27103,30.69525649,-25.02469467,,,,,,,,,,,,,,,,,,,,
YRK27104,30.69408072,-25.02241862,,,,,,,,,,,,,,,,,,,,
YRK27105,30.70331206,-25.02543078,,,,,,,,,,,,,,,,,,,,
YRK27106,30.69758702,-25.02454923,,,,,,,,,,,,,,,,,,,,
YRK27107,30.700703,-25.0274263,,,,,,,,,,,,,,,,,,,,
YRK27108,30.70716329,-25.02850025,,,,,,,,,,,,,,,,,,,,
YRK27109,30.69972627,-25.03144394,,,,,,,,,,,,,,,,,,,,
YRK27110,30.69573359,-25.03295638,,,,,,,,,,,,,,,,,,,,
YRK27111,30.69473604,-25.03671538,,,,,,,,,,,,,,,,,,,,
YRK27112,30.69384221,-25.03715677,,,,,,,,,,,,,,,,,,,,
YRK27113,30.69458753,-25.03467334,,,,,,,,,,,,,,,,,,,,
YRK27114,30.69766223,-25.04070444,,,,,,,,,,,,,,,,,,,,
YRK27115,30.70045353,-25.03752844,,,,,,,,,,,,,,,,,,,,
YRK27116,30.70444001,-25.03318293,,,,,,,,,,,,,,,,,,,,
YRK27117,30.70335517,-25.0362741,,,,,,,,,,,,,,,,,,,,
YRK27118,30.70309418,-25.0396085,,,,,,,,,,,,,,,,,,,,
YRK27119,30.70055965,-25.04215138,,,,,,,,,,,,,,,,,,,,
YRK27120,30.70468239,-25.04488603,,,,,,,,,,,,,,,,,,,,
YRK27121,30.70551601,-25.04322258,,,,,,,,,,,,,,,,,,,,
YRK27122,30.7054915,-25.03858011,,,,,,,,,,,,,,,,,,,,
YRK27123,30.70727088,-25.03840715,,,,,,,,,,,,,,,,,,,,
YRK27124,30.71199066,-25.0360673,,,,,,,,,,,,,,,,,,,,
YRK27125,30.71192035,-25.04162833,,,,,,,,,,,,,,,,,,,,
YRK27126,30.72222065,-25.01270098,,,,,,,,,,,,,,,,,,,,
YRK27127,30.72341464,-25.01726338,,,,,,,,,,,,,,,,,,,,
YRK27128,30.72561186,-25.0187015,,,,,,,,,,,,,,,,,,,,
YRK27129,30.72415158,-25.01358039,,,,,,,,,,,,,,,,,,,,
YRK27130,30.72507412,-25.01029426,,,,,,,,,,,,,,,,,,,,
YRK27131,30.72769147,-25.01422097,,,,,,,,,,,,,,,,,,,,
YRK27132,30.7286162,-25.01964936,,,,,,,,,,,,,,,,,,,,
YRK27133,30.73056065,-25.01924712,,,,,,,,,,,,,,,,,,,,
YRK27134,30.72906268,-25.01758031,,,,,,,,,,,,,,,,,,,,
YRK27135,30.731376,-25.01463288,,,,,,,,,,,,,,,,,,,,
YRK27136,30.73180412,-25.01742977,,,,,,,,,,,,,,,,,,,,
YRK27137,30.73298981,-25.01361451,,,,,,,,,,,,,,,,,,,,
YRK27138,30.73360502,-25.01691462,,,,,,,,,,,,,,,,,,,,
YRK27140,30.73369572,-25.02225725,,,,,,,,,,,,,,,,,,,,
YRK27141,30.73333382,-25.02672056,,,,,,,,,,,,,,,,,,,,
YRK27142,30.73284371,-25.02988077,,,,,,,,,,,,,,,,,,,,
YRK27143,30.73786282,-25.03149227,,,,,,,,,,,,,,,,,,,,
YRK27145,30.74261914,-25.02768449,,,,,,,,,,,,,,,,,,,,
YRK27146,30.73882488,-25.02318865,,,,,,,,,,,,,,,,,,,,
YRK27147,30.73671033,-25.02443878,,,,,,,,,,,,,,,,,,,,
YRK27148,30.74161896,-25.02564685,,,,,,,,,,,,,,,,,,,,
YRK27149,30.73819413,-25.02203189,,,,,,,,,,,,,,,,,,,,
YRK27150,30.74273764,-25.02233597,,,,,,,,,,,,,,,,,,,,
YRK27151,30.74548155,-25.02546287,,,,,,,,,,,,,,,,,,,,
YRK27152,30.74238186,-25.01991369,,,,,,,,,,,,,,,,,,,,
YRK27153,30.7379317,-25.01989927,,,,,,,,,,,,,,,,,,,,
YRK27154,30.73790625,-25.01771851,,,,,,,,,,,,,,,,,,,,
YRK27155,30.73026306,-25.02786467,,,,,,,,,,,,,,,,,,,,
YRK27156,30.73144591,-25.03203328,,,,,,,,,,,,,,,,,,,,
YRK27157,30.73479668,-25.03253887,,,,,,,,,,,,,,,,,,,,
YRK27158,30.7653769,-24.9880813,,,,,,,,,,,,,,,,,,,,
YRK27159,30.76455567,-24.99058293,,,,,,,,,,,,,,,,,,,,
YRK27160,30.76633621,-24.99172389,,,,,,,,,,,,,,,,,,,,
YRK27161,30.7632592,-24.98935938,,,,,,,,,,,,,,,,,,,,
YRK27163,30.76565787,-24.99281186,,,,,,,,,,,,,,,,,,,,
YRK27164,30.76229698,-24.98996928,,,,,,,,,,,,,,,,,,,,
YRK27166,30.76292573,-24.99193438,,,,,,,,,,,,,,,,,,,,
YRK27167,30.76428116,-24.99341719,,,,,,,,,,,,,,,,,,,,
YRK27168,30.76449478,-24.99667049,,,,,,,,,,,,,,,,,,,,
YRK27169,30.75986586,-24.99301875,,,,,,,,,,,,,,,,,,,,
YRK27170,30.77026585,-24.9990332,,,,,,,,,,,,,,,,,,,,
YRK27171,30.76822471,-24.9982764,,,,,,,,,,,,,,,,,,,,
YRK27172,30.76513237,-24.99642695,,,,,,,,,,,,,,,,,,,,
YRK27173,30.76863189,-24.99974803,,,,,,,,,,,,,,,,,,,,
YRK27174,30.72161988,-25.02184818,,,,,,,,,,,,,,,,,,,,
YRK27175,30.72006117,-25.02704189,,,,,,,,,,,,,,,,,,,,
YRK27176,30.71788497,-25.0316994,,,,,,,,,,,,,,,,,,,,
YRK27177,30.71925511,-25.03381208,,,,,,,,,,,,,,,,,,,,
YRK27178,30.72201168,-25.03149535,,,,,,,,,,,,,,,,,,,,
YRK27179,30.72415982,-25.03258632,,,,,,,,,,,,,,,,,,,,
YRK27180,30.72437542,-25.0276833,,,,,,,,,,,,,,,,,,,,
YRK27181,30.72402646,-25.02200603,,,,,,,,,,,,,,,,,,,,
YRK27182,30.72614456,-25.02377509,,,,,,,,,,,,,,,,,,,,
YRK27183,30.72882044,-25.02480479,,,,,,,,,,,,,,,,,,,,
YRK27184,30.82159982,-25.02262742,,,,,,,,,,,,,,,,,,,,
YRK27185,30.82328999,-25.02716959,,,,,,,,,,,,,,,,,,,,
YRK27186,30.82554716,-25.01708059,,,,,,,,,,,,,,,,,,,,
YRK27187,30.82249431,-25.03351822,,,,,,,,,,,,,,,,,,,,
YRK27188,30.82391196,-25.03597646,,,,,,,,,,,,,,,,,,,,
YRK27189,30.82831483,-25.02662818,,,,,,,,,,,,,,,,,,,,
YRK27190,30.8260814,-25.02856703,,,,,,,,,,,,,,,,,,,,
YRK27191,30.8271996,-25.02997897,,,,,,,,,,,,,,,,,,,,
YRK27192,30.82864339,-25.02051577,,,,,,,,,,,,,,,,,,,,
YRK27193,30.82380384,-25.01839062,,,,,,,,,,,,,,,,,,,,
YRK27194,30.82416754,-25.02122265,,,,,,,,,,,,,,,,,,,,
YRK27195,30.82741991,-25.01827123,,,,,,,,,,,,,,,,,,,,
YRK27196,30.83224973,-25.02500355,,,,,,,,,,,,,,,,,,,,
YRK27197,30.8324138,-25.02067333,,,,,,,,,,,,,,,,,,,,
YRK27199,30.83913105,-25.02130374,,,,,,,,,,,,,,,,,,,,
YRK27200,30.83919203,-25.02738016,,,,,,,,,,,,,,,,,,,,
YRK27201,30.83580808,-25.02546653,,,,,,,,,,,,,,,,,,,,
YRK27202,30.84338072,-25.02479758,,,,,,,,,,,,,,,,,,,,
YRK27203,30.8420002,-25.02926246,,,,,,,,,,,,,,,,,,,,
YRK27204,30.83611239,-25.02748503,,,,,,,,,,,,,,,,,,,,
YRK27205,30.83663898,-25.0297555,,,,,,,,,,,,,,,,,,,,
YRK27206,30.83205794,-25.02780566,,,,,,,,,,,,,,,,,,,,
YRK27207,30.82986944,-25.03293555,,,,,,,,,,,,,,,,,,,,
YRK27208,30.82765642,-25.03146698,,,,,,,,,,,,,,,,,,,,
YRK27209,30.82702316,-25.03440887,,,,,,,,,,,,,,,,,,,,
YRK27210,30.82909379,-25.03453246,,,,,,,,,,,,,,,,,,,,
YRK27211,30.82759317,-25.03531144,,,,,,,,,,,,,,,,,,,,
YRK27212,30.83146356,-25.03271881,,,,,,,,,,,,,,,,,,,,
YRK27213,30.83192962,-25.03530567,,,,,,,,,,,,,,,,,,,,
YRK27214,30.83211976,-25.03320018,,,,,,,,,,,,,,,,,,,,
YRK27215,30.83191357,-25.03653894,,,,,,,,,,,,,,,,,,,,
YRK27216,30.83094022,-25.02990093,,,,,,,,,,,,,,,,,,,,
YRK27217,30.83678456,-25.03190649,,,,,,,,,,,,,,,,,,,,
YRK27218,30.84220025,-25.03238876,,,,,,,,,,,,,,,,,,,,
YRK27219,30.84135941,-25.03579379,,,,,,,,,,,,,,,,,,,,
YRK27220,30.83728113,-25.03492916,,,,,,,,,,,,,,,,,,,,
YRK27221,30.84488141,-25.03612551,,,,,,,,,,,,,,,,,,,,
YRK27222,30.84121943,-25.03949485,,,,,,,,,,,,,,,,,,,,
YRK27223,30.83900625,-25.03858381,,,,,,,,,,,,,,,,,,,,
YRK27224,30.83489291,-25.03571547,,,,,,,,,,,,,,,,,,,,
YRK27225,30.83126557,-25.03945424,,,,,,,,,,,,,,,,,,,,
YRK27226,30.83162272,-25.03759077,,,,,,,,,,,,,,,,,,,,
YRK27227,30.83334661,-25.03736083,,,,,,,,,,,,,,,,,,,,
YRK27228,30.83450062,-25.03806425,,,,,,,,,,,,,,,,,,,,
YRK27229,30.83542622,-25.04049859,,,,,,,,,,,,,,,,,,,,
YRK27230,30.82786502,-25.04192456,,,,,,,,,,,,,,,,,,,,
YRK27232,30.83012323,-25.04192017,,,,,,,,,,,,,,,,,,,,
YRK27233,30.82766461,-25.03888277,,,,,,,,,,,,,,,,,,,,
YRK27234,30.82429538,-25.04685201,,,,,,,,,,,,,,,,,,,,
YRK27235,30.82126982,-25.03249688,,,,,,,,,,,,,,,,,,,,
YRK27236,30.82186942,-25.04214057,,,,,,,,,,,,,,,,,,,,
YRK27237,30.8198128,-25.05317483,,,,,,,,,,,,,,,,,,,,
YRK27238,30.82038146,-25.04851856,,,,,,,,,,,,,,,,,,,,
YRK27239,30.82553513,-25.04222758,,,,,,,,,,,,,,,,,,,,
YRK27240,30.81952126,-25.05464156,,,,,,,,,,,,,,,,,,,,
YRK27241,30.8250825,-25.04082487,,,,,,,,,,,,,,,,,,,,
YRK27242,30.82370418,-25.05002794,,,,,,,,,,,,,,,,,,,,
YRK27243,30.82549717,-25.04873676,,,,,,,,,,,,,,,,,,,,
YRK27244,30.82588966,-25.04503725,,,,,,,,,,,,,,,,,,,,
YRK27246,30.82957556,-25.05789067,,,,,,,,,,,,,,,,,,,,
YRK27247,30.8272435,-25.057629,,,,,,,,,,,,,,,,,,,,
YRK27248,30.82669953,-25.05257694,,,,,,,,,,,,,,,,,,,,
YRK27249,30.82882911,-25.05096279,,,,,,,,,,,,,,,,,,,,
YRK27250,30.83041423,-25.04555606,,,,,,,,,,,,,,,,,,,,
YRK27251,30.8298468,-25.04852904,,,,,,,,,,,,,,,,,,,,
YRK27252,30.83540307,-25.04687383,,,,,,,,,,,,,,,,,,,,
YRK27253,30.83346084,-25.04649846,,,,,,,,,,,,,,,,,,,,
YRK27254,30.83731028,-25.04408246,,,,,,,,,,,,,,,,,,,,
YRK27255,30.8326043,-25.05503275,,,,,,,,,,,,,,,,,,,,
YRK27256,30.83455299,-25.05574507,,,,,,,,,,,,,,,,,,,,
YRK27257,30.83285027,-25.06048586,,,,,,,,,,,,,,,,,,,,
YRK27258,30.83854843,-25.05894873,,,,,,,,,,,,,,,,,,,,
YRK27260,30.83791576,-25.04675099,,,,,,,,,,,,,,,,,,,,
YRK27261,30.83665972,-25.05515256,,,,,,,,,,,,,,,,,,,,
YRK27262,30.83936765,-25.05490353,,,,,,,,,,,,,,,,,,,,
YRK27263,30.83798128,-25.05139382,,,,,,,,,,,,,,,,,,,,
YRK27264,30.83872109,-25.04306651,,,,,,,,,,,,,,,,,,,,
YRK27265,30.84821516,-25.05361625,,,,,,,,,,,,,,,,,,,,
YRK27266,30.84503631,-25.05701669,,,,,,,,,,,,,,,,,,,,
YRK27267,30.84123012,-25.06071143,,,,,,,,,,,,,,,,,,,,
YRK27271,30.82577855,-25.06143783,,,,,,,,,,,,,,,,,,,,
YRK27272,30.84532842,-25.05413992,,,,,,,,,,,,,,,,,,,,
YRK27273,30.8414126,-25.05607943,,,,,,,,,,,,,,,,,,,,
YRK27274,30.84688062,-25.02482746,,,,,,,,,,,,,,,,,,,,
YRK27275,30.85170567,-25.02486731,,,,,,,,,,,,,,,,,,,,
YRK27276,30.86149339,-25.02602581,,,,,,,,,,,,,,,,,,,,
YRK27277,30.85435705,-25.02697816,,,,,,,,,,,,,,,,,,,,
YRK27278,30.84696887,-25.02807804,,,,,,,,,,,,,,,,,,,,
YRK27279,30.84730363,-25.02976507,,,,,,,,,,,,,,,,,,,,
YRK27280,30.84850582,-25.03313118,,,,,,,,,,,,,,,,,,,,
YRK27281,30.85332903,-25.03099169,,,,,,,,,,,,,,,,,,,,
YRK27282,30.85552813,-25.02899414,,,,,,,,,,,,,,,,,,,,
YRK27283,30.85934193,-25.03014939,,,,,,,,,,,,,,,,,,,,
YRK27284,30.86344203,-25.02716241,,,,,,,,,,,,,,,,,,,,
YRK27285,30.86398264,-25.02875676,,,,,,,,,,,,,,,,,,,,
YRK27286,30.85084993,-25.02287452,,,,,,,,,,,,,,,,,,,,
YRK27288,30.8527188,-25.03225064,,,,,,,,,,,,,,,,,,,,
YRK27289,30.8457057,-25.03374482,,,,,,,,,,,,,,,,,,,,
YRK27290,30.84996323,-25.03345993,,,,,,,,,,,,,,,,,,,,
YRK27291,30.86197514,-25.0312001,,,,,,,,,,,,,,,,,,,,
YRK27292,30.860851,-25.03666415,,,,,,,,,,,,,,,,,,,,
YRK27293,30.85890828,-25.03675975,,,,,,,,,,,,,,,,,,,,
YRK27294,30.85931283,-25.03452081,,,,,,,,,,,,,,,,,,,,
YRK27295,30.85870202,-25.0324258,,,,,,,,,,,,,,,,,,,,
YRK27296,30.85686454,-25.03543961,,,,,,,,,,,,,,,,,,,,
YRK27297,30.85250709,-25.03712683,,,,,,,,,,,,,,,,,,,,
YRK27298,30.84588082,-25.03868759,,,,,,,,,,,,,,,,,,,,
YRK27299,30.85328751,-25.04007576,,,,,,,,,,,,,,,,,,,,
YRK27300,30.85528768,-25.04267576,,,,,,,,,,,,,,,,,,,,
YRK27301,30.85317143,-25.04380328,,,,,,,,,,,,,,,,,,,,
YRK27302,30.84089792,-25.04428244,,,,,,,,,,,,,,,,,,,,
YRK27303,30.848773,-25.04118194,,,,,,,,,,,,,,,,,,,,
YRK27304,30.85031167,-25.04474077,,,,,,,,,,,,,,,,,,,,
YRK27305,30.84623725,-25.04612525,,,,,,,,,,,,,,,,,,,,
YRK27306,30.84842279,-25.04857655,,,,,,,,,,,,,,,,,,,,
YRK27307,30.77333332,-25.07064792,,,,,,,,,,,,,,,,,,,,
YRK27312,30.77066708,-25.07414693,,,,,,,,,,,,,,,,,,,,
YRK27313,30.7667078,-25.07331408,,,,,,,,,,,,,,,,,,,,
YRK27314,30.7655516,-25.06924752,,,,,,,,,,,,,,,,,,,,
YRK27315,30.76213119,-25.07334459,,,,,,,,,,,,,,,,,,,,
YRK27316,30.75729674,-25.06923183,,,,,,,,,,,,,,,,,,,,
YRK27317,30.76023577,-25.07135128,,,,,,,,,,,,,,,,,,,,
YRK27318,30.75903184,-25.07329996,,,,,,,,,,,,,,,,,,,,
YRK27319,30.75580856,-25.07000269,,,,,,,,,,,,,,,,,,,,
YRK27320,30.75545416,-25.0736295,,,,,,,,,,,,,,,,,,,,
YRK27321,30.75400161,-25.07185694,,,,,,,,,,,,,,,,,,,,
YRK27324,30.73400316,-24.98843199,,,,,,,,,,,,,,,,,,,,
YRK27325,30.73822946,-24.98003679,,,,,,,,,,,,,,,,,,,,
YRK27326,30.73744996,-24.98211374,,,,,,,,,,,,,,,,,,,,
YRK27327,30.74775251,-24.98834194,,,,,,,,,,,,,,,,,,,,
YRK27328,30.74716356,-24.99025133,,,,,,,,,,,,,,,,,,,,
YRK27329,30.75411532,-24.98509088,,,,,,,,,,,,,,,,,,,,
YRK27330,30.73989249,-24.99210447,,,,,,,,,,,,,,,,,,,,
YRK27332,30.7439625,-24.9929957,,,,,,,,,,,,,,,,,,,,
YRK27333,30.75240932,-24.99887899,,,,,,,,,,,,,,,,,,,,
YRK27334,30.71600708,-25.0504474,,,,,,,,,,,,,,,,,,,,
YRK27335,30.72371403,-25.01602705,,,,,,,,,,,,,,,,,,,,
YRK27336,30.72591494,-25.02867643,,,,,,,,,,,,,,,,,,,,
YRK27337,30.75077269,-24.9477186,,,,,,,,,,,,,,,,,,,,
YRK27338,30.74866455,-24.94659254,,,,,,,,,,,,,,,,,,,,
YRK27339,30.76253487,-24.93960724,,,,,,,,,,,,,,,,,,,,
YRK27340,30.75293093,-24.93937227,,,,,,,,,,,,,,,,,,,,
YRK27341,30.74881436,-24.93641865,,,,,,,,,,,,,,,,,,,,
YRK27342,30.75544469,-24.92907352,,,,,,,,,,,,,,,,,,,,
YRK27343,30.7517707,-24.93497193,,,,,,,,,,,,,,,,,,,,
YRK27344,30.75460005,-24.93306303,,,,,,,,,,,,,,,,,,,,
YRK27345,30.74823713,-24.93311609,,,,,,,,,,,,,,,,,,,,
YRK27346,30.73380535,-24.94179121,,,,,,,,,,,,,,,,,,,,
YRK27347,30.74511522,-24.93894951,,,,,,,,,,,,,,,,,,,,
YRK27348,30.74148751,-24.94003052,,,,,,,,,,,,,,,,,,,,
YRK27349,30.72916844,-24.93322816,,,,,,,,,,,,,,,,,,,,
YRK27350,30.74724548,-24.93928991,,,,,,,,,,,,,,,,,,,,
YRK27351,30.74866301,-24.94183738,,,,,,,,,,,,,,,,,,,,
YRK27352,30.74665695,-24.92872615,,,,,,,,,,,,,,,,,,,,
YRK27353,30.74461823,-24.91814567,,,,,,,,,,,,,,,,,,,,
YRK27354,30.73759297,-24.92527577,,,,,,,,,,,,,,,,,,,,
YRK27356,30.73285651,-24.92634806,,,,,,,,,,,,,,,,,,,,
YRK27357,30.74284497,-24.92626972,,,,,,,,,,,,,,,,,,,,
YRK27358,30.73223628,-24.9156833,,,,,,,,,,,,,,,,,,,,
YRK27359,30.73257336,-24.91853805,,,,,,,,,,,,,,,,,,,,
YRK27360,30.74173264,-24.93153839,,,,,,,,,,,,,,,,,,,,
YRK27361,30.72553059,-25.00157471,,,,,,,,,,,,,,,,,,,,
YRK27362,30.71865142,-25.00322085,,,,,,,,,,,,,,,,,,,,
YRK27363,30.7330626,-25.00880294,,,,,,,,,,,,,,,,,,,,
YRK27364,30.7378611,-24.99959512,,,,,,,,,,,,,,,,,,,,
YRK27365,30.74061303,-25.01659283,,,,,,,,,,,,,,,,,,,,
YRK27366,30.74601053,-25.01804212,,,,,,,,,,,,,,,,,,,,
YRK27367,30.74590463,-25.01773509,,,,,,,,,,,,,,,,,,,,
YRK27368,30.74830326,-25.01219348,,,,,,,,,,,,,,,,,,,,
YRK27369,30.74199575,-25.01105365,,,,,,,,,,,,,,,,,,,,
YRK27370,30.75045134,-25.01289303,,,,,,,,,,,,,,,,,,,,
YRK27371,30.75567068,-25.01097531,,,,,,,,,,,,,,,,,,,,
YRK27372,30.75447357,-25.01537963,,,,,,,,,,,,,,,,,,,,
YRK27373,30.77137555,-24.97800267,,,,,,,,,,,,,,,,,,,,
YRK27374,30.75849176,-24.9844858,,,,,,,,,,,,,,,,,,,,
YRK27375,30.75446321,-24.97905434,,,,,,,,,,,,,,,,,,,,
YRK27376,30.74790003,-24.96717507,,,,,,,,,,,,,,,,,,,,
YRK27377,30.74807314,-24.97507813,,,,,,,,,,,,,,,,,,,,
YRK27379,30.7282767,-24.97050384,,,,,,,,,,,,,,,,,,,,
YRK27380,30.73390652,-24.97280811,,,,,,,,,,,,,,,,,,,,
YRK27381,30.73637666,-24.96225016,,,,,,,,,,,,,,,,,,,,
YRK27382,30.73417606,-24.96509025,,,,,,,,,,,,,,,,,,,,
YRK27383,30.73565137,-24.96815092,,,,,,,,,,,,,,,,,,,,
YRK27384,30.73514345,-24.96587663,,,,,,,,,,,,,,,,,,,,
YRK27385,30.723653,-24.9608846,,,,,,,,,,,,,,,,,,,,
YRK27386,30.72929471,-24.96105336,,,,,,,,,,,,,,,,,,,,
YRK27387,30.73948633,-24.95947566,,,,,,,,,,,,,,,,,,,,
YRK27388,30.73819741,-24.95871095,,,,,,,,,,,,,,,,,,,,
YRK27389,30.73969115,-24.9578182,,,,,,,,,,,,,,,,,,,,
YRK27390,30.73140952,-24.95049711,,,,,,,,,,,,,,,,,,,,
YRK27391,30.74857248,-24.97674073,,,,,,,,,,,,,,,,,,,,
YRK27392,30.74596603,-24.97970272,,,,,,,,,,,,,,,,,,,,
YRK27393,30.73116299,-24.94493102,,,,,,,,,,,,,,,,,,,,
YRK27394,30.74392164,-24.94462971,,,,,,,,,,,,,,,,,,,,
YRK27395,30.74088813,-24.94347665,,,,,,,,,,,,,,,,,,,,
YRK27396,30.74672625,-24.95211645,,,,,,,,,,,,,,,,,,,,
YRK27397,30.74401444,-24.94707242,,,,,,,,,,,,,,,,,,,,
YRK27398,30.74812686,-24.94754849,,,,,,,,,,,,,,,,,,,,
YRK27399,30.74155402,-24.94774244,,,,,,,,,,,,,,,,,,,,
YRK27400,30.69454925,-24.99611007,,,,,,,,,,,,,,,,,,,,
YRK27401,30.70695122,-24.98242072,,,,,,,,,,,,,,,,,,,,
YRK27402,30.7131216,-24.982681,,,,,,,,,,,,,,,,,,,,
YRK27403,30.71135856,-24.98764554,,,,,,,,,,,,,,,,,,,,
YRK27404,30.71031637,-24.9863438,,,,,,,,,,,,,,,,,,,,
YRK27405,30.70762459,-24.99493745,,,,,,,,,,,,,,,,,,,,
YRK27406,30.70326365,-25.00072644,,,,,,,,,,,,,,,,,,,,
YRK27407,30.6953553,-25.00472041,,,,,,,,,,,,,,,,,,,,
YRK27408,30.69344622,-25.00983079,,,,,,,,,,,,,,,,,,,,
YRK27409,30.70220643,-25.00793595,,,,,,,,,,,,,,,,,,,,
YRK27410,30.69624892,-25.01744758,,,,,,,,,,,,,,,,,,,,
YRK27411,30.7064662,-25.01831355,,,,,,,,,,,,,,,,,,,,
YRK27412,30.70655737,-25.01766742,,,,,,,,,,,,,,,,,,,,
YRK27413,30.78084972,-24.93295637,,,,,,,,,,,,,,,,,,,,
YRK27414,30.76582298,-24.94219413,,,,,,,,,,,,,,,,,,,,
YRK27415,30.76272737,-24.94114866,,,,,,,,,,,,,,,,,,,,
YRK27416,30.77200475,-24.9392608,,,,,,,,,,,,,,,,,,,,
YRK27417,30.77149584,-24.93543358,,,,,,,,,,,,,,,,,,,,
YRK27418,30.77475113,-24.93643645,,,,,,,,,,,,,,,,,,,,
YRK27419,30.77517342,-24.93869924,,,,,,,,,,,,,,,,,,,,
YRK27420,30.76905901,-24.93994198,,,,,,,,,,,,,,,,,,,,
YRK27421,30.76299087,-24.93112399,,,,,,,,,,,,,,,,,,,,
YRK27422,30.76846292,-24.93265374,,,,,,,,,,,,,,,,,,,,
YRK27423,30.7745182,-24.92651789,,,,,,,,,,,,,,,,,,,,
YRK27424,30.77465767,-24.92751388,,,,,,,,,,,,,,,,,,,,
YRK27425,30.76998846,-24.92704436,,,,,,,,,,,,,,,,,,,,
YRK27426,30.76481355,-24.92544406,,,,,,,,,,,,,,,,,,,,
YRK27427,30.83306676,-25.02320128,,,,,,,,,,,,,,,,,,,,
YRK27428,30.83441814,-25.02703161,,,,,,,,,,,,,,,,,,,,
YRK27429,30.83761491,-25.02358969,,,,,,,,,,,,,,,,,,,,
YRK27430,30.83842735,-25.02216359,,,,,,,,,,,,,,,,,,,,
YRK27431,30.84387407,-25.02298595,,,,,,,,,,,,,,,,,,,,
YRK27432,30.84253066,-25.02291767,,,,,,,,,,,,,,,,,,,,
YRK27433,30.8261676,-25.02761205,,,,,,,,,,,,,,,,,,,,
YRK27434,30.82882846,-25.03716019,,,,,,,,,,,,,,,,,,,,
YRK27435,30.82586463,-25.03705302,,,,,,,,,,,,,,,,,,,,
YRK27436,30.82534969,-25.03310662,,,,,,,,,,,,,,,,,,,,
YRK27437,30.82538742,-25.03719723,,,,,,,,,,,,,,,,,,,,
YRK27438,30.75682503,-24.92361599,,,,,,,,,,,,,,,,,,,,
YRK27439,30.76126603,-24.92860633,,,,,,,,,,,,,,,,,,,,
YRK27440,30.75976243,-24.93154304,,,,,,,,,,,,,,,,,,,,
YRK27441,30.76125799,-24.93066644,,,,,,,,,,,,,,,,,,,,
YRK27442,30.7444582,-24.92587566,,,,,,,,,,,,,,,,,,,,
YRK27443,30.74951679,-24.92465035,,,,,,,,,,,,,,,,,,,,
YRK27444,30.74349357,-24.92035149,,,,,,,,,,,,,,,,,,,,
YRK27445,30.74527128,-24.92560157,,,,,,,,,,,,,,,,,,,,
YRK27446,30.71129702,-25.01157773,,,,,,,,,,,,,,,,,,,,
YRK27447,30.7007996,-25.02418809,,,,,,,,,,,,,,,,,,,,
YRK27448,30.70516144,-25.02732763,,,,,,,,,,,,,,,,,,,,
YRK27449,30.70763014,-25.03033806,,,,,,,,,,,,,,,,,,,,
YRK27450,30.69669222,-25.03217721,,,,,,,,,,,,,,,,,,,,
YRK27451,30.69190259,-25.02683978,,,,,,,,,,,,,,,,,,,,
YRK27452,30.70198704,-25.04260023,,,,,,,,,,,,,,,,,,,,
YRK27453,30.70947229,-25.03674056,,,,,,,,,,,,,,,,,,,,
YRK27454,30.70952692,-25.04594842,,,,,,,,,,,,,,,,,,,,
YRK27455,30.71561308,-25.03898545,,,,,,,,,,,,,,,,,,,,
YRK27456,30.71485667,-25.03097225,,,,,,,,,,,,,,,,,,,,
YRK27457,30.831049,-25.03142298,,,,,,,,,,,,,,,,,,,,
YRK27458,30.83713131,-25.0285349,,,,,,,,,,,,,,,,,,,,
YRK27459,30.83202745,-25.03607684,,,,,,,,,,,,,,,,,,,,
YRK27460,30.84153039,-25.03557381,,,,,,,,,,,,,,,,,,,,
YRK27462,30.83095337,-25.04076877,,,,,,,,,,,,,,,,,,,,
YRK27463,30.8348801,-25.03948177,,,,,,,,,,,,,,,,,,,,
YRK27464,30.82570148,-25.04038753,,,,,,,,,,,,,,,,,,,,
YRK27465,30.82966715,-25.04023743,,,,,,,,,,,,,,,,,,,,
YRK27466,30.8214281,-25.0283071,,,,,,,,,,,,,,,,,,,,
YRK27467,30.82189592,-25.03958298,,,,,,,,,,,,,,,,,,,,
YRK27468,30.82056421,-25.05640365,,,,,,,,,,,,,,,,,,,,
YRK27469,30.82194686,-25.04557199,,,,,,,,,,,,,,,,,,,,
YRK27470,30.82372315,-25.05623137,,,,,,,,,,,,,,,,,,,,
YRK27471,30.833373,-25.05848594,,,,,,,,,,,,,,,,,,,,
YRK27472,30.8319693,-25.05655432,,,,,,,,,,,,,,,,,,,,
YRK27473,30.82772298,-25.04577012,,,,,,,,,,,,,,,,,,,,
YRK27474,30.82385455,-25.04339288,,,,,,,,,,,,,,,,,,,,
YRK27475,30.76914693,-24.94609838,,,,,,,,,,,,,,,,,,,,
YRK27476,30.78492721,-24.94320608,,,,,,,,,,,,,,,,,,,,
YRK27477,30.78351194,-24.9450513,,,,,,,,,,,,,,,,,,,,
YRK27478,30.78205607,-24.94613575,,,,,,,,,,,,,,,,,,,,
YRK27479,30.78182313,-24.94843389,,,,,,,,,,,,,,,,,,,,
YRK27480,30.77986931,-24.9497037,,,,,,,,,,,,,,,,,,,,
YRK27481,30.78734685,-24.95662798,,,,,,,,,,,,,,,,,,,,
YRK27482,30.78608278,-24.95067376,,,,,,,,,,,,,,,,,,,,
YRK27483,30.745471,-24.92742079,,,,,,,,,,,,,,,,,,,,
YRK27484,30.74943339,-24.91918056,,,,,,,,,,,,,,,,,,,,
YRK27485,30.82678756,-25.04951031,,,,,,,,,,,,,,,,,,,,
YRK27486,30.82495485,-25.04636814,,,,,,,,,,,,,,,,,,,,
YRK27487,30.82820784,-25.06139245,,,,,,,,,,,,,,,,,,,,
YRK27488,30.83224643,-25.05122573,,,,,,,,,,,,,,,,,,,,
YRK27489,30.83737733,-25.04325597,,,,,,,,,,,,,,,,,,,,
YRK27490,30.83741383,-25.04386664,,,,,,,,,,,,,,,,,,,,
YRK27491,30.83435989,-25.0622688,,,,,,,,,,,,,,,,,,,,
YRK27492,30.84613398,-25.04741526,,,,,,,,,,,,,,,,,,,,
YRK27493,30.84658211,-25.05500687,,,,,,,,,,,,,,,,,,,,
YRK27494,30.84579692,-25.0529919,,,,,,,,,,,,,,,,,,,,
YRK27496,30.8493828,-25.03393144,,,,,,,,,,,,,,,,,,,,
YRK27497,30.85044552,-25.02898759,,,,,,,,,,,,,,,,,,,,
YRK27498,30.85821638,-25.02904854,,,,,,,,,,,,,,,,,,,,
YRK27499,30.86350913,-25.0294674,,,,,,,,,,,,,,,,,,,,
YRK27500,30.86580863,-25.02652786,,,,,,,,,,,,,,,,,,,,
YRK27501,30.85154022,-25.02384745,,,,,,,,,,,,,,,,,,,,
YRK27502,30.84628099,-25.03387699,,,,,,,,,,,,,,,,,,,,
YRK27503,30.8614399,-25.03342318,,,,,,,,,,,,,,,,,,,,
YRK27504,30.78242366,-24.97573384,,,,,,,,,,,,,,,,,,,,
YRK27505,30.78193251,-24.97696668,,,,,,,,,,,,,,,,,,,,
YRK27506,30.78541751,-24.9700226,,,,,,,,,,,,,,,,,,,,
YRK27507,30.77754685,-24.9873242,,,,,,,,,,,,,,,,,,,,
YRK27508,30.77260608,-24.985855,,,,,,,,,,,,,,,,,,,,
YRK27510,30.77235769,-24.98199397,,,,,,,,,,,,,,,,,,,,
YRK27511,30.77803946,-24.98006694,,,,,,,,,,,,,,,,,,,,
YRK27512,30.7708699,-24.9684327,,,,,,,,,,,,,,,,,,,,
YRK27513,30.769095,-24.96702281,,,,,,,,,,,,,,,,,,,,
YRK27514,30.76688058,-24.97198399,,,,,,,,,,,,,,,,,,,,
YRK27515,30.7168999,-24.9782182,,,,,,,,,,,,,,,,,,,,
YRK27516,30.73240949,-24.97654625,,,,,,,,,,,,,,,,,,,,
YRK27517,30.722271,-24.99984166,,,,,,,,,,,,,,,,,,,,
YRK27518,30.72657224,-24.99481132,,,,,,,,,,,,,,,,,,,,
YRK27519,30.73335097,-25.01316718,,,,,,,,,,,,,,,,,,,,
YRK27520,30.73022086,-25.01623656,,,,,,,,,,,,,,,,,,,,
YRK27521,30.72731482,-25.02095385,,,,,,,,,,,,,,,,,,,,
YRK27523,30.863234,-25.03180621,,,,,,,,,,,,,,,,,,,,
YRK27524,30.85561343,-25.03802047,,,,,,,,,,,,,,,,,,,,
YRK27525,30.85060632,-25.03507973,,,,,,,,,,,,,,,,,,,,
YRK27526,30.83744307,-25.04262681,,,,,,,,,,,,,,,,,,,,
YRK27527,30.85274755,-25.03282091,,,,,,,,,,,,,,,,,,,,
YRK27528,30.78291111,-24.95987225,,,,,,,,,,,,,,,,,,,,
YRK27529,30.78777892,-24.95973205,,,,,,,,,,,,,,,,,,,,
YRK27530,30.78214218,-24.96577852,,,,,,,,,,,,,,,,,,,,
YRK27531,30.77940934,-24.95518243,,,,,,,,,,,,,,,,,,,,
YRK27533,30.77364432,-24.95796288,,,,,,,,,,,,,,,,,,,,
YRK27534,30.77237988,-24.95228357,,,,,,,,,,,,,,,,,,,,
YRK27535,30.77398541,-24.94907539,,,,,,,,,,,,,,,,,,,,
YRK27536,30.76474688,-24.94575532,,,,,,,,,,,,,,,,,,,,
YRK27537,30.76360453,-24.94687997,,,,,,,,,,,,,,,,,,,,
YRK27538,30.75993076,-24.95132435,,,,,,,,,,,,,,,,,,,,
YRK27539,30.76720904,-24.9550889,,,,,,,,,,,,,,,,,,,,
YRK27540,30.76772882,-24.95945648,,,,,,,,,,,,,,,,,,,,
YRK27541,30.76974622,-24.9575268,,,,,,,,,,,,,,,,,,,,
YRK27542,30.77786766,-24.96629255,,,,,,,,,,,,,,,,,,,,
YRK27543,30.78078654,-24.9737586,,,,,,,,,,,,,,,,,,,,
YRK27544,30.78469396,-24.97009827,,,,,,,,,,,,,,,,,,,,
YRK27545,30.78314804,-24.97299897,,,,,,,,,,,,,,,,,,,,
YRK27546,30.78346604,-24.97434801,,,,,,,,,,,,,,,,,,,,
YRK27547,30.72066128,-24.99367031,,,,,,,,,,,,,,,,,,,,
YRK27548,30.72223577,-24.99947862,,,,,,,,,,,,,,,,,,,,
YRK27549,30.72822481,-24.98466714,,,,,,,,,,,,,,,,,,,,
YRK27550,30.7308441,-24.9798405,,,,,,,,,,,,,,,,,,,,
YRK27551,30.73295201,-24.9790913,,,,,,,,,,,,,,,,,,,,
YRK27552,30.72494347,-24.97853257,,,,,,,,,,,,,,,,,,,,
YRK27553,30.71742962,-24.99184164,,,,,,,,,,,,,,,,,,,,
YRK27554,30.72076229,-24.9953922,,,,,,,,,,,,,,,,,,,,
YRK27555,30.71793666,-24.99641392,,,,,,,,,,,,,,,,,,,,
YRK27556,30.71119748,-24.99701456,,,,,,,,,,,,,,,,,,,,
YRK27557,30.71370156,-24.99797255,,,,,,,,,,,,,,,,,,,,
YRK27558,30.7176933,-25.00268048,,,,,,,,,,,,,,,,,,,,
YRK27559,30.71152252,-25.01036849,,,,,,,,,,,,,,,,,,,,
YRK27560,30.70337624,-25.01244764,,,,,,,,,,,,,,,,,,,,
YRK27562,30.74757693,-25.02236957,,,,,,,,,,,,,,,,,,,,
YRK27563,30.74566256,-25.02232418,,,,,,,,,,,,,,,,,,,,
YRK27564,30.74826091,-25.02020459,,,,,,,,,,,,,,,,,,,,
YRK27565,30.74607381,-25.01966495,,,,,,,,,,,,,,,,,,,,
YRK27566,30.73523731,-25.02454517,,,,,,,,,,,,,,,,,,,,
YRK27567,30.73964476,-25.02363168,,,,,,,,,,,,,,,,,,,,
YRK27568,30.7610507,-24.99855108,,,,,,,,,,,,,,,,,,,,
YRK27569,30.77092432,-24.99262699,,,,,,,,,,,,,,,,,,,,
YRK27570,30.76470691,-24.99059306,,,,,,,,,,,,,,,,,,,,
YRK27571,30.76498356,-24.98631093,,,,,,,,,,,,,,,,,,,,
YRK27572,30.76296404,-24.98782628,,,,,,,,,,,,,,,,,,,,
YRK27573,30.76161251,-24.98908491,,,,,,,,,,,,,,,,,,,,
YRK27574,30.75887008,-24.95695286,,,,,,,,,,,,,,,,,,,,
YRK27575,30.76050882,-24.95998851,,,,,,,,,,,,,,,,,,,,
YRK27576,30.75397502,-24.95395371,,,,,,,,,,,,,,,,,,,,
YRK27577,30.74325183,-24.96206354,,,,,,,,,,,,,,,,,,,,
YRK27578,30.73848841,-24.96365817,,,,,,,,,,,,,,,,,,,,
YRK27579,30.74684289,-24.95258695,,,,,,,,,,,,,,,,,,,,
YRK27580,30.75400659,-24.95157531,,,,,,,,,,,,,,,,,,,,
YRK27581,30.73100884,-24.98308558,,,,,,,,,,,,,,,,,,,,
YRK27582,30.72820006,-25.03529541,,,,,,,,,,,,,,,,,,,,
YRK27583,30.71892314,-25.01664647,,,,,,,,,,,,,,,,,,,,
YRK27584,30.71619862,-25.02767098,,,,,,,,,,,,,,,,,,,,
YRK27585,30.71812775,-25.02031539,,,,,,,,,,,,,,,,,,,,
YRK27586,30.71857913,-25.02308787,,,,,,,,,,,,,,,,,,,,
YRK27587,30.72156436,-25.01510174,,,,,,,,,,,,,,,,,,,,
YRK27588,30.72319937,-25.01871142,,,,,,,,,,,,,,,,,,,,
YRK27589,30.72218912,-25.01643012,,,,,,,,,,,,,,,,,,,,
YRK27590,30.72457245,-25.04150242,,,,,,,,,,,,,,,,,,,,
YRK27591,30.42202796,-26.13999314,,,,,,,,,,,,,,,,,,,,
YRK27592,30.42632147,-26.13822471,,,,,,,,,,,,,,,,,,,,
YRK27593,30.43424768,-26.1375866,,,,,,,,,,,,,,,,,,,,
YRK27594,30.43152801,-26.13469965,,,,,,,,,,,,,,,,,,,,
YRK27597,30.43873813,-26.13538188,,,,,,,,,,,,,,,,,,,,
YRK27599,30.44425148,-26.1302013,,,,,,,,,,,,,,,,,,,,
YRK27601,30.4473261,-26.13260174,,,,,,,,,,,,,,,,,,,,
YRK27604,30.45148066,-26.13465151,,,,,,,,,,,,,,,,,,,,
YRK27605,30.45114368,-26.13745608,,,,,,,,,,,,,,,,,,,,
YRK27606,30.44952574,-26.13859064,,,,,,,,,,,,,,,,,,,,
YRK27607,30.44429166,-26.13999747,,,,,,,,,,,,,,,,,,,,
YRK27610,30.43401337,-26.14156594,,,,,,,,,,,,,,,,,,,,
YRK27611,30.42793555,-26.14371278,,,,,,,,,,,,,,,,,,,,
YRK27612,30.42943706,-26.15096532,,,,,,,,,,,,,,,,,,,,
YRK27613,30.43070098,-26.14761666,,,,,,,,,,,,,,,,,,,,
YRK27614,30.43090573,-26.15035424,,,,,,,,,,,,,,,,,,,,
YRK27615,30.43662714,-26.14519077,,,,,,,,,,,,,,,,,,,,
YRK27616,30.43515482,-26.14723811,,,,,,,,,,,,,,,,,,,,
YRK27617,30.43978895,-26.14525629,,,,,,,,,,,,,,,,,,,,
YRK27618,30.44514607,-26.14550251,,,,,,,,,,,,,,,,,,,,
YRK27619,30.4507705,-26.14336893,,,,,,,,,,,,,,,,,,,,
YRK27620,30.45381511,-26.14551988,,,,,,,,,,,,,,,,,,,,
YRK27621,30.45316222,-26.14892251,,,,,,,,,,,,,,,,,,,,
YRK27622,30.44556181,-26.15054399,,,,,,,,,,,,,,,,,,,,
YRK27623,30.4403407,-26.14904205,,,,,,,,,,,,,,,,,,,,
YRK27624,30.43692712,-26.14970915,,,,,,,,,,,,,,,,,,,,
YRK27625,30.43782831,-26.15353675,,,,,,,,,,,,,,,,,,,,
YRK27626,30.43265407,-26.15311695,,,,,,,,,,,,,,,,,,,,
YRK27627,30.43488531,-26.1569501,,,,,,,,,,,,,,,,,,,,
YRK27628,30.43700285,-26.15679344,,,,,,,,,,,,,,,,,,,,
YRK27629,30.43728116,-26.15906692,,,,,,,,,,,,,,,,,,,,
YRK27630,30.43875638,-26.15795072,,,,,,,,,,,,,,,,,,,,
YRK27631,30.43507061,-26.15958654,,,,,,,,,,,,,,,,,,,,
YRK27632,30.43900272,-26.15500408,,,,,,,,,,,,,,,,,,,,
YRK27633,30.44095673,-26.15159677,,,,,,,,,,,,,,,,,,,,
YRK27634,30.44332523,-26.15529446,,,,,,,,,,,,,,,,,,,,
YRK27635,30.44085828,-26.15455276,,,,,,,,,,,,,,,,,,,,
YRK27636,30.44719842,-26.15386054,,,,,,,,,,,,,,,,,,,,
YRK27637,30.45376614,-26.15363735,,,,,,,,,,,,,,,,,,,,
YRK27638,30.44563312,-26.15673096,,,,,,,,,,,,,,,,,,,,
YRK27639,30.44748167,-26.15708583,,,,,,,,,,,,,,,,,,,,
YRK27640,30.44973695,-26.156281,,,,,,,,,,,,,,,,,,,,
YRK27641,30.45051658,-26.16081529,,,,,,,,,,,,,,,,,,,,
YRK27642,30.45572075,-26.15897786,,,,,,,,,,,,,,,,,,,,
YRK27643,30.44152633,-26.16084504,,,,,,,,,,,,,,,,,,,,
YRK27644,30.44503743,-26.16075202,,,,,,,,,,,,,,,,,,,,
YRK27645,30.43926953,-26.16206651,,,,,,,,,,,,,,,,,,,,
YRK27646,30.43597963,-26.16294124,,,,,,,,,,,,,,,,,,,,
YRK27647,30.44043103,-26.16853823,,,,,,,,,,,,,,,,,,,,
YRK27648,30.43800712,-26.16704492,,,,,,,,,,,,,,,,,,,,
YRK27649,30.4399205,-26.16494587,,,,,,,,,,,,,,,,,,,,
YRK27651,30.4436335,-26.16785694,,,,,,,,,,,,,,,,,,,,
YRK27652,30.44768123,-26.16612062,,,,,,,,,,,,,,,,,,,,
YRK27653,30.4412659,-26.17117912,,,,,,,,,,,,,,,,,,,,
YRK27654,30.41787043,-26.1744276,,,,,,,,,,,,,,,,,,,,
YRK27655,30.41949478,-26.17701229,,,,,,,,,,,,,,,,,,,,
YRK27657,30.42262418,-26.17455541,,,,,,,,,,,,,,,,,,,,
YRK27658,30.43282819,-26.17666368,,,,,,,,,,,,,,,,,,,,
YRK27659,30.43450349,-26.17952491,,,,,,,,,,,,,,,,,,,,
YRK27660,30.42730034,-26.1770208,,,,,,,,,,,,,,,,,,,,
YRK27661,30.41996732,-26.18006772,,,,,,,,,,,,,,,,,,,,
YRK27662,30.42341898,-26.17981196,,,,,,,,,,,,,,,,,,,,
YRK27663,30.42384545,-26.18234996,,,,,,,,,,,,,,,,,,,,
YRK27664,30.42011997,-26.18340625,,,,,,,,,,,,,,,,,,,,
YRK27665,30.42859013,-26.18073023,,,,,,,,,,,,,,,,,,,,
YRK27666,30.4394297,-26.17743234,,,,,,,,,,,,,,,,,,,,
YRK27667,30.43659466,-26.17808214,,,,,,,,,,,,,,,,,,,,
YRK27668,30.44344052,-26.17488258,,,,,,,,,,,,,,,,,,,,
YRK27669,30.4464151,-26.17324944,,,,,,,,,,,,,,,,,,,,
YRK27671,30.4492976,-26.17144954,,,,,,,,,,,,,,,,,,,,
YRK27672,30.45196534,-26.16845554,,,,,,,,,,,,,,,,,,,,
YRK27673,30.45524784,-26.16454519,,,,,,,,,,,,,,,,,,,,
YRK27676,30.45755007,-26.16517805,,,,,,,,,,,,,,,,,,,,
YRK27677,30.45945616,-26.16756541,,,,,,,,,,,,,,,,,,,,
YRK27679,30.45551284,-26.169099,,,,,,,,,,,,,,,,,,,,
YRK27681,30.45318723,-26.17186425,,,,,,,,,,,,,,,,,,,,
YRK27682,30.46085045,-26.17141468,,,,,,,,,,,,,,,,,,,,
YRK27684,30.45897784,-26.17153251,,,,,,,,,,,,,,,,,,,,
YRK27686,30.45748366,-26.17461639,,,,,,,,,,,,,,,,,,,,
YRK27688,30.45423745,-26.17477429,,,,,,,,,,,,,,,,,,,,
YRK27689,30.45543587,-26.17764889,,,,,,,,,,,,,,,,,,,,
YRK27690,30.45213139,-26.17810265,,,,,,,,,,,,,,,,,,,,
YRK27691,30.44780449,-26.17718984,,,,,,,,,,,,,,,,,,,,
YRK27692,30.44910875,-26.1803424,,,,,,,,,,,,,,,,,,,,
YRK27693,30.4449914,-26.18008945,,,,,,,,,,,,,,,,,,,,
YRK27694,30.44064217,-26.18088091,,,,,,,,,,,,,,,,,,,,
YRK27696,30.43811242,-26.18176087,,,,,,,,,,,,,,,,,,,,
YRK27697,30.43489012,-26.18193973,,,,,,,,,,,,,,,,,,,,
YRK27698,30.4352336,-26.18545634,,,,,,,,,,,,,,,,,,,,
YRK27699,30.42890735,-26.183321,,,,,,,,,,,,,,,,,,,,
YRK27700,30.42323335,-26.18584718,,,,,,,,,,,,,,,,,,,,
YRK27701,30.42503941,-26.18947065,,,,,,,,,,,,,,,,,,,,
YRK27702,30.42276215,-26.1908056,,,,,,,,,,,,,,,,,,,,
YRK27703,30.42989982,-26.18686655,,,,,,,,,,,,,,,,,,,,
YRK27704,30.4182233,-26.18024282,,,,,,,,,,,,,,,,,,,,
YRK27705,30.43099449,-26.1743476,,,,,,,,,,,,,,,,,,,,
YRK27706,30.44016299,-26.175414,,,,,,,,,,,,,,,,,,,,
YRK27707,30.42494293,-26.19606659,,,,,,,,,,,,,,,,,,,,
YRK27708,30.42696005,-26.19717337,,,,,,,,,,,,,,,,,,,,
YRK27709,30.46120911,-26.17915977,,,,,,,,,,,,,,,,,,,,
YRK27711,30.45805662,-26.18483282,,,,,,,,,,,,,,,,,,,,
YRK27712,30.46451427,-26.18708412,,,,,,,,,,,,,,,,,,,,
YRK27713,30.46152872,-26.19101944,,,,,,,,,,,,,,,,,,,,
YRK27714,30.45959955,-26.18777655,,,,,,,,,,,,,,,,,,,,
YRK27715,30.45788869,-26.18838246,,,,,,,,,,,,,,,,,,,,
YRK27716,30.45494457,-26.18673185,,,,,,,,,,,,,,,,,,,,
YRK27718,30.45576183,-26.19173376,,,,,,,,,,,,,,,,,,,,
YRK27719,30.45351489,-26.19228135,,,,,,,,,,,,,,,,,,,,
YRK27720,30.45186807,-26.18789874,,,,,,,,,,,,,,,,,,,,
YRK27721,30.45053471,-26.18906054,,,,,,,,,,,,,,,,,,,,
YRK27722,30.45006068,-26.19107073,,,,,,,,,,,,,,,,,,,,
YRK27724,30.4529547,-26.182418,,,,,,,,,,,,,,,,,,,,
YRK27725,30.44897719,-26.18638812,,,,,,,,,,,,,,,,,,,,
YRK27726,30.44346486,-26.18466155,,,,,,,,,,,,,,,,,,,,
YRK27727,30.44503761,-26.18820927,,,,,,,,,,,,,,,,,,,,
YRK27728,30.4486068,-26.18945083,,,,,,,,,,,,,,,,,,,,
YRK27729,30.44011128,-26.18704371,,,,,,,,,,,,,,,,,,,,
YRK27730,30.43572388,-26.19102579,,,,,,,,,,,,,,,,,,,,
YRK27731,30.43520022,-26.1898816,,,,,,,,,,,,,,,,,,,,
YRK27732,30.43380237,-26.18844177,,,,,,,,,,,,,,,,,,,,
YRK27733,30.43036322,-26.19208811,,,,,,,,,,,,,,,,,,,,
YRK27734,30.42587925,-26.1938102,,,,,,,,,,,,,,,,,,,,
YRK27735,30.42765292,-26.19636977,,,,,,,,,,,,,,,,,,,,
YRK27736,30.4254248,-26.19561255,,,,,,,,,,,,,,,,,,,,
YRK27737,30.4235224,-26.19415425,,,,,,,,,,,,,,,,,,,,
YRK27738,30.42965367,-26.19443869,,,,,,,,,,,,,,,,,,,,
YRK27739,30.43403843,-26.19376973,,,,,,,,,,,,,,,,,,,,
YRK27741,30.44433461,-26.19315075,,,,,,,,,,,,,,,,,,,,
YRK27742,30.44324529,-26.19457741,,,,,,,,,,,,,,,,,,,,
YRK27743,30.44260484,-26.19663994,,,,,,,,,,,,,,,,,,,,
YRK27744,30.43844411,-26.19734469,,,,,,,,,,,,,,,,,,,,
YRK27745,30.43710493,-26.19981714,,,,,,,,,,,,,,,,,,,,
YRK27746,30.43963315,-26.20276614,,,,,,,,,,,,,,,,,,,,
YRK27747,30.43154181,-26.19952341,,,,,,,,,,,,,,,,,,,,
YRK27748,30.43712359,-26.20278505,,,,,,,,,,,,,,,,,,,,
YRK27749,30.42666843,-26.20034594,,,,,,,,,,,,,,,,,,,,
YRK27750,30.42886119,-26.2015797,,,,,,,,,,,,,,,,,,,,
YRK27751,30.43068621,-26.2043791,,,,,,,,,,,,,,,,,,,,
YRK27752,30.4265101,-26.2052254,,,,,,,,,,,,,,,,,,,,
YRK27753,30.43404444,-26.20524358,,,,,,,,,,,,,,,,,,,,
YRK27754,30.44124888,-26.20745979,,,,,,,,,,,,,,,,,,,,
YRK27755,30.43741552,-26.20488272,,,,,,,,,,,,,,,,,,,,
YRK27756,30.44328114,-26.2049123,,,,,,,,,,,,,,,,,,,,
YRK27757,30.44705985,-26.19958614,,,,,,,,,,,,,,,,,,,,
YRK27758,30.45097211,-26.20136513,,,,,,,,,,,,,,,,,,,,
YRK27760,30.44746006,-26.20587061,,,,,,,,,,,,,,,,,,,,
YRK27761,30.44579955,-26.20718912,,,,,,,,,,,,,,,,,,,,
YRK27762,30.43985674,-26.21111892,,,,,,,,,,,,,,,,,,,,
YRK27763,30.43619412,-26.21003047,,,,,,,,,,,,,,,,,,,,
YRK27764,30.43143198,-26.21242009,,,,,,,,,,,,,,,,,,,,
YRK27765,30.43759152,-26.21423736,,,,,,,,,,,,,,,,,,,,
YRK27766,30.43392266,-26.21741653,,,,,,,,,,,,,,,,,,,,
YRK27767,30.435402,-26.22191033,,,,,,,,,,,,,,,,,,,,
YRK27768,30.44237683,-26.22828818,,,,,,,,,,,,,,,,,,,,
YRK27769,30.43816799,-26.22796674,,,,,,,,,,,,,,,,,,,,
YRK27770,30.4478979,-26.21158091,,,,,,,,,,,,,,,,,,,,
YRK27771,30.45432359,-26.20538722,,,,,,,,,,,,,,,,,,,,
YRK27773,30.46348197,-26.19848038,,,,,,,,,,,,,,,,,,,,
YRK27775,30.46784708,-26.19468363,,,,,,,,,,,,,,,,,,,,
YRK27777,30.46808874,-26.19881379,,,,,,,,,,,,,,,,,,,,
YRK27778,30.46100178,-26.20174153,,,,,,,,,,,,,,,,,,,,
YRK27780,30.46458477,-26.20582481,,,,,,,,,,,,,,,,,,,,
YRK27781,30.46649936,-26.20915838,,,,,,,,,,,,,,,,,,,,
YRK27782,30.46954762,-26.20432073,,,,,,,,,,,,,,,,,,,,
YRK27783,30.47101139,-26.21016828,,,,,,,,,,,,,,,,,,,,
YRK27784,30.46196408,-26.20791241,,,,,,,,,,,,,,,,,,,,
YRK27785,30.45851898,-26.20717331,,,,,,,,,,,,,,,,,,,,
YRK27786,30.45482698,-26.20986825,,,,,,,,,,,,,,,,,,,,
YRK27787,30.45242227,-26.21493797,,,,,,,,,,,,,,,,,,,,
YRK27789,30.4538902,-26.21366128,,,,,,,,,,,,,,,,,,,,
YRK27790,30.44939337,-26.20926747,,,,,,,,,,,,,,,,,,,,
YRK27791,30.46459778,-26.21334934,,,,,,,,,,,,,,,,,,,,
YRK27793,30.45996431,-26.21312867,,,,,,,,,,,,,,,,,,,,
YRK27794,30.46352271,-26.21117355,,,,,,,,,,,,,,,,,,,,
YRK27795,30.46395911,-26.21564656,,,,,,,,,,,,,,,,,,,,
YRK27796,30.45646196,-26.21833491,,,,,,,,,,,,,,,,,,,,
YRK27797,30.45873252,-26.21598206,,,,,,,,,,,,,,,,,,,,
YRK27798,30.45783294,-26.22037025,,,,,,,,,,,,,,,,,,,,
YRK27799,30.46145916,-26.22154898,,,,,,,,,,,,,,,,,,,,
YRK27800,30.4570293,-26.22349879,,,,,,,,,,,,,,,,,,,,
YRK27801,30.46066579,-26.22311772,,,,,,,,,,,,,,,,,,,,
YRK27802,30.4618432,-26.22588848,,,,,,,,,,,,,,,,,,,,
YRK27803,30.45937763,-26.22537913,,,,,,,,,,,,,,,,,,,,
YRK27804,30.45769059,-26.22469938,,,,,,,,,,,,,,,,,,,,
YRK27805,30.45827416,-26.22668235,,,,,,,,,,,,,,,,,,,,
YRK27806,30.45787971,-26.22928196,,,,,,,,,,,,,,,,,,,,
YRK27807,30.45612137,-26.23112519,,,,,,,,,,,,,,,,,,,,
YRK27808,30.45317169,-26.23030835,,,,,,,,,,,,,,,,,,,,
YRK27809,30.45353401,-26.22874328,,,,,,,,,,,,,,,,,,,,
YRK27811,30.46530646,-26.22917891,,,,,,,,,,,,,,,,,,,,
YRK27812,30.46546844,-26.23086613,,,,,,,,,,,,,,,,,,,,
YRK27813,30.46429622,-26.22321813,,,,,,,,,,,,,,,,,,,,
YRK27814,30.46410211,-26.2210388,,,,,,,,,,,,,,,,,,,,
YRK27815,30.46777899,-26.23050157,,,,,,,,,,,,,,,,,,,,
YRK27816,30.46979955,-26.22890678,,,,,,,,,,,,,,,,,,,,
YRK27817,30.47169001,-26.23071732,,,,,,,,,,,,,,,,,,,,
YRK27818,30.46917087,-26.22368513,,,,,,,,,,,,,,,,,,,,
YRK27819,30.47242565,-26.22634205,,,,,,,,,,,,,,,,,,,,
YRK27820,30.46299763,-26.21708996,,,,,,,,,,,,,,,,,,,,
YRK27821,30.46051488,-26.21729508,,,,,,,,,,,,,,,,,,,,
YRK27822,30.4675076,-26.2153435,,,,,,,,,,,,,,,,,,,,
YRK27823,30.47172642,-26.21713546,,,,,,,,,,,,,,,,,,,,
YRK27824,30.4697203,-26.21933707,,,,,,,,,,,,,,,,,,,,
YRK27825,30.46886638,-26.22002579,,,,,,,,,,,,,,,,,,,,
YRK27826,30.47486887,-26.22044443,,,,,,,,,,,,,,,,,,,,
YRK27827,30.4742905,-26.21790312,,,,,,,,,,,,,,,,,,,,
YRK27828,30.4738906,-26.22185986,,,,,,,,,,,,,,,,,,,,
YRK27829,30.47670867,-26.22407663,,,,,,,,,,,,,,,,,,,,
YRK27831,30.46106296,-26.16074532,,,,,,,,,,,,,,,,,,,,
YRK27832,30.47259208,-26.15907843,,,,,,,,,,,,,,,,,,,,
YRK27833,30.47539005,-26.15665441,,,,,,,,,,,,,,,,,,,,
YRK27834,30.48022992,-26.1557651,,,,,,,,,,,,,,,,,,,,
YRK27835,30.48056489,-26.15769985,,,,,,,,,,,,,,,,,,,,
YRK27836,30.47339569,-26.16171957,,,,,,,,,,,,,,,,,,,,
YRK27837,30.4776747,-26.1599012,,,,,,,,,,,,,,,,,,,,
YRK27838,30.47382529,-26.16333489,,,,,,,,,,,,,,,,,,,,
YRK27839,30.46801979,-26.16589925,,,,,,,,,,,,,,,,,,,,
YRK27840,30.46305583,-26.16563468,,,,,,,,,,,,,,,,,,,,
YRK27842,30.46426727,-26.17181598,,,,,,,,,,,,,,,,,,,,
YRK27843,30.4672019,-26.1762491,,,,,,,,,,,,,,,,,,,,
YRK27844,30.46708826,-26.17362345,,,,,,,,,,,,,,,,,,,,
YRK27845,30.47074153,-26.17270315,,,,,,,,,,,,,,,,,,,,
YRK27846,30.47137236,-26.16809884,,,,,,,,,,,,,,,,,,,,
YRK27847,30.47464476,-26.17175405,,,,,,,,,,,,,,,,,,,,
YRK27849,30.47666791,-26.16622997,,,,,,,,,,,,,,,,,,,,
YRK27850,30.47841209,-26.16408495,,,,,,,,,,,,,,,,,,,,
YRK27851,30.48485026,-26.1638171,,,,,,,,,,,,,,,,,,,,
YRK27852,30.48674852,-26.16889949,,,,,,,,,,,,,,,,,,,,
YRK27854,30.49032116,-26.16889797,,,,,,,,,,,,,,,,,,,,
YRK27855,30.49741161,-26.16785184,,,,,,,,,,,,,,,,,,,,
YRK27856,30.50009065,-26.16992678,,,,,,,,,,,,,,,,,,,,
YRK27857,30.49718054,-26.17365429,,,,,,,,,,,,,,,,,,,,
YRK27858,30.49421856,-26.17727217,,,,,,,,,,,,,,,,,,,,
YRK27859,30.49351997,-26.17941626,,,,,,,,,,,,,,,,,,,,
YRK27860,30.48684552,-26.17704293,,,,,,,,,,,,,,,,,,,,
YRK27861,30.48096662,-26.17639632,,,,,,,,,,,,,,,,,,,,
YRK27862,30.47688656,-26.17651897,,,,,,,,,,,,,,,,,,,,
YRK27863,30.47423333,-26.17926566,,,,,,,,,,,,,,,,,,,,
YRK27864,30.46873733,-26.18114048,,,,,,,,,,,,,,,,,,,,
YRK27865,30.47196653,-26.18357366,,,,,,,,,,,,,,,,,,,,
YRK27866,30.47880661,-26.18374337,,,,,,,,,,,,,,,,,,,,
YRK27867,30.48471191,-26.18180753,,,,,,,,,,,,,,,,,,,,
YRK27868,30.47298814,-26.18999197,,,,,,,,,,,,,,,,,,,,
YRK27869,30.47372647,-26.18744495,,,,,,,,,,,,,,,,,,,,
YRK27870,30.48482075,-26.18621612,,,,,,,,,,,,,,,,,,,,
YRK27871,30.49119171,-26.18457088,,,,,,,,,,,,,,,,,,,,
YRK27872,30.49213812,-26.1811902,,,,,,,,,,,,,,,,,,,,
YRK27873,30.49755505,-26.1804678,,,,,,,,,,,,,,,,,,,,
YRK27874,30.50180681,-26.17756889,,,,,,,,,,,,,,,,,,,,
YRK27875,30.50408572,-26.17377697,,,,,,,,,,,,,,,,,,,,
YRK27876,30.50883469,-26.17523761,,,,,,,,,,,,,,,,,,,,
YRK27877,30.4935954,-26.17418543,,,,,,,,,,,,,,,,,,,,
YRK27878,30.47876732,-26.1544961,,,,,,,,,,,,,,,,,,,,
YRK27879,30.48887563,-26.14829394,,,,,,,,,,,,,,,,,,,,
YRK27880,30.49240961,-26.14601489,,,,,,,,,,,,,,,,,,,,
YRK27881,30.49473109,-26.14870268,,,,,,,,,,,,,,,,,,,,
YRK27882,30.49494224,-26.14593492,,,,,,,,,,,,,,,,,,,,
YRK27883,30.49326828,-26.14758089,,,,,,,,,,,,,,,,,,,,
YRK27885,30.49614426,-26.15398898,,,,,,,,,,,,,,,,,,,,
YRK27886,30.49875275,-26.15619443,,,,,,,,,,,,,,,,,,,,
YRK27887,30.49651119,-26.15569852,,,,,,,,,,,,,,,,,,,,
YRK27888,30.49531419,-26.15656892,,,,,,,,,,,,,,,,,,,,
YRK27889,30.48996972,-26.15805662,,,,,,,,,,,,,,,,,,,,
YRK27890,30.49633772,-26.16162416,,,,,,,,,,,,,,,,,,,,
YRK27892,30.50339214,-26.16594372,,,,,,,,,,,,,,,,,,,,
YRK27893,30.50553996,-26.15703049,,,,,,,,,,,,,,,,,,,,
YRK27894,30.50431745,-26.16094496,,,,,,,,,,,,,,,,,,,,
YRK27895,30.50149526,-26.15954623,,,,,,,,,,,,,,,,,,,,
YRK27896,30.51258163,-26.15413609,,,,,,,,,,,,,,,,,,,,
YRK27897,30.51483855,-26.1573748,,,,,,,,,,,,,,,,,,,,
YRK27899,30.51053877,-26.1640883,,,,,,,,,,,,,,,,,,,,
YRK27900,30.51318954,-26.16918237,,,,,,,,,,,,,,,,,,,,
YRK27901,30.46916687,-26.23827959,,,,,,,,,,,,,,,,,,,,
YRK27902,30.47647634,-26.23518163,,,,,,,,,,,,,,,,,,,,
YRK27903,30.47346456,-26.23739555,,,,,,,,,,,,,,,,,,,,
YRK27904,30.4767815,-26.23387704,,,,,,,,,,,,,,,,,,,,
YRK27905,30.47136207,-26.24175947,,,,,,,,,,,,,,,,,,,,
YRK27906,30.46670005,-26.24295681,,,,,,,,,,,,,,,,,,,,
YRK27907,30.47033707,-26.24908376,,,,,,,,,,,,,,,,,,,,
YRK27908,30.47434177,-26.24921663,,,,,,,,,,,,,,,,,,,,
YRK27909,30.48225317,-26.24331594,,,,,,,,,,,,,,,,,,,,
YRK27910,30.48217011,-26.24035403,,,,,,,,,,,,,,,,,,,,
YRK27911,30.48517761,-26.23650679,,,,,,,,,,,,,,,,,,,,
YRK27912,30.4883648,-26.23485154,,,,,,,,,,,,,,,,,,,,
YRK27913,30.48300984,-26.23536941,,,,,,,,,,,,,,,,,,,,
YRK27914,30.47752415,-26.23566923,,,,,,,,,,,,,,,,,,,,
YRK27915,30.48443348,-26.2406399,,,,,,,,,,,,,,,,,,,,
YRK27916,30.48452878,-26.2463852,,,,,,,,,,,,,,,,,,,,
YRK27917,30.47923708,-26.2510708,,,,,,,,,,,,,,,,,,,,
YRK27918,30.47332357,-26.25333886,,,,,,,,,,,,,,,,,,,,
YRK27919,30.48185288,-26.25308042,,,,,,,,,,,,,,,,,,,,
YRK27920,30.47009903,-26.25888542,,,,,,,,,,,,,,,,,,,,
YRK27921,30.46515068,-26.25604134,,,,,,,,,,,,,,,,,,,,
YRK27922,30.46146736,-26.26324036,,,,,,,,,,,,,,,,,,,,
YRK27923,30.46040337,-26.25897713,,,,,,,,,,,,,,,,,,,,
YRK27924,30.45324261,-26.26069381,,,,,,,,,,,,,,,,,,,,
YRK27925,30.4686209,-26.2631388,,,,,,,,,,,,,,,,,,,,
YRK27926,30.47279671,-26.26825808,,,,,,,,,,,,,,,,,,,,
YRK27928,30.4710316,-26.27090916,,,,,,,,,,,,,,,,,,,,
YRK27929,30.46637235,-26.268037,,,,,,,,,,,,,,,,,,,,
YRK27930,30.46326261,-26.26478753,,,,,,,,,,,,,,,,,,,,
YRK27931,30.45787859,-26.26463065,,,,,,,,,,,,,,,,,,,,
YRK27932,30.45066015,-26.2669258,,,,,,,,,,,,,,,,,,,,
YRK27933,30.45393136,-26.26701798,,,,,,,,,,,,,,,,,,,,
YRK27934,30.44753985,-26.27000256,,,,,,,,,,,,,,,,,,,,
YRK27935,30.45198817,-26.26840082,,,,,,,,,,,,,,,,,,,,
YRK27936,30.45503042,-26.26821194,,,,,,,,,,,,,,,,,,,,
YRK27938,30.45860057,-26.26804817,,,,,,,,,,,,,,,,,,,,
YRK27939,30.45998324,-26.26912394,,,,,,,,,,,,,,,,,,,,
YRK27940,30.456648,-26.27562586,,,,,,,,,,,,,,,,,,,,
YRK27941,30.46034542,-26.27720612,,,,,,,,,,,,,,,,,,,,
YRK27942,30.45922993,-26.27409925,,,,,,,,,,,,,,,,,,,,
YRK27943,30.4584122,-26.27674226,,,,,,,,,,,,,,,,,,,,
YRK27944,30.45242692,-26.2742983,,,,,,,,,,,,,,,,,,,,
YRK27945,30.4466613,-26.27267534,,,,,,,,,,,,,,,,,,,,
YRK27946,30.44687249,-26.27443457,,,,,,,,,,,,,,,,,,,,
YRK27947,30.46303704,-26.27712821,,,,,,,,,,,,,,,,,,,,
YRK27948,30.46974871,-26.27577482,,,,,,,,,,,,,,,,,,,,
YRK27949,30.47139326,-26.24448722,,,,,,,,,,,,,,,,,,,,
YRK27950,30.52247773,-26.21941252,,,,,,,,,,,,,,,,,,,,
YRK27951,30.52038809,-26.22331428,,,,,,,,,,,,,,,,,,,,
YRK27952,30.52334229,-26.22342861,,,,,,,,,,,,,,,,,,,,
YRK27953,30.52464386,-26.22403822,,,,,,,,,,,,,,,,,,,,
YRK27954,30.52278619,-26.22158122,,,,,,,,,,,,,,,,,,,,
YRK27955,30.52102951,-26.22452389,,,,,,,,,,,,,,,,,,,,
YRK27956,30.50381741,-26.22774073,,,,,,,,,,,,,,,,,,,,
YRK27957,30.50365882,-26.22203723,,,,,,,,,,,,,,,,,,,,
YRK27961,30.50293413,-26.21829871,,,,,,,,,,,,,,,,,,,,
YRK27962,30.50202969,-26.21641853,,,,,,,,,,,,,,,,,,,,
YRK27963,30.50044269,-26.21592312,,,,,,,,,,,,,,,,,,,,
YRK27964,30.4999765,-26.21753331,,,,,,,,,,,,,,,,,,,,
YRK27965,30.50175619,-26.21873509,,,,,,,,,,,,,,,,,,,,
YRK27966,30.49740851,-26.2191528,,,,,,,,,,,,,,,,,,,,
YRK27967,30.49909123,-26.2209466,,,,,,,,,,,,,,,,,,,,
YRK27968,30.50062997,-26.22513457,,,,,,,,,,,,,,,,,,,,
YRK27969,30.49242909,-26.22340646,,,,,,,,,,,,,,,,,,,,
YRK27971,30.49536146,-26.22686798,,,,,,,,,,,,,,,,,,,,
YRK27972,30.49298791,-26.23123225,,,,,,,,,,,,,,,,,,,,
YRK27973,30.49237652,-26.22603139,,,,,,,,,,,,,,,,,,,,
YRK27974,30.49132017,-26.22823966,,,,,,,,,,,,,,,,,,,,
YRK27975,30.48854254,-26.2278139,,,,,,,,,,,,,,,,,,,,
YRK27977,30.48627754,-26.21823112,,,,,,,,,,,,,,,,,,,,
YRK27978,30.48479929,-26.22462307,,,,,,,,,,,,,,,,,,,,
YRK27979,30.48064766,-26.22457435,,,,,,,,,,,,,,,,,,,,
YRK27981,30.48389345,-26.22171567,,,,,,,,,,,,,,,,,,,,
YRK27983,30.47965006,-26.21559515,,,,,,,,,,,,,,,,,,,,
YRK27985,30.48427792,-26.20773403,,,,,,,,,,,,,,,,,,,,
YRK27989,30.47580885,-26.20747121,,,,,,,,,,,,,,,,,,,,
YRK27990,30.474877,-26.20265797,,,,,,,,,,,,,,,,,,,,
YRK27991,30.47896471,-26.20174019,,,,,,,,,,,,,,,,,,,,
YRK27992,30.47889618,-26.19629648,,,,,,,,,,,,,,,,,,,,
YRK27993,30.47609555,-26.19638227,,,,,,,,,,,,,,,,,,,,
YRK27994,30.47279065,-26.19758803,,,,,,,,,,,,,,,,,,,,
YRK27995,30.49271361,-26.21671725,,,,,,,,,,,,,,,,,,,,
YRK27997,30.48896782,-26.20801569,,,,,,,,,,,,,,,,,,,,
YRK27999,30.49553671,-26.20920176,,,,,,,,,,,,,,,,,,,,
YRK28001,30.49736679,-26.21367191,,,,,,,,,,,,,,,,,,,,
YRK28002,30.49935684,-26.21106262,,,,,,,,,,,,,,,,,,,,
YRK28007,30.49579691,-26.20082096,,,,,,,,,,,,,,,,,,,,
YRK28008,30.49828662,-26.20242808,,,,,,,,,,,,,,,,,,,,
YRK28009,30.49734031,-26.19936181,,,,,,,,,,,,,,,,,,,,
YRK28010,30.4950587,-26.19915727,,,,,,,,,,,,,,,,,,,,
YRK28011,30.4986491,-26.19664386,,,,,,,,,,,,,,,,,,,,
YRK28012,30.49661805,-26.19620018,,,,,,,,,,,,,,,,,,,,
YRK28013,30.49339824,-26.19716775,,,,,,,,,,,,,,,,,,,,
YRK28014,30.49019918,-26.19888782,,,,,,,,,,,,,,,,,,,,
YRK28016,30.48571771,-26.20119395,,,,,,,,,,,,,,,,,,,,
YRK28017,30.48488657,-26.19885055,,,,,,,,,,,,,,,,,,,,
YRK28018,30.48464165,-26.19513518,,,,,,,,,,,,,,,,,,,,
YRK28019,30.48853477,-26.19470747,,,,,,,,,,,,,,,,,,,,
YRK28020,30.4910754,-26.19156709,,,,,,,,,,,,,,,,,,,,
YRK28021,30.49250062,-26.19417446,,,,,,,,,,,,,,,,,,,,
YRK28022,30.49427865,-26.19058036,,,,,,,,,,,,,,,,,,,,
YRK28023,30.49246093,-26.18919959,,,,,,,,,,,,,,,,,,,,
YRK28024,30.48762399,-26.19214484,,,,,,,,,,,,,,,,,,,,
YRK28027,30.48779074,-26.18946586,,,,,,,,,,,,,,,,,,,,
YRK28028,30.49190793,-26.18682754,,,,,,,,,,,,,,,,,,,,
YRK28029,30.49552342,-26.18448443,,,,,,,,,,,,,,,,,,,,
YRK28030,30.49869839,-26.18254455,,,,,,,,,,,,,,,,,,,,
YRK28031,30.50324606,-26.17993151,,,,,,,,,,,,,,,,,,,,
YRK28032,30.49783905,-26.18928795,,,,,,,,,,,,,,,,,,,,
YRK28033,30.49929768,-26.19063155,,,,,,,,,,,,,,,,,,,,
YRK28034,30.50189475,-26.19001891,,,,,,,,,,,,,,,,,,,,
YRK28035,30.50441225,-26.18810692,,,,,,,,,,,,,,,,,,,,
YRK28036,30.50359499,-26.1921635,,,,,,,,,,,,,,,,,,,,
YRK28037,30.50561968,-26.18514052,,,,,,,,,,,,,,,,,,,,
YRK28038,30.50657021,-26.18887922,,,,,,,,,,,,,,,,,,,,
YRK28039,30.50823541,-26.19173209,,,,,,,,,,,,,,,,,,,,
YRK28040,30.51000021,-26.19410196,,,,,,,,,,,,,,,,,,,,
YRK28041,30.54339888,-26.27064585,,,,,,,,,,,,,,,,,,,,
YRK28042,30.54758438,-26.27154111,,,,,,,,,,,,,,,,,,,,
YRK28043,30.54907514,-26.27504414,,,,,,,,,,,,,,,,,,,,
YRK28045,30.55288482,-26.27561443,,,,,,,,,,,,,,,,,,,,
YRK28046,30.55859167,-26.27408947,,,,,,,,,,,,,,,,,,,,
YRK28047,30.56474846,-26.27687822,,,,,,,,,,,,,,,,,,,,
YRK28048,30.56742239,-26.27904961,,,,,,,,,,,,,,,,,,,,
YRK28049,30.56542232,-26.28232078,,,,,,,,,,,,,,,,,,,,
YRK28050,30.56614075,-26.28432958,,,,,,,,,,,,,,,,,,,,
YRK28051,30.56066171,-26.28026836,,,,,,,,,,,,,,,,,,,,
YRK28052,30.55587437,-26.27818268,,,,,,,,,,,,,,,,,,,,
YRK28053,30.55332936,-26.28009991,,,,,,,,,,,,,,,,,,,,
YRK28054,30.55358202,-26.28241321,,,,,,,,,,,,,,,,,,,,
YRK28055,30.5499652,-26.27853871,,,,,,,,,,,,,,,,,,,,
YRK28056,30.55139386,-26.28387902,,,,,,,,,,,,,,,,,,,,
YRK28057,30.54817564,-26.2788665,,,,,,,,,,,,,,,,,,,,
YRK28058,30.54503577,-26.27544924,,,,,,,,,,,,,,,,,,,,
YRK28059,30.54766066,-26.28126202,,,,,,,,,,,,,,,,,,,,
YRK28060,30.54417662,-26.27935741,,,,,,,,,,,,,,,,,,,,
YRK28061,30.56150667,-26.28332921,,,,,,,,,,,,,,,,,,,,
YRK28062,30.56000221,-26.28502266,,,,,,,,,,,,,,,,,,,,
YRK28063,30.56118237,-26.28741355,,,,,,,,,,,,,,,,,,,,
YRK28064,30.56419495,-26.28738762,,,,,,,,,,,,,,,,,,,,
YRK28065,30.56568196,-26.288946,,,,,,,,,,,,,,,,,,,,
YRK28066,30.55817818,-26.28677159,,,,,,,,,,,,,,,,,,,,
YRK28067,30.55568245,-26.28610668,,,,,,,,,,,,,,,,,,,,
YRK28068,30.54541061,-26.28447407,,,,,,,,,,,,,,,,,,,,
YRK28069,30.54903841,-26.28693631,,,,,,,,,,,,,,,,,,,,
YRK28070,30.54669043,-26.28830875,,,,,,,,,,,,,,,,,,,,
YRK28071,30.54714789,-26.2920006,,,,,,,,,,,,,,,,,,,,
YRK28073,30.55248718,-26.28896874,,,,,,,,,,,,,,,,,,,,
YRK28074,30.55096554,-26.29311477,,,,,,,,,,,,,,,,,,,,
YRK28076,30.55833342,-26.29250644,,,,,,,,,,,,,,,,,,,,
YRK28077,30.56467366,-26.29185146,,,,,,,,,,,,,,,,,,,,
YRK28078,30.56462541,-26.29493987,,,,,,,,,,,,,,,,,,,,
YRK28079,30.56579013,-26.29784187,,,,,,,,,,,,,,,,,,,,
YRK28080,30.55819971,-26.29659659,,,,,,,,,,,,,,,,,,,,
YRK28082,30.50321078,-26.23603193,,,,,,,,,,,,,,,,,,,,
YRK28083,30.50443943,-26.23799997,,,,,,,,,,,,,,,,,,,,
YRK28084,30.50319358,-26.23996502,,,,,,,,,,,,,,,,,,,,
YRK28085,30.50297771,-26.24331206,,,,,,,,,,,,,,,,,,,,
YRK28086,30.50320548,-26.24592354,,,,,,,,,,,,,,,,,,,,
YRK28087,30.50863541,-26.23801238,,,,,,,,,,,,,,,,,,,,
YRK28089,30.50513641,-26.24646333,,,,,,,,,,,,,,,,,,,,
YRK28090,30.5034898,-26.24772067,,,,,,,,,,,,,,,,,,,,
YRK28091,30.50045668,-26.24884545,,,,,,,,,,,,,,,,,,,,
YRK28092,30.49941533,-26.2518464,,,,,,,,,,,,,,,,,,,,
YRK28093,30.49910352,-26.25324015,,,,,,,,,,,,,,,,,,,,
YRK28094,30.50003027,-26.25607388,,,,,,,,,,,,,,,,,,,,
YRK28095,30.49845267,-26.25956542,,,,,,,,,,,,,,,,,,,,
YRK28096,30.50400738,-26.2564866,,,,,,,,,,,,,,,,,,,,
YRK28097,30.50799053,-26.25880473,,,,,,,,,,,,,,,,,,,,
YRK28099,30.50287587,-26.25965866,,,,,,,,,,,,,,,,,,,,
YRK28100,30.5056987,-26.25916253,,,,,,,,,,,,,,,,,,,,
YRK28102,30.50788137,-26.26702736,,,,,,,,,,,,,,,,,,,,
YRK28103,30.49886131,-26.26339642,,,,,,,,,,,,,,,,,,,,
YRK28104,30.50287518,-26.26359225,,,,,,,,,,,,,,,,,,,,
YRK28105,30.50049658,-26.27308874,,,,,,,,,,,,,,,,,,,,
YRK28106,30.49944988,-26.26831126,,,,,,,,,,,,,,,,,,,,
YRK28107,30.50390733,-26.26775014,,,,,,,,,,,,,,,,,,,,
YRK28109,30.49719554,-26.27898552,,,,,,,,,,,,,,,,,,,,
YRK28110,30.50093384,-26.27969059,,,,,,,,,,,,,,,,,,,,
YRK28111,30.50284332,-26.27954177,,,,,,,,,,,,,,,,,,,,
YRK28112,30.50081504,-26.27469159,,,,,,,,,,,,,,,,,,,,
YRK28113,30.50512102,-26.27687926,,,,,,,,,,,,,,,,,,,,
YRK28114,30.50623284,-26.27344466,,,,,,,,,,,,,,,,,,,,
YRK28115,30.50127826,-26.28406385,,,,,,,,,,,,,,,,,,,,
YRK28116,30.49933596,-26.28800639,,,,,,,,,,,,,,,,,,,,
YRK28117,30.50042555,-26.29187404,,,,,,,,,,,,,,,,,,,,
YRK28118,30.50206936,-26.28965695,,,,,,,,,,,,,,,,,,,,
YRK28119,30.51173854,-26.26026001,,,,,,,,,,,,,,,,,,,,
YRK28121,30.51613067,-26.25042565,,,,,,,,,,,,,,,,,,,,
YRK28122,30.5168921,-26.2479911,,,,,,,,,,,,,,,,,,,,
YRK28123,30.51533749,-26.24694597,,,,,,,,,,,,,,,,,,,,
YRK28124,30.51253054,-26.25439768,,,,,,,,,,,,,,,,,,,,
YRK28125,30.51183308,-26.25787843,,,,,,,,,,,,,,,,,,,,
YRK28126,30.51050503,-26.25970833,,,,,,,,,,,,,,,,,,,,
YRK28127,30.5090538,-26.24541952,,,,,,,,,,,,,,,,,,,,
YRK28128,30.50979507,-26.25657525,,,,,,,,,,,,,,,,,,,,
YRK28130,30.49982386,-26.18373031,,,,,,,,,,,,,,,,,,,,
YRK28131,30.50401756,-26.18581158,,,,,,,,,,,,,,,,,,,,
YRK28132,30.49571685,-26.18374772,,,,,,,,,,,,,,,,,,,,
YRK28133,30.47215258,-26.22985451,,,,,,,,,,,,,,,,,,,,
YRK28134,30.44662826,-26.19577082,,,,,,,,,,,,,,,,,,,,
YRK28135,30.44975964,-26.21681681,,,,,,,,,,,,,,,,,,,,
YRK28136,30.50805454,-26.2388587,,,,,,,,,,,,,,,,,,,,
YRK28137,30.48523346,-26.2457432,,,,,,,,,,,,,,,,,,,,
YRK28138,30.46440956,-26.20579568,,,,,,,,,,,,,,,,,,,,
YRK28139,30.43593564,-26.21436411,,,,,,,,,,,,,,,,,,,,
YRK28140,30.43652534,-26.21515866,,,,,,,,,,,,,,,,,,,,
YRK28141,30.5038238,-26.16169473,,,,,,,,,,,,,,,,,,,,
YRK28142,30.50586104,-26.15885632,,,,,,,,,,,,,,,,,,,,
YRK28143,30.50134115,-26.1590829,,,,,,,,,,,,,,,,,,,,
YRK28144,30.55535782,-26.29612667,,,,,,,,,,,,,,,,,,,,
YRK28145,30.55079269,-26.28495226,,,,,,,,,,,,,,,,,,,,
YRK28146,30.54398808,-26.28027206,,,,,,,,,,,,,,,,,,,,
YRK28147,30.56666646,-26.28532762,,,,,,,,,,,,,,,,,,,,
YRK28148,30.55124514,-26.28742716,,,,,,,,,,,,,,,,,,,,
YRK28149,30.47612414,-26.17447293,,,,,,,,,,,,,,,,,,,,
YRK28150,30.4488699,-26.18657682,,,,,,,,,,,,,,,,,,,,
YRK28151,30.42822497,-26.18493777,,,,,,,,,,,,,,,,,,,,
YRK28154,30.44425217,-26.17274021,,,,,,,,,,,,,,,,,,,,
YRK28157,30.45017698,-26.16535426,,,,,,,,,,,,,,,,,,,,
YRK28159,30.49958736,-26.28780991,,,,,,,,,,,,,,,,,,,,
YRK28160,30.50314311,-26.18817205,,,,,,,,,,,,,,,,,,,,
YRK28161,30.49971212,-26.25123161,,,,,,,,,,,,,,,,,,,,
YRK28162,30.48446731,-26.23739953,,,,,,,,,,,,,,,,,,,,
YRK28163,30.51931763,-26.22393172,,,,,,,,,,,,,,,,,,,,
YRK28164,30.49286122,-26.22084532,,,,,,,,,,,,,,,,,,,,
YRK28165,30.49677996,-26.204683,,,,,,,,,,,,,,,,,,,,
YRK28166,30.47361512,-26.23215225,,,,,,,,,,,,,,,,,,,,
YRK28167,30.43000348,-26.19724383,,,,,,,,,,,,,,,,,,,,
YRK28168,30.54868754,-26.28675806,,,,,,,,,,,,,,,,,,,,
YRK28169,30.55269264,-26.28323835,,,,,,,,,,,,,,,,,,,,
YRK28170,30.55112001,-26.28344076,,,,,,,,,,,,,,,,,,,,
YRK28171,30.55113186,-26.28170043,,,,,,,,,,,,,,,,,,,,
YRK28172,30.55431498,-26.28151708,,,,,,,,,,,,,,,,,,,,
YRK28173,30.54612051,-26.28131869,,,,,,,,,,,,,,,,,,,,
YRK28174,30.54302016,-26.27564759,,,,,,,,,,,,,,,,,,,,
YRK28175,30.55497537,-26.27626383,,,,,,,,,,,,,,,,,,,,
YRK28176,30.50589857,-26.25717003,,,,,,,,,,,,,,,,,,,,
YRK28177,30.5052074,-26.24354469,,,,,,,,,,,,,,,,,,,,
YRK28178,30.50500167,-26.26397466,,,,,,,,,,,,,,,,,,,,
YRK28179,30.50175551,-26.25317501,,,,,,,,,,,,,,,,,,,,
YRK28180,30.50560476,-26.25198236,,,,,,,,,,,,,,,,,,,,
YRK28181,30.51297482,-26.25029285,,,,,,,,,,,,,,,,,,,,
YRK28182,30.50558446,-26.25081506,,,,,,,,,,,,,,,,,,,,
YRK28183,30.50386325,-26.24929347,,,,,,,,,,,,,,,,,,,,
YRK28184,30.50117672,-26.24691513,,,,,,,,,,,,,,,,,,,,
YRK28185,30.55771035,-26.28703829,,,,,,,,,,,,,,,,,,,,
YRK28186,30.54523625,-26.29412545,,,,,,,,,,,,,,,,,,,,
YRK28187,30.50248743,-26.18065518,,,,,,,,,,,,,,,,,,,,
YRK28188,30.48959264,-26.23723678,,,,,,,,,,,,,,,,,,,,
YRK28189,30.48500132,-26.17038057,,,,,,,,,,,,,,,,,,,,
YRK28190,30.50390495,-26.24466357,,,,,,,,,,,,,,,,,,,,
YRK28192,30.45105128,-26.17466411,,,,,,,,,,,,,,,,,,,,
YRK28193,30.4508705,-26.26489557,,,,,,,,,,,,,,,,,,,,
YRK28194,30.56754585,-26.28328523,,,,,,,,,,,,,,,,,,,,
YRK28195,30.55373005,-26.28401199,,,,,,,,,,,,,,,,,,,,
YRK28196,30.45047624,-26.19816078,,,,,,,,,,,,,,,,,,,,
YRK28197,30.49153703,-26.16034702,,,,,,,,,,,,,,,,,,,,
YRK28198,30.48386711,-26.17330203,,,,,,,,,,,,,,,,,,,,
YRK28199,30.48173155,-26.17039461,,,,,,,,,,,,,,,,,,,,
YRK28200,30.47834797,-26.1674407,,,,,,,,,,,,,,,,,,,,
YRK28201,30.43357429,-26.157126,,,,,,,,,,,,,,,,,,,,
YRK28202,30.49196112,-26.16678222,,,,,,,,,,,,,,,,,,,,
YRK28203,30.46111684,-26.16394957,,,,,,,,,,,,,,,,,,,,
YRK28204,30.49054267,-26.16259581,,,,,,,,,,,,,,,,,,,,
YRK28205,30.4890523,-26.16249406,,,,,,,,,,,,,,,,,,,,
YRK28206,30.56475723,-26.29823354,,,,,,,,,,,,,,,,,,,,
YRK28207,30.48297344,-26.17278802,,,,,,,,,,,,,,,,,,,,
YRK28208,30.50807421,-26.15296452,,,,,,,,,,,,,,,,,,,,
YRK28209,30.4731509,-26.19010737,,,,,,,,,,,,,,,,,,,,
YRK28210,30.47618691,-26.17099083,,,,,,,,,,,,,,,,,,,,
YRK28211,30.48801992,-26.14926854,,,,,,,,,,,,,,,,,,,,
YRK28212,30.48086483,-26.22427021,,,,,,,,,,,,,,,,,,,,
YRK28214,30.55211036,-26.28456221,,,,,,,,,,,,,,,,,,,,
YRK28215,30.45514805,-26.25928804,,,,,,,,,,,,,,,,,,,,
YRK28216,30.47795979,-26.25052636,,,,,,,,,,,,,,,,,,,,
YRK28217,30.46780588,-26.27674969,,,,,,,,,,,,,,,,,,,,
YRK28218,30.47020626,-26.26925367,,,,,,,,,,,,,,,,,,,,
YRK28221,30.46806449,-26.26553084,,,,,,,,,,,,,,,,,,,,
YRK28222,30.48597209,-26.2134513,,,,,,,,,,,,,,,,,,,,
YRK28223,30.46449106,-26.20855662,,,,,,,,,,,,,,,,,,,,
YRK28224,30.48808426,-26.23547665,,,,,,,,,,,,,,,,,,,,
YRK28225,30.48205116,-26.24545797,,,,,,,,,,,,,,,,,,,,
YRK28226,30.48133228,-26.24042791,,,,,,,,,,,,,,,,,,,,
YRK28228,30.47040996,-26.20608929,,,,,,,,,,,,,,,,,,,,
YRK28229,30.48080147,-26.22548674,,,,,,,,,,,,,,,,,,,,
YRK28230,30.46979835,-26.23129686,,,,,,,,,,,,,,,,,,,,
YRK28231,30.47002081,-26.22974948,,,,,,,,,,,,,,,,,,,,
YRK28233,30.46711814,-26.22806497,,,,,,,,,,,,,,,,,,,,
YRK28235,30.47776547,-26.28095446,,,,,,,,,,,,,,,,,,,,
YRK28236,30.51596199,-26.13835692,,,,,,,,,,,,,,,,,,,,
YRK28237,30.51555507,-26.16469812,,,,,,,,,,,,,,,,,,,,
YRK28238,30.51007711,-26.15592631,,,,,,,,,,,,,,,,,,,,
YRK28239,30.48530997,-26.16682136,,,,,,,,,,,,,,,,,,,,
YRK28240,30.50519671,-26.25292157,,,,,,,,,,,,,,,,,,,,
YRK28241,30.49765908,-26.16449499,,,,,,,,,,,,,,,,,,,,
YRK28242,30.49941507,-26.15625103,,,,,,,,,,,,,,,,,,,,
YRK28243,30.508466,-26.24021438,,,,,,,,,,,,,,,,,,,,
YRK28244,30.49992609,-26.14293727,,,,,,,,,,,,,,,,,,,,
YRK28245,30.48044476,-26.16230931,,,,,,,,,,,,,,,,,,,,
YRK28246,30.48289051,-26.15305611,,,,,,,,,,,,,,,,,,,,
YRK28247,30.48657337,-26.16753523,,,,,,,,,,,,,,,,,,,,
YRK28248,30.48778993,-26.16713532,,,,,,,,,,,,,,,,,,,,
YRK28249,30.48538296,-26.16805947,,,,,,,,,,,,,,,,,,,,
YRK28250,30.48665258,-26.16628266,,,,,,,,,,,,,,,,,,,,
YRK28251,30.48882197,-26.16873548,,,,,,,,,,,,,,,,,,,,
YRK28252,30.45630862,-26.22446295,,,,,,,,,,,,,,,,,,,,
YRK28253,30.44004166,-26.21836861,,,,,,,,,,,,,,,,,,,,
YRK28254,30.48696137,-26.16503533,,,,,,,,,,,,,,,,,,,,
YRK28255,30.47878109,-26.17001419,,,,,,,,,,,,,,,,,,,,
YRK28256,30.48615541,-26.18092856,,,,,,,,,,,,,,,,,,,,
YRK28257,30.48790154,-26.1818742,,,,,,,,,,,,,,,,,,,,
YRK28258,30.43966111,-26.21709229,,,,,,,,,,,,,,,,,,,,
YRK28259,30.43549223,-26.20930551,,,,,,,,,,,,,,,,,,,,
YRK28260,30.43450051,-26.20852469,,,,,,,,,,,,,,,,,,,,
YRK28261,30.46615236,-26.18922462,,,,,,,,,,,,,,,,,,,,
YRK28262,30.45650237,-26.18941195,,,,,,,,,,,,,,,,,,,,
YRK28263,30.45453431,-26.19682812,,,,,,,,,,,,,,,,,,,,
YRK28264,30.46253148,-26.18795401,,,,,,,,,,,,,,,,,,,,
YRK28265,30.43568317,-26.1840635,,,,,,,,,,,,,,,,,,,,
YRK28266,30.43359295,-26.1897088,,,,,,,,,,,,,,,,,,,,
YRK28267,30.43669305,-26.1873161,,,,,,,,,,,,,,,,,,,,
YRK28268,30.42301618,-26.17879448,,,,,,,,,,,,,,,,,,,,
YRK28270,30.43176997,-26.18684131,,,,,,,,,,,,,,,,,,,,
YRK28271,30.42508996,-26.18872215,,,,,,,,,,,,,,,,,,,,
YRK28272,30.49959411,-26.22681934,,,,,,,,,,,,,,,,,,,,
YRK28273,30.49863278,-26.2226837,,,,,,,,,,,,,,,,,,,,
YRK28274,30.4897999,-26.21174559,,,,,,,,,,,,,,,,,,,,
YRK28275,30.49452008,-26.18458933,,,,,,,,,,,,,,,,,,,,
YRK28277,30.43763759,-26.16471271,,,,,,,,,,,,,,,,,,,,
YRK28278,30.44314572,-26.16221943,,,,,,,,,,,,,,,,,,,,
YRK28279,30.47032723,-26.17951869,,,,,,,,,,,,,,,,,,,,
YRK28280,30.5112236,-26.16600829,,,,,,,,,,,,,,,,,,,,
YRK28281,30.50748347,-26.14899028,,,,,,,,,,,,,,,,,,,,
YRK28282,30.49111818,-26.16714643,,,,,,,,,,,,,,,,,,,,
YRK28283,30.50837943,-26.14208096,,,,,,,,,,,,,,,,,,,,
YRK28284,30.49655156,-26.15427477,,,,,,,,,,,,,,,,,,,,
YRK28285,30.50718251,-26.14675801,,,,,,,,,,,,,,,,,,,,
YRK28286,30.46851189,-26.18689695,,,,,,,,,,,,,,,,,,,,
YRK28287,30.49929899,-26.16325163,,,,,,,,,,,,,,,,,,,,
YRK28288,30.49704359,-26.14775614,,,,,,,,,,,,,,,,,,,,
YRK28289,30.49816657,-26.15446205,,,,,,,,,,,,,,,,,,,,
YRK28290,30.43790073,-26.16937595,,,,,,,,,,,,,,,,,,,,
YRK28291,30.43887188,-26.13019325,,,,,,,,,,,,,,,,,,,,
YRK28292,30.42796131,-26.13437656,,,,,,,,,,,,,,,,,,,,
YRK28293,30.45615966,-26.14765192,,,,,,,,,,,,,,,,,,,,
YRK28294,30.44309086,-26.13656763,,,,,,,,,,,,,,,,,,,,
YRK28295,30.43072582,-26.13357496,,,,,,,,,,,,,,,,,,,,
YRK28296,30.49695286,-26.15306418,,,,,,,,,,,,,,,,,,,,
YRK28297,30.49507836,-26.15680856,,,,,,,,,,,,,,,,,,,,
YRK28298,30.48723052,-26.19114783,,,,,,,,,,,,,,,,,,,,
YRK28299,30.49030098,-26.1607335,,,,,,,,,,,,,,,,,,,,
YRK28300,30.48091634,-26.16584676,,,,,,,,,,,,,,,,,,,,
YRK28302,30.50057188,-26.21972855,,,,,,,,,,,,,,,,,,,,
YRK28303,30.50044885,-26.21861447,,,,,,,,,,,,,,,,,,,,
YRK28304,30.49862853,-26.218159,,,,,,,,,,,,,,,,,,,,
YRK28305,30.49250945,-26.18962328,,,,,,,,,,,,,,,,,,,,
YRK28307,30.49913513,-26.19045676,,,,,,,,,,,,,,,,,,,,
YRK28308,30.4792728,-26.19979701,,,,,,,,,,,,,,,,,,,,
YRK28309,30.48219164,-26.15717192,,,,,,,,,,,,,,,,,,,,
YRK28310,30.46407033,-26.1658663,,,,,,,,,,,,,,,,,,,,
YRK28312,30.46110747,-26.26841408,,,,,,,,,,,,,,,,,,,,
YRK28313,30.46701192,-26.2677576,,,,,,,,,,,,,,,,,,,,
YRK28314,30.48053762,-26.25094319,,,,,,,,,,,,,,,,,,,,
YRK28318,30.43428787,-26.15918509,,,,,,,,,,,,,,,,,,,,
YRK28319,30.43659509,-26.15469699,,,,,,,,,,,,,,,,,,,,
YRK28320,30.44287726,-26.15731063,,,,,,,,,,,,,,,,,,,,
YRK28321,30.43829459,-26.17518546,,,,,,,,,,,,,,,,,,,,
YRK28324,30.51019235,-26.17629286,,,,,,,,,,,,,,,,,,,,
YRK28325,30.50676684,-26.15432046,,,,,,,,,,,,,,,,,,,,
YRK28326,30.51810477,-26.15307086,,,,,,,,,,,,,,,,,,,,
YRK28327,30.50878209,-26.16098842,,,,,,,,,,,,,,,,,,,,
YRK28328,30.50016978,-26.16761683,,,,,,,,,,,,,,,,,,,,
YRK28329,30.48757569,-26.15556478,,,,,,,,,,,,,,,,,,,,
YRK28330,30.48130024,-26.15544809,,,,,,,,,,,,,,,,,,,,
YRK28331,30.47705283,-26.15348042,,,,,,,,,,,,,,,,,,,,
YRK28332,30.48778893,-26.15938375,,,,,,,,,,,,,,,,,,,,
YRK28333,30.48350667,-26.2380978,,,,,,,,,,,,,,,,,,,,
YRK28334,30.48860204,-26.24067382,,,,,,,,,,,,,,,,,,,,
YRK28335,30.48936651,-26.23362615,,,,,,,,,,,,,,,,,,,,
YRK28336,30.48055625,-26.23427631,,,,,,,,,,,,,,,,,,,,
YRK28337,30.47792361,-26.23662705,,,,,,,,,,,,,,,,,,,,
YRK28338,30.4790906,-26.23684076,,,,,,,,,,,,,,,,,,,,
YRK28339,30.4857094,-26.23076402,,,,,,,,,,,,,,,,,,,,
YRK28340,30.50441513,-26.22452469,,,,,,,,,,,,,,,,,,,,
YRK28341,30.50482751,-26.22210503,,,,,,,,,,,,,,,,,,,,
YRK28342,30.5026081,-26.22048167,,,,,,,,,,,,,,,,,,,,
YRK28343,30.50304249,-26.21705612,,,,,,,,,,,,,,,,,,,,
YRK28344,30.50133399,-26.21696806,,,,,,,,,,,,,,,,,,,,
YRK28345,30.49745191,-26.21648893,,,,,,,,,,,,,,,,,,,,
YRK28346,30.50161449,-26.21113745,,,,,,,,,,,,,,,,,,,,
YRK28347,30.49751018,-26.22404674,,,,,,,,,,,,,,,,,,,,
YRK28348,30.49945144,-26.20443564,,,,,,,,,,,,,,,,,,,,
YRK28349,30.49381123,-26.20048564,,,,,,,,,,,,,,,,,,,,
YRK28350,30.48936085,-26.22016138,,,,,,,,,,,,,,,,,,,,
YRK28351,30.48788474,-26.22037468,,,,,,,,,,,,,,,,,,,,
YRK28352,30.4933278,-26.16893314,,,,,,,,,,,,,,,,,,,,
YRK28353,30.48483041,-26.1738809,,,,,,,,,,,,,,,,,,,,
YRK28354,30.49010559,-26.18268525,,,,,,,,,,,,,,,,,,,,
YRK28355,30.4726747,-26.17575015,,,,,,,,,,,,,,,,,,,,
YRK28356,30.47516812,-26.16879121,,,,,,,,,,,,,,,,,,,,
YRK28357,30.50073666,-26.17355752,,,,,,,,,,,,,,,,,,,,
YRK28358,30.46729293,-26.15789636,,,,,,,,,,,,,,,,,,,,
YRK28359,30.46924616,-26.19662838,,,,,,,,,,,,,,,,,,,,
YRK28360,30.50755651,-26.18784984,,,,,,,,,,,,,,,,,,,,
YRK28361,30.50539118,-26.19636044,,,,,,,,,,,,,,,,,,,,
YRK28362,30.49313897,-26.18832655,,,,,,,,,,,,,,,,,,,,
YRK28363,30.50214009,-26.2178252,,,,,,,,,,,,,,,,,,,,
YRK28364,30.48211471,-26.21105446,,,,,,,,,,,,,,,,,,,,
YRK28365,30.47675971,-26.20522432,,,,,,,,,,,,,,,,,,,,
YRK28366,30.48072759,-26.1939758,,,,,,,,,,,,,,,,,,,,
YRK28367,30.48526538,-26.18919548,,,,,,,,,,,,,,,,,,,,
YRK28368,30.43983727,-26.13534691,,,,,,,,,,,,,,,,,,,,
YRK28371,30.48835409,-26.21620025,,,,,,,,,,,,,,,,,,,,
YRK28372,30.48370831,-26.20356709,,,,,,,,,,,,,,,,,,,,
YRK28373,30.48246566,-26.20566849,,,,,,,,,,,,,,,,,,,,
YRK28374,30.48331666,-26.20201093,,,,,,,,,,,,,,,,,,,,
YRK28375,30.50037257,-26.19247779,,,,,,,,,,,,,,,,,,,,
YRK28376,30.50176096,-26.18574817,,,,,,,,,,,,,,,,,,,,
YRK28377,30.50411733,-26.18878619,,,,,,,,,,,,,,,,,,,,
YRK28378,30.50473529,-26.18715246,,,,,,,,,,,,,,,,,,,,
YRK28379,30.49569129,-26.19354535,,,,,,,,,,,,,,,,,,,,
YRK28380,30.49356443,-26.19926358,,,,,,,,,,,,,,,,,,,,
YRK28381,30.49275176,-26.18561703,,,,,,,,,,,,,,,,,,,,
YRK28382,30.49240072,-26.19104109,,,,,,,,,,,,,,,,,,,,
YRK28383,30.49171767,-26.19319275,,,,,,,,,,,,,,,,,,,,
YRK28384,30.49074395,-26.19327587,,,,,,,,,,,,,,,,,,,,
YRK28385,30.4831857,-26.19242627,,,,,,,,,,,,,,,,,,,,
YRK28386,30.48361127,-26.19273993,,,,,,,,,,,,,,,,,,,,
YRK28387,30.48277362,-26.19331274,,,,,,,,,,,,,,,,,,,,
YRK28388,30.48359607,-26.19470067,,,,,,,,,,,,,,,,,,,,
YRK28389,30.48543214,-26.19818226,,,,,,,,,,,,,,,,,,,,
YRK28390,30.46146911,-26.21939017,,,,,,,,,,,,,,,,,,,,
YRK28391,30.46592592,-26.22447888,,,,,,,,,,,,,,,,,,,,
YRK28392,30.46817505,-26.21307762,,,,,,,,,,,,,,,,,,,,
YRK28393,30.45250295,-26.22663102,,,,,,,,,,,,,,,,,,,,
YRK28394,30.45772352,-26.19464849,,,,,,,,,,,,,,,,,,,,
YRK28395,30.46236592,-26.19546854,,,,,,,,,,,,,,,,,,,,
YRK28396,30.45479426,-26.19860983,,,,,,,,,,,,,,,,,,,,
YRK28397,30.43255405,-26.19671609,,,,,,,,,,,,,,,,,,,,
YRK28398,30.44376259,-26.19105096,,,,,,,,,,,,,,,,,,,,
YRK28399,30.43947908,-26.18951952,,,,,,,,,,,,,,,,,,,,
YRK28400,30.49152651,-26.1916372,,,,,,,,,,,,,,,,,,,,
YRK28401,30.43976902,-26.13996512,,,,,,,,,,,,,,,,,,,,
YRK28403,30.42404769,-26.19545359,,,,,,,,,,,,,,,,,,,,
YRK28404,30.43777884,-26.22724895,,,,,,,,,,,,,,,,,,,,
YRK28405,30.4432371,-26.13675625,,,,,,,,,,,,,,,,,,,,
YRK28406,30.4633838,-26.27967249,,,,,,,,,,,,,,,,,,,,
YRK28407,30.44521348,-26.1340667,,,,,,,,,,,,,,,,,,,,
YRK28409,30.4726649,-26.24837787,,,,,,,,,,,,,,,,,,,,
YRK28410,30.46756609,-26.24436733,,,,,,,,,,,,,,,,,,,,
YRK28413,30.45404031,-26.23016297,,,,,,,,,,,,,,,,,,,,
YRK28414,30.4525164,-26.22988784,,,,,,,,,,,,,,,,,,,,
YRK28415,30.46089097,-26.22693309,,,,,,,,,,,,,,,,,,,,
YRK28416,30.45339187,-26.22656529,,,,,,,,,,,,,,,,,,,,
YRK28417,30.45606968,-26.22776548,,,,,,,,,,,,,,,,,,,,
YRK28421,30.47277879,-26.20214824,,,,,,,,,,,,,,,,,,,,
YRK28422,30.47016452,-26.21254609,,,,,,,,,,,,,,,,,,,,
YRK28423,30.45614616,-26.21217089,,,,,,,,,,,,,,,,,,,,
YRK28424,30.45544706,-26.21148337,,,,,,,,,,,,,,,,,,,,
YRK28425,30.4526256,-26.2042274,,,,,,,,,,,,,,,,,,,,
YRK28427,30.4513384,-26.13560822,,,,,,,,,,,,,,,,,,,,
YRK28428,30.47950657,-26.26573087,,,,,,,,,,,,,,,,,,,,
YRK28429,30.48899941,-26.241508,,,,,,,,,,,,,,,,,,,,
YRK28430,30.47751319,-26.23907834,,,,,,,,,,,,,,,,,,,,
YRK28431,30.47448952,-26.24306059,,,,,,,,,,,,,,,,,,,,
YRK28433,30.48718842,-26.23796467,,,,,,,,,,,,,,,,,,,,
YRK28434,30.43739899,-26.17942089,,,,,,,,,,,,,,,,,,,,
YRK28435,30.51297577,-26.25885024,,,,,,,,,,,,,,,,,,,,
YRK28436,30.5162931,-26.24736636,,,,,,,,,,,,,,,,,,,,
YRK28437,30.50361852,-26.27670028,,,,,,,,,,,,,,,,,,,,
YRK28438,30.51053347,-26.23781716,,,,,,,,,,,,,,,,,,,,
YRK28439,30.50747229,-26.24846301,,,,,,,,,,,,,,,,,,,,
YRK28440,30.50731446,-26.27522725,,,,,,,,,,,,,,,,,,,,
YRK28441,30.50304762,-26.24182916,,,,,,,,,,,,,,,,,,,,
YRK28442,30.50225669,-26.25572807,,,,,,,,,,,,,,,,,,,,
YRK28443,30.50570081,-26.25415121,,,,,,,,,,,,,,,,,,,,
YRK28444,30.50028062,-26.26481762,,,,,,,,,,,,,,,,,,,,
YRK28445,30.5006166,-26.26728916,,,,,,,,,,,,,,,,,,,,
YRK28446,30.44216879,-26.2272088,,,,,,,,,,,,,,,,,,,,
YRK28447,30.43693728,-26.20957902,,,,,,,,,,,,,,,,,,,,
YRK28448,30.43485647,-26.20301472,,,,,,,,,,,,,,,,,,,,
YRK28449,30.47407475,-26.19329726,,,,,,,,,,,,,,,,,,,,
YRK28450,30.46373439,-26.18712685,,,,,,,,,,,,,,,,,,,,
YRK28451,30.45240423,-26.19060273,,,,,,,,,,,,,,,,,,,,
YRK28452,30.46469514,-26.17826003,,,,,,,,,,,,,,,,,,,,
YRK28453,30.54391356,-26.27726001,,,,,,,,,,,,,,,,,,,,
YRK28454,30.56802936,-26.29918837,,,,,,,,,,,,,,,,,,,,
YRK28455,30.54433433,-26.2791567,,,,,,,,,,,,,,,,,,,,
YRK28456,30.49879481,-26.18220511,,,,,,,,,,,,,,,,,,,,
YRK28457,30.51165596,-26.25630441,,,,,,,,,,,,,,,,,,,,
YRK28458,30.51234548,-26.25828648,,,,,,,,,,,,,,,,,,,,
YRK28459,30.50676926,-26.15632387,,,,,,,,,,,,,,,,,,,,
YRK28462,30.5610249,-26.28824295,,,,,,,,,,,,,,,,,,,,
YRK28463,30.50322625,-26.17726907,,,,,,,,,,,,,,,,,,,,
YRK28464,30.48267449,-26.16424108,,,,,,,,,,,,,,,,,,,,
YRK28465,30.5194336,-26.22520483,,,,,,,,,,,,,,,,,,,,
YRK28466,30.52335533,-26.22533644,,,,,,,,,,,,,,,,,,,,
YRK28467,30.5246857,-26.22128041,,,,,,,,,,,,,,,,,,,,
YRK28468,30.52225838,-26.22477959,,,,,,,,,,,,,,,,,,,,
YRK28469,30.54311214,-26.2790678,,,,,,,,,,,,,,,,,,,,
YRK28470,30.56833943,-26.29705922,,,,,,,,,,,,,,,,,,,,
YRK28471,30.56019718,-26.29803359,,,,,,,,,,,,,,,,,,,,
YRK28472,30.56206284,-26.27334477,,,,,,,,,,,,,,,,,,,,
YRK28473,30.5547651,-26.28809208,,,,,,,,,,,,,,,,,,,,
YRK28474,30.44795318,-26.14047501,,,,,,,,,,,,,,,,,,,,
YRK28475,30.45288071,-26.13976354,,,,,,,,,,,,,,,,,,,,
YRK28476,30.45283268,-26.13814054,,,,,,,,,,,,,,,,,,,,
YRK28477,30.49745312,-26.28307938,,,,,,,,,,,,,,,,,,,,
YRK28478,30.49783831,-26.28234997,,,,,,,,,,,,,,,,,,,,
YRK28479,30.50167582,-26.28838001,,,,,,,,,,,,,,,,,,,,
YRK28480,30.42255248,-26.13920472,,,,,,,,,,,,,,,,,,,,
YRK28481,30.44044458,-26.14729889,,,,,,,,,,,,,,,,,,,,
YRK28482,30.42657272,-26.14755354,,,,,,,,,,,,,,,,,,,,
YRK28483,30.45764041,-26.25524802,,,,,,,,,,,,,,,,,,,,
YRK28484,30.47248658,-26.15835797,,,,,,,,,,,,,,,,,,,,
YRK28485,30.47037458,-26.16006309,,,,,,,,,,,,,,,,,,,,
YRK28486,30.49939581,-26.17829612,,,,,,,,,,,,,,,,,,,,
YRK28487,30.48798951,-26.18375306,,,,,,,,,,,,,,,,,,,,
YRK28488,30.49069625,-26.18191309,,,,,,,,,,,,,,,,,,,,
YRK28489,30.48655212,-26.18447045,,,,,,,,,,,,,,,,,,,,
YRK28490,30.48360198,-26.1846182,,,,,,,,,,,,,,,,,,,,
YRK28491,30.48301649,-26.18414478,,,,,,,,,,,,,,,,,,,,
YRK28492,30.48669494,-26.18572716,,,,,,,,,,,,,,,,,,,,
YRK28493,30.56491986,-26.28360252,,,,,,,,,,,,,,,,,,,,
YRK28494,30.50786656,-26.24178121,,,,,,,,,,,,,,,,,,,,
YRK28495,30.51231884,-26.24254229,,,,,,,,,,,,,,,,,,,,
YRK28496,30.51040262,-26.24323994,,,,,,,,,,,,,,,,,,,,
YRK28497,30.51506864,-26.24637219,,,,,,,,,,,,,,,,,,,,
YRK28498,30.50825227,-26.27021593,,,,,,,,,,,,,,,,,,,,
YRK28499,30.50419739,-26.26943885,,,,,,,,,,,,,,,,,,,,
YRK28500,30.47247884,-26.24333106,,,,,,,,,,,,,,,,,,,,
YRK28501,30.45240109,-26.17777934,,,,,,,,,,,,,,,,,,,,
YRK28502,30.43594782,-26.16209334,,,,,,,,,,,,,,,,,,,,
YRK28503,30.46747189,-26.23980331,,,,,,,,,,,,,,,,,,,,
YRK28504,30.50292469,-26.22990293,,,,,,,,,,,,,,,,,,,,
YRK28505,30.49726103,-26.22692405,,,,,,,,,,,,,,,,,,,,
YRK28506,30.50466832,-26.21775581,,,,,,,,,,,,,,,,,,,,
YRK28507,30.45249541,-26.14498565,,,,,,,,,,,,,,,,,,,,
YRK28508,30.48792348,-26.28222932,,,,,,,,,,,,,,,,,,,,
YRK28509,30.52005441,-26.16768702,,,,,,,,,,,,,,,,,,,,
YRK28510,30.47538338,-26.21251581,,,,,,,,,,,,,,,,,,,,
YRK28511,30.47235048,-26.23901468,,,,,,,,,,,,,,,,,,,,
YRK28512,30.45457969,-26.14811774,,,,,,,,,,,,,,,,,,,,
YRK28513,30.47708501,-26.19600379,,,,,,,,,,,,,,,,,,,,
YRK28514,30.44675046,-26.15444221,,,,,,,,,,,,,,,,,,,,
YRK28517,30.44611099,-26.16294011,,,,,,,,,,,,,,,,,,,,
YRK28519,30.48019207,-26.20105627,,,,,,,,,,,,,,,,,,,,
YRK28520,30.48360207,-26.25026983,,,,,,,,,,,,,,,,,,,,
YRK28521,30.51495323,-26.24914998,,,,,,,,,,,,,,,,,,,,
YRK28522,30.46424806,-26.2579711,,,,,,,,,,,,,,,,,,,,
YRK28523,30.51694268,-26.13606209,,,,,,,,,,,,,,,,,,,,
YRK28524,30.47387488,-26.17700773,,,,,,,,,,,,,,,,,,,,
YRK28525,30.46898177,-26.17899507,,,,,,,,,,,,,,,,,,,,
YRK28526,30.50316878,-26.14087091,,,,,,,,,,,,,,,,,,,,
YRK28527,30.5170717,-26.15284697,,,,,,,,,,,,,,,,,,,,
YRK28528,30.52137852,-26.22539305,,,,,,,,,,,,,,,,,,,,
YRK28529,30.47607714,-26.24026708,,,,,,,,,,,,,,,,,,,,
YRK28530,30.47615142,-26.24605574,,,,,,,,,,,,,,,,,,,,
YRK28531,30.46305801,-26.22053014,,,,,,,,,,,,,,,,,,,,
YRK28532,30.45953149,-26.21782588,,,,,,,,,,,,,,,,,,,,
YRK28533,30.4636274,-26.21791871,,,,,,,,,,,,,,,,,,,,
YRK28534,30.44907711,-26.19168815,,,,,,,,,,,,,,,,,,,,
YRK28535,30.56594231,-26.28089338,,,,,,,,,,,,,,,,,,,,
YRK28536,30.46923944,-26.23406677,,,,,,,,,,,,,,,,,,,,
YRK28537,30.47229656,-26.23980217,,,,,,,,,,,,,,,,,,,,
YRK28538,30.44816699,-26.18257028,,,,,,,,,,,,,,,,,,,,
YRK28539,30.48732478,-26.23843169,,,,,,,,,,,,,,,,,,,,
YRK28540,30.4936605,-26.22839703,,,,,,,,,,,,,,,,,,,,
YRK28541,30.50471535,-26.24157051,,,,,,,,,,,,,,,,,,,,
YRK28542,30.47562285,-26.23708456,,,,,,,,,,,,,,,,,,,,
YRK28543,30.46929032,-26.25404924,,,,,,,,,,,,,,,,,,,,
YRK28544,30.4750262,-26.23526608,,,,,,,,,,,,,,,,,,,,
YRK28545,30.44614649,-26.19489936,,,,,,,,,,,,,,,,,,,,
YRK28546,30.46549931,-26.21844644,,,,,,,,,,,,,,,,,,,,
YRK28547,30.48893044,-26.18515219,,,,,,,,,,,,,,,,,,,,
YRK28548,30.47708122,-26.26842101,,,,,,,,,,,,,,,,,,,,
YRK28549,30.46133128,-26.16137254,,,,,,,,,,,,,,,,,,,,
YRK28550,30.50279014,-26.28608472,,,,,,,,,,,,,,,,,,,,
YRK28551,30.50425287,-26.2826023,,,,,,,,,,,,,,,,,,,,
YRK28552,30.50462195,-26.28342288,,,,,,,,,,,,,,,,,,,,
YRK28553,30.47420907,-26.23978796,,,,,,,,,,,,,,,,,,,,
YRK28554,30.44934046,-26.19618578,,,,,,,,,,,,,,,,,,,,
YRK28555,30.44383707,-26.19438238,,,,,,,,,,,,,,,,,,,,
YRK28556,30.47546755,-26.21859223,,,,,,,,,,,,,,,,,,,,
YRK28557,30.47634624,-26.22169395,,,,,,,,,,,,,,,,,,,,
YRK28558,30.47804472,-26.22246219,,,,,,,,,,,,,,,,,,,,
YRK28560,30.49684539,-26.22765766,,,,,,,,,,,,,,,,,,,,
YRK28561,30.47183528,-26.24134723,,,,,,,,,,,,,,,,,,,,
YRK28562,30.49111636,-26.22923747,,,,,,,,,,,,,,,,,,,,
YRK28563,30.48962148,-26.22821202,,,,,,,,,,,,,,,,,,,,
YRK28564,30.48910032,-26.2271778,,,,,,,,,,,,,,,,,,,,
YRK28565,30.4876862,-26.22858639,,,,,,,,,,,,,,,,,,,,
YRK28566,30.51009999,-26.19351461,,,,,,,,,,,,,,,,,,,,
YRK28567,30.51056399,-26.1938923,,,,,,,,,,,,,,,,,,,,
YRK28568,30.50875921,-26.26218913,,,,,,,,,,,,,,,,,,,,
YRK28569,30.49556542,-26.20194841,,,,,,,,,,,,,,,,,,,,
YRK28570,30.49476063,-26.19915112,,,,,,,,,,,,,,,,,,,,
YRK28571,30.49687753,-26.20152982,,,,,,,,,,,,,,,,,,,,
YRK28572,30.4824577,-26.21934155,,,,,,,,,,,,,,,,,,,,
YRK28573,30.48156193,-26.21949182,,,,,,,,,,,,,,,,,,,,
YRK28574,30.48162664,-26.2177781,,,,,,,,,,,,,,,,,,,,
YRK28575,30.44673259,-26.20733809,,,,,,,,,,,,,,,,,,,,
YRK28576,30.42564294,-26.19788453,,,,,,,,,,,,,,,,,,,,
YRK28577,30.43876999,-26.23062783,,,,,,,,,,,,,,,,,,,,
YRK28578,30.49067359,-26.15967031,,,,,,,,,,,,,,,,,,,,
YRK28580,30.31258704,-26.14691997,,,,,,,,,,,,,,,,,,,,
YRK28581,30.31060691,-26.15366615,,,,,,,,,,,,,,,,,,,,
YRK28585,30.31522078,-26.14671174,,,,,,,,,,,,,,,,,,,,
YRK28586,30.31720357,-26.14623251,,,,,,,,,,,,,,,,,,,,
YRK28587,30.31465034,-26.14119899,,,,,,,,,,,,,,,,,,,,
YRK28588,30.30656333,-26.14508204,,,,,,,,,,,,,,,,,,,,
YRK28590,30.31530379,-26.13758764,,,,,,,,,,,,,,,,,,,,
YRK28591,30.31356205,-26.13358107,,,,,,,,,,,,,,,,,,,,
YRK28592,30.31126757,-26.12905123,,,,,,,,,,,,,,,,,,,,
YRK28593,30.30926491,-26.13898713,,,,,,,,,,,,,,,,,,,,
YRK28594,30.30632494,-26.13840938,,,,,,,,,,,,,,,,,,,,
YRK28598,30.30423898,-26.13073325,,,,,,,,,,,,,,,,,,,,
YRK28599,30.30876548,-26.13274523,,,,,,,,,,,,,,,,,,,,
YRK28600,30.30720629,-26.12900919,,,,,,,,,,,,,,,,,,,,
YRK28602,30.42194648,-26.13535042,,,,,,,,,,,,,,,,,,,,
YRK28603,30.42411848,-26.13210074,,,,,,,,,,,,,,,,,,,,
YRK28604,30.42642387,-26.13349875,,,,,,,,,,,,,,,,,,,,
YRK28605,30.42424046,-26.1346753,,,,,,,,,,,,,,,,,,,,
YRK28606,30.43019258,-26.13171085,,,,,,,,,,,,,,,,,,,,
YRK28607,30.4279982,-26.12959171,,,,,,,,,,,,,,,,,,,,
YRK28608,30.4250249,-26.12659431,,,,,,,,,,,,,,,,,,,,
YRK28609,30.42186148,-26.12214868,,,,,,,,,,,,,,,,,,,,
YRK28610,30.4247216,-26.12220168,,,,,,,,,,,,,,,,,,,,
YRK28611,30.42831196,-26.1223727,,,,,,,,,,,,,,,,,,,,
YRK28612,30.43126613,-26.11879638,,,,,,,,,,,,,,,,,,,,
YRK28613,30.42851834,-26.11824017,,,,,,,,,,,,,,,,,,,,
YRK28614,30.43498361,-26.11801706,,,,,,,,,,,,,,,,,,,,
YRK28615,30.43625385,-26.11551895,,,,,,,,,,,,,,,,,,,,
YRK28617,30.43654914,-26.11260849,,,,,,,,,,,,,,,,,,,,
YRK28618,30.43234887,-26.1121582,,,,,,,,,,,,,,,,,,,,
YRK28619,30.42982753,-26.10934324,,,,,,,,,,,,,,,,,,,,
YRK28620,30.42852975,-26.11429521,,,,,,,,,,,,,,,,,,,,
YRK28621,30.4276205,-26.10658558,,,,,,,,,,,,,,,,,,,,
YRK28622,30.42495115,-26.10505078,,,,,,,,,,,,,,,,,,,,
YRK28623,30.42467534,-26.10950978,,,,,,,,,,,,,,,,,,,,
YRK28624,30.42015316,-26.11117169,,,,,,,,,,,,,,,,,,,,
YRK28625,30.42208605,-26.11350146,,,,,,,,,,,,,,,,,,,,
YRK28626,30.42489909,-26.11673704,,,,,,,,,,,,,,,,,,,,
YRK28630,30.41686625,-26.11373451,,,,,,,,,,,,,,,,,,,,
YRK28631,30.41220867,-26.11861461,,,,,,,,,,,,,,,,,,,,
YRK28633,30.40376297,-26.1240589,,,,,,,,,,,,,,,,,,,,
YRK28634,30.40531953,-26.12579392,,,,,,,,,,,,,,,,,,,,
YRK28635,30.40998048,-26.1231525,,,,,,,,,,,,,,,,,,,,
YRK28638,30.40346096,-26.12895547,,,,,,,,,,,,,,,,,,,,
YRK28639,30.40458779,-26.13210452,,,,,,,,,,,,,,,,,,,,
YRK28640,30.41010746,-26.13171644,,,,,,,,,,,,,,,,,,,,
YRK28641,30.40855598,-26.13341524,,,,,,,,,,,,,,,,,,,,
YRK28642,30.4109852,-26.13426517,,,,,,,,,,,,,,,,,,,,
YRK28643,30.40615349,-26.13803058,,,,,,,,,,,,,,,,,,,,
YRK28644,30.40835882,-26.13969286,,,,,,,,,,,,,,,,,,,,
YRK28645,30.41060767,-26.13761564,,,,,,,,,,,,,,,,,,,,
YRK28647,30.41303998,-26.11469502,,,,,,,,,,,,,,,,,,,,
YRK28648,30.41261622,-26.1135941,,,,,,,,,,,,,,,,,,,,
YRK28649,30.41315015,-26.11181639,,,,,,,,,,,,,,,,,,,,
YRK28650,30.40669544,-26.10967281,,,,,,,,,,,,,,,,,,,,
YRK28651,30.4046151,-26.10751273,,,,,,,,,,,,,,,,,,,,
YRK28652,30.40419774,-26.10332419,,,,,,,,,,,,,,,,,,,,
YRK28654,30.40363986,-26.09928068,,,,,,,,,,,,,,,,,,,,
YRK28655,30.40682361,-26.09806769,,,,,,,,,,,,,,,,,,,,
YRK28656,30.40859939,-26.1027738,,,,,,,,,,,,,,,,,,,,
YRK28657,30.41026614,-26.09899483,,,,,,,,,,,,,,,,,,,,
YRK28658,30.40749118,-26.1015094,,,,,,,,,,,,,,,,,,,,
YRK28659,30.40839767,-26.10681168,,,,,,,,,,,,,,,,,,,,
YRK28660,30.41415348,-26.10959834,,,,,,,,,,,,,,,,,,,,
YRK28661,30.41793738,-26.10922607,,,,,,,,,,,,,,,,,,,,
YRK28662,30.41812726,-26.10497795,,,,,,,,,,,,,,,,,,,,
YRK28663,30.42080361,-26.10524728,,,,,,,,,,,,,,,,,,,,
YRK28664,30.41952682,-26.10644641,,,,,,,,,,,,,,,,,,,,
YRK28665,30.41780052,-26.11139043,,,,,,,,,,,,,,,,,,,,
YRK28666,30.42209518,-26.10294827,,,,,,,,,,,,,,,,,,,,
YRK28667,30.42006507,-26.14070371,,,,,,,,,,,,,,,,,,,,
YRK28668,30.41990736,-26.14337127,,,,,,,,,,,,,,,,,,,,
YRK28670,30.41881934,-26.14659955,,,,,,,,,,,,,,,,,,,,
YRK28671,30.42316064,-26.14716746,,,,,,,,,,,,,,,,,,,,
YRK28672,30.42175098,-26.14949648,,,,,,,,,,,,,,,,,,,,
YRK28673,30.42535555,-26.149575,,,,,,,,,,,,,,,,,,,,
YRK28674,30.4244447,-26.15184605,,,,,,,,,,,,,,,,,,,,
YRK28675,30.41724605,-26.15179167,,,,,,,,,,,,,,,,,,,,
YRK28676,30.40554306,-26.15822669,,,,,,,,,,,,,,,,,,,,
YRK28677,30.4107403,-26.15578564,,,,,,,,,,,,,,,,,,,,
YRK28678,30.41399268,-26.15648676,,,,,,,,,,,,,,,,,,,,
YRK28679,30.41557998,-26.15536172,,,,,,,,,,,,,,,,,,,,
YRK28680,30.41548336,-26.15730937,,,,,,,,,,,,,,,,,,,,
YRK28681,30.42176863,-26.15761613,,,,,,,,,,,,,,,,,,,,
YRK28682,30.4235792,-26.15467314,,,,,,,,,,,,,,,,,,,,
YRK28683,30.40534537,-26.16093278,,,,,,,,,,,,,,,,,,,,
YRK28684,30.41094479,-26.16325518,,,,,,,,,,,,,,,,,,,,
YRK28685,30.41337166,-26.15912748,,,,,,,,,,,,,,,,,,,,
YRK28686,30.41393724,-26.16362605,,,,,,,,,,,,,,,,,,,,
YRK28687,30.41888122,-26.15817327,,,,,,,,,,,,,,,,,,,,
YRK28688,30.41774798,-26.16248626,,,,,,,,,,,,,,,,,,,,
YRK28689,30.42011886,-26.16773916,,,,,,,,,,,,,,,,,,,,
YRK28690,30.42667103,-26.17048356,,,,,,,,,,,,,,,,,,,,
YRK28691,30.42333912,-26.16478841,,,,,,,,,,,,,,,,,,,,
YRK28692,30.42826132,-26.16762368,,,,,,,,,,,,,,,,,,,,
YRK28693,30.42742917,-26.16281376,,,,,,,,,,,,,,,,,,,,
YRK28694,30.42887627,-26.16031825,,,,,,,,,,,,,,,,,,,,
YRK28695,30.42971843,-26.16512365,,,,,,,,,,,,,,,,,,,,
YRK28696,30.4321513,-26.16378146,,,,,,,,,,,,,,,,,,,,
YRK28697,30.47562469,-26.11415982,,,,,,,,,,,,,,,,,,,,
YRK28698,30.47475839,-26.11604449,,,,,,,,,,,,,,,,,,,,
YRK28700,30.47207871,-26.11584157,,,,,,,,,,,,,,,,,,,,
YRK28701,30.47268346,-26.11930452,,,,,,,,,,,,,,,,,,,,
YRK28702,30.4698173,-26.11922356,,,,,,,,,,,,,,,,,,,,
YRK28703,30.4666021,-26.11909414,,,,,,,,,,,,,,,,,,,,
YRK28704,30.47283859,-26.12285828,,,,,,,,,,,,,,,,,,,,
YRK28705,30.47206265,-26.12732219,,,,,,,,,,,,,,,,,,,,
YRK28707,30.46591742,-26.12394284,,,,,,,,,,,,,,,,,,,,
YRK28708,30.46278489,-26.12163107,,,,,,,,,,,,,,,,,,,,
YRK28709,30.46898901,-26.12695221,,,,,,,,,,,,,,,,,,,,
YRK28710,30.46829719,-26.13078931,,,,,,,,,,,,,,,,,,,,
YRK28711,30.46513069,-26.12764484,,,,,,,,,,,,,,,,,,,,
YRK28712,30.46547825,-26.13009363,,,,,,,,,,,,,,,,,,,,
YRK28713,30.46234614,-26.13069224,,,,,,,,,,,,,,,,,,,,
YRK28714,30.46114817,-26.1308994,,,,,,,,,,,,,,,,,,,,
YRK28715,30.46236471,-26.12910778,,,,,,,,,,,,,,,,,,,,
YRK28716,30.45921232,-26.12945242,,,,,,,,,,,,,,,,,,,,
YRK28717,30.45907385,-26.12453913,,,,,,,,,,,,,,,,,,,,
YRK28718,30.46153495,-26.12572821,,,,,,,,,,,,,,,,,,,,
YRK28720,30.45561627,-26.125314,,,,,,,,,,,,,,,,,,,,
YRK28721,30.45364997,-26.12552492,,,,,,,,,,,,,,,,,,,,
YRK28722,30.45673942,-26.12915195,,,,,,,,,,,,,,,,,,,,
YRK28723,30.45740383,-26.13203962,,,,,,,,,,,,,,,,,,,,
YRK28724,30.45280359,-26.1287996,,,,,,,,,,,,,,,,,,,,
YRK28725,30.43350532,-26.10671022,,,,,,,,,,,,,,,,,,,,
YRK28726,30.43482184,-26.10428766,,,,,,,,,,,,,,,,,,,,
YRK28727,30.43834087,-26.10460003,,,,,,,,,,,,,,,,,,,,
YRK28728,30.43583786,-26.10855117,,,,,,,,,,,,,,,,,,,,
YRK28729,30.43920108,-26.11140507,,,,,,,,,,,,,,,,,,,,
YRK28730,30.44192829,-26.10098492,,,,,,,,,,,,,,,,,,,,
YRK28731,30.44318494,-26.10684577,,,,,,,,,,,,,,,,,,,,
YRK28732,30.44665427,-26.10194671,,,,,,,,,,,,,,,,,,,,
YRK28733,30.44788982,-26.10225652,,,,,,,,,,,,,,,,,,,,
YRK28734,30.44600016,-26.1041719,,,,,,,,,,,,,,,,,,,,
YRK28737,30.44943135,-26.10351481,,,,,,,,,,,,,,,,,,,,
YRK28738,30.45254891,-26.10256653,,,,,,,,,,,,,,,,,,,,
YRK28739,30.45205019,-26.10469152,,,,,,,,,,,,,,,,,,,,
YRK28740,30.44982034,-26.10907625,,,,,,,,,,,,,,,,,,,,
YRK28741,30.45186124,-26.10701503,,,,,,,,,,,,,,,,,,,,
YRK28742,30.45496531,-26.10689411,,,,,,,,,,,,,,,,,,,,
YRK28743,30.44968285,-26.11086078,,,,,,,,,,,,,,,,,,,,
YRK28744,30.45422233,-26.10998246,,,,,,,,,,,,,,,,,,,,
YRK28745,30.44433164,-26.11495356,,,,,,,,,,,,,,,,,,,,
YRK28746,30.44874608,-26.113623,,,,,,,,,,,,,,,,,,,,
YRK28748,30.44598451,-26.11785515,,,,,,,,,,,,,,,,,,,,
YRK28749,30.44989903,-26.11612102,,,,,,,,,,,,,,,,,,,,
YRK28750,30.4531428,-26.11646544,,,,,,,,,,,,,,,,,,,,
YRK28752,30.45395762,-26.11262927,,,,,,,,,,,,,,,,,,,,
YRK28754,30.45589647,-26.11090785,,,,,,,,,,,,,,,,,,,,
YRK28755,30.45601234,-26.11330223,,,,,,,,,,,,,,,,,,,,
YRK28756,30.44678779,-26.12097537,,,,,,,,,,,,,,,,,,,,
YRK28758,30.45540614,-26.11593168,,,,,,,,,,,,,,,,,,,,
YRK28760,30.45722313,-26.11847352,,,,,,,,,,,,,,,,,,,,
YRK28761,30.45202265,-26.12314132,,,,,,,,,,,,,,,,,,,,
YRK28762,30.45631454,-26.12091907,,,,,,,,,,,,,,,,,,,,
YRK28763,30.46156268,-26.11969129,,,,,,,,,,,,,,,,,,,,
YRK28764,30.46266492,-26.11667707,,,,,,,,,,,,,,,,,,,,
YRK28765,30.45903518,-26.11477039,,,,,,,,,,,,,,,,,,,,
YRK28767,30.46733585,-26.11574646,,,,,,,,,,,,,,,,,,,,
YRK28768,30.4720429,-26.11272475,,,,,,,,,,,,,,,,,,,,
YRK28770,30.45897305,-26.11053415,,,,,,,,,,,,,,,,,,,,
YRK28771,30.46372481,-26.11109071,,,,,,,,,,,,,,,,,,,,
YRK28772,30.46718119,-26.10959879,,,,,,,,,,,,,,,,,,,,
YRK28773,30.47076065,-26.10696033,,,,,,,,,,,,,,,,,,,,
YRK28774,30.46695828,-26.10428275,,,,,,,,,,,,,,,,,,,,
YRK28775,30.46465248,-26.10535742,,,,,,,,,,,,,,,,,,,,
YRK28776,30.46411605,-26.10775361,,,,,,,,,,,,,,,,,,,,
YRK28777,30.46127267,-26.10620329,,,,,,,,,,,,,,,,,,,,
YRK28778,30.45704677,-26.10400782,,,,,,,,,,,,,,,,,,,,
YRK28779,30.45636739,-26.10008352,,,,,,,,,,,,,,,,,,,,
YRK28780,30.45568977,-26.09666851,,,,,,,,,,,,,,,,,,,,
YRK28781,30.46415971,-26.09995052,,,,,,,,,,,,,,,,,,,,
YRK28784,30.46340247,-26.09546393,,,,,,,,,,,,,,,,,,,,
YRK28786,30.46234302,-26.09071251,,,,,,,,,,,,,,,,,,,,
YRK28789,30.45537374,-26.09252753,,,,,,,,,,,,,,,,,,,,
YRK28790,30.45282817,-26.09489524,,,,,,,,,,,,,,,,,,,,
YRK28791,30.44546176,-26.09770135,,,,,,,,,,,,,,,,,,,,
YRK28792,30.44224556,-26.09720727,,,,,,,,,,,,,,,,,,,,
YRK28793,30.44510563,-26.09542575,,,,,,,,,,,,,,,,,,,,
YRK28794,30.44926109,-26.09401836,,,,,,,,,,,,,,,,,,,,
YRK28795,30.45046611,-26.09205003,,,,,,,,,,,,,,,,,,,,
YRK28796,30.45138452,-26.08914781,,,,,,,,,,,,,,,,,,,,
YRK28797,30.45240086,-26.08782778,,,,,,,,,,,,,,,,,,,,
YRK28798,30.44627129,-26.09170138,,,,,,,,,,,,,,,,,,,,
YRK28799,30.44341191,-26.09144668,,,,,,,,,,,,,,,,,,,,
YRK28800,30.44130749,-26.09112977,,,,,,,,,,,,,,,,,,,,
YRK28801,30.44443773,-26.08740869,,,,,,,,,,,,,,,,,,,,
YRK28802,30.44717595,-26.08616309,,,,,,,,,,,,,,,,,,,,
YRK28803,30.45028537,-26.08147585,,,,,,,,,,,,,,,,,,,,
YRK28804,30.43901371,-26.08551593,,,,,,,,,,,,,,,,,,,,
YRK28805,30.43879314,-26.08332033,,,,,,,,,,,,,,,,,,,,
YRK28806,30.44464428,-26.08170367,,,,,,,,,,,,,,,,,,,,
YRK28807,30.44363649,-26.08028032,,,,,,,,,,,,,,,,,,,,
YRK28809,30.43873787,-26.07678834,,,,,,,,,,,,,,,,,,,,
YRK28810,30.4362966,-26.08004672,,,,,,,,,,,,,,,,,,,,
YRK28811,30.43391978,-26.08332034,,,,,,,,,,,,,,,,,,,,
YRK28812,30.43115719,-26.08529254,,,,,,,,,,,,,,,,,,,,
YRK28813,30.42784555,-26.08761033,,,,,,,,,,,,,,,,,,,,
YRK28814,30.42994529,-26.09382151,,,,,,,,,,,,,,,,,,,,
YRK28815,30.43447594,-26.08791553,,,,,,,,,,,,,,,,,,,,
YRK28816,30.43727955,-26.0888526,,,,,,,,,,,,,,,,,,,,
YRK28817,30.44129217,-26.08817175,,,,,,,,,,,,,,,,,,,,
YRK28818,30.43248578,-26.09102683,,,,,,,,,,,,,,,,,,,,
YRK28819,30.43430321,-26.09405659,,,,,,,,,,,,,,,,,,,,
YRK28820,30.42958621,-26.09936486,,,,,,,,,,,,,,,,,,,,
YRK28821,30.4327213,-26.10032792,,,,,,,,,,,,,,,,,,,,
YRK28822,30.43563097,-26.09834977,,,,,,,,,,,,,,,,,,,,
YRK28823,30.43776971,-26.09607261,,,,,,,,,,,,,,,,,,,,
YRK28824,30.43402908,-26.10248807,,,,,,,,,,,,,,,,,,,,
YRK28825,30.43011134,-26.10348803,,,,,,,,,,,,,,,,,,,,
YRK28826,30.43504711,-26.07668786,,,,,,,,,,,,,,,,,,,,
YRK28827,30.43842653,-26.07273337,,,,,,,,,,,,,,,,,,,,
YRK28828,30.43543078,-26.07337334,,,,,,,,,,,,,,,,,,,,
YRK28829,30.43706589,-26.06931461,,,,,,,,,,,,,,,,,,,,
YRK28830,30.43483993,-26.06828178,,,,,,,,,,,,,,,,,,,,
YRK28831,30.43156683,-26.07032234,,,,,,,,,,,,,,,,,,,,
YRK28832,30.43097446,-26.07498769,,,,,,,,,,,,,,,,,,,,
YRK28833,30.42800933,-26.07278999,,,,,,,,,,,,,,,,,,,,
YRK28834,30.43001929,-26.07666183,,,,,,,,,,,,,,,,,,,,
YRK28836,30.42921354,-26.07988654,,,,,,,,,,,,,,,,,,,,
YRK28837,30.42741443,-26.07681493,,,,,,,,,,,,,,,,,,,,
YRK28838,30.42561676,-26.07355119,,,,,,,,,,,,,,,,,,,,
YRK28839,30.42543173,-26.07184437,,,,,,,,,,,,,,,,,,,,
YRK28840,30.41853354,-26.07470971,,,,,,,,,,,,,,,,,,,,
YRK28841,30.42111733,-26.07475561,,,,,,,,,,,,,,,,,,,,
YRK28842,30.41735705,-26.07094961,,,,,,,,,,,,,,,,,,,,
YRK28843,30.41636521,-26.06561754,,,,,,,,,,,,,,,,,,,,
YRK28844,30.42079027,-26.0684569,,,,,,,,,,,,,,,,,,,,
YRK28845,30.41993224,-26.17097223,,,,,,,,,,,,,,,,,,,,
YRK28846,30.41539772,-26.17166863,,,,,,,,,,,,,,,,,,,,
YRK28847,30.41444354,-26.16848716,,,,,,,,,,,,,,,,,,,,
YRK28848,30.40791611,-26.16656105,,,,,,,,,,,,,,,,,,,,
YRK28849,30.4027011,-26.16399129,,,,,,,,,,,,,,,,,,,,
YRK28850,30.39851084,-26.16212973,,,,,,,,,,,,,,,,,,,,
YRK28851,30.40177008,-26.17022954,,,,,,,,,,,,,,,,,,,,
YRK28852,30.40910822,-26.17195052,,,,,,,,,,,,,,,,,,,,
YRK28854,30.40521794,-26.17341359,,,,,,,,,,,,,,,,,,,,
YRK28855,30.40892786,-26.17477456,,,,,,,,,,,,,,,,,,,,
YRK28856,30.40536181,-26.17613779,,,,,,,,,,,,,,,,,,,,
YRK28858,30.40947414,-26.17846702,,,,,,,,,,,,,,,,,,,,
YRK28859,30.41322532,-26.17438277,,,,,,,,,,,,,,,,,,,,
YRK28860,30.41458129,-26.17840836,,,,,,,,,,,,,,,,,,,,
YRK28861,30.41623602,-26.18384225,,,,,,,,,,,,,,,,,,,,
YRK28863,30.4183288,-26.19036249,,,,,,,,,,,,,,,,,,,,
YRK28864,30.42146571,-26.06694183,,,,,,,,,,,,,,,,,,,,
YRK28867,30.41348186,-26.12155267,,,,,,,,,,,,,,,,,,,,
YRK28868,30.30994696,-26.13641759,,,,,,,,,,,,,,,,,,,,
YRK28869,30.42653565,-26.0724672,,,,,,,,,,,,,,,,,,,,
YRK28870,30.41435137,-26.08860283,,,,,,,,,,,,,,,,,,,,
YRK28871,30.30305892,-26.13979025,,,,,,,,,,,,,,,,,,,,
YRK28872,30.31106751,-26.15559184,,,,,,,,,,,,,,,,,,,,
YRK28873,30.31721427,-26.14695173,,,,,,,,,,,,,,,,,,,,
YRK28874,30.31188871,-26.15634712,,,,,,,,,,,,,,,,,,,,
YRK28875,30.30715393,-26.1272327,,,,,,,,,,,,,,,,,,,,
YRK28878,30.42534504,-26.11215118,,,,,,,,,,,,,,,,,,,,
YRK28879,30.46717831,-26.11006313,,,,,,,,,,,,,,,,,,,,
YRK28882,30.44289045,-26.09601022,,,,,,,,,,,,,,,,,,,,
YRK28883,30.45233028,-26.08652784,,,,,,,,,,,,,,,,,,,,
YRK28885,30.43472729,-26.09343061,,,,,,,,,,,,,,,,,,,,
YRK28886,30.43315621,-26.10443682,,,,,,,,,,,,,,,,,,,,
YRK28887,30.44387398,-26.10096423,,,,,,,,,,,,,,,,,,,,
YRK28888,30.44748667,-26.10719356,,,,,,,,,,,,,,,,,,,,
YRK28889,30.45025523,-26.09806668,,,,,,,,,,,,,,,,,,,,
YRK28891,30.46086836,-26.09738611,,,,,,,,,,,,,,,,,,,,
YRK28894,30.41540029,-26.10948214,,,,,,,,,,,,,,,,,,,,
YRK28895,30.46605403,-26.13093431,,,,,,,,,,,,,,,,,,,,
YRK28896,30.46431612,-26.12956071,,,,,,,,,,,,,,,,,,,,
YRK28897,30.4605597,-26.1292954,,,,,,,,,,,,,,,,,,,,
YRK28898,30.43680328,-26.11173861,,,,,,,,,,,,,,,,,,,,
YRK28899,30.43366162,-26.119927,,,,,,,,,,,,,,,,,,,,
YRK28900,30.42889511,-26.1273389,,,,,,,,,,,,,,,,,,,,
YRK28901,30.43207899,-26.11042746,,,,,,,,,,,,,,,,,,,,
YRK28902,30.42727507,-26.10977882,,,,,,,,,,,,,,,,,,,,
YRK28903,30.42211166,-26.11727699,,,,,,,,,,,,,,,,,,,,
YRK28904,30.43151838,-26.11425389,,,,,,,,,,,,,,,,,,,,
YRK28907,30.40464277,-26.13558067,,,,,,,,,,,,,,,,,,,,
YRK28909,30.41645157,-26.13108375,,,,,,,,,,,,,,,,,,,,
YRK28910,30.41243138,-26.12214109,,,,,,,,,,,,,,,,,,,,
YRK28911,30.41716595,-26.12510772,,,,,,,,,,,,,,,,,,,,
YRK28912,30.42323953,-26.13182402,,,,,,,,,,,,,,,,,,,,
YRK28914,30.43403371,-26.16312506,,,,,,,,,,,,,,,,,,,,
YRK28915,30.42628844,-26.17302637,,,,,,,,,,,,,,,,,,,,
YRK28916,30.42095219,-26.14476966,,,,,,,,,,,,,,,,,,,,
YRK28917,30.42398723,-26.12323747,,,,,,,,,,,,,,,,,,,,
YRK28918,30.41450197,-26.15889877,,,,,,,,,,,,,,,,,,,,
YRK28924,30.40972904,-26.17205369,,,,,,,,,,,,,,,,,,,,
YRK28925,30.39943537,-26.16082041,,,,,,,,,,,,,,,,,,,,
YRK28928,30.40966496,-26.12029184,,,,,,,,,,,,,,,,,,,,
YRK28929,30.41336276,-26.11722893,,,,,,,,,,,,,,,,,,,,
YRK28931,30.42106781,-26.14264353,,,,,,,,,,,,,,,,,,,,
YRK28932,30.43013775,-26.16394261,,,,,,,,,,,,,,,,,,,,
YRK28933,30.43093199,-26.1644747,,,,,,,,,,,,,,,,,,,,
YRK28934,30.40448881,-26.12062303,,,,,,,,,,,,,,,,,,,,
YRK28935,30.43290758,-26.07966707,,,,,,,,,,,,,,,,,,,,
YRK28936,30.42700731,-26.07362759,,,,,,,,,,,,,,,,,,,,
YRK28937,30.43045022,-26.08726298,,,,,,,,,,,,,,,,,,,,
YRK28938,30.40421856,-26.15871825,,,,,,,,,,,,,,,,,,,,
YRK28939,30.40476189,-26.15836382,,,,,,,,,,,,,,,,,,,,
YRK28942,30.41271667,-26.18079855,,,,,,,,,,,,,,,,,,,,
YRK28943,30.41672856,-26.1808567,,,,,,,,,,,,,,,,,,,,
YRK28945,30.41858044,-26.18753646,,,,,,,,,,,,,,,,,,,,
YRK28946,30.41692272,-26.18929658,,,,,,,,,,,,,,,,,,,,
YRK28947,30.41622271,-26.19071383,,,,,,,,,,,,,,,,,,,,
YRK28948,30.30779294,-26.14951975,,,,,,,,,,,,,,,,,,,,
YRK28949,30.31422713,-26.13676239,,,,,,,,,,,,,,,,,,,,
YRK28950,30.45231179,-26.12663379,,,,,,,,,,,,,,,,,,,,
YRK28951,30.46534824,-26.12756629,,,,,,,,,,,,,,,,,,,,
YRK28952,30.44842263,-26.11066772,,,,,,,,,,,,,,,,,,,,
YRK28953,30.45123042,-26.11090389,,,,,,,,,,,,,,,,,,,,
YRK28954,30.46464574,-26.10556386,,,,,,,,,,,,,,,,,,,,
YRK28955,30.46843822,-26.10705961,,,,,,,,,,,,,,,,,,,,
YRK28956,30.45686539,-26.10662339,,,,,,,,,,,,,,,,,,,,
YRK28957,30.45637227,-26.10518648,,,,,,,,,,,,,,,,,,,,
YRK28958,30.45548244,-26.10701246,,,,,,,,,,,,,,,,,,,,
YRK28959,30.44588924,-26.10753532,,,,,,,,,,,,,,,,,,,,
YRK28960,30.44453177,-26.10251512,,,,,,,,,,,,,,,,,,,,
YRK28962,30.45154533,-26.09018157,,,,,,,,,,,,,,,,,,,,
YRK28965,30.43669439,-26.08939429,,,,,,,,,,,,,,,,,,,,
YRK28966,30.43530363,-26.08796793,,,,,,,,,,,,,,,,,,,,
YRK28967,30.43340449,-26.0876473,,,,,,,,,,,,,,,,,,,,
YRK28968,30.42735181,-26.10703017,,,,,,,,,,,,,,,,,,,,
YRK28969,30.40744813,-26.09838118,,,,,,,,,,,,,,,,,,,,
YRK28970,30.41721361,-26.11210163,,,,,,,,,,,,,,,,,,,,
YRK28971,30.43812396,-26.11437485,,,,,,,,,,,,,,,,,,,,
YRK28972,30.43002348,-26.119388,,,,,,,,,,,,,,,,,,,,
YRK28973,30.42605585,-26.11381157,,,,,,,,,,,,,,,,,,,,
YRK28974,30.41922411,-26.12425842,,,,,,,,,,,,,,,,,,,,
YRK28975,30.42081113,-26.12427383,,,,,,,,,,,,,,,,,,,,
YRK28976,30.42159417,-26.12174513,,,,,,,,,,,,,,,,,,,,
YRK28977,30.40531737,-26.13022712,,,,,,,,,,,,,,,,,,,,
YRK28978,30.40583397,-26.13842955,,,,,,,,,,,,,,,,,,,,
YRK28979,30.41961626,-26.14285832,,,,,,,,,,,,,,,,,,,,
YRK28982,30.42668748,-26.16680906,,,,,,,,,,,,,,,,,,,,
YRK28984,30.42835065,-26.08754964,,,,,,,,,,,,,,,,,,,,
YRK28985,30.43449125,-26.0978845,,,,,,,,,,,,,,,,,,,,
YRK28986,30.4332819,-26.09822894,,,,,,,,,,,,,,,,,,,,
YRK28987,30.31103069,-26.15009515,,,,,,,,,,,,,,,,,,,,
YRK28989,30.42002757,-26.11257818,,,,,,,,,,,,,,,,,,,,
YRK28990,30.42456935,-26.11093878,,,,,,,,,,,,,,,,,,,,
YRK28991,30.41770998,-26.11587595,,,,,,,,,,,,,,,,,,,,
YRK28992,30.43489424,-26.11109332,,,,,,,,,,,,,,,,,,,,
YRK28993,30.43859339,-26.10695089,,,,,,,,,,,,,,,,,,,,
YRK28994,30.43816616,-26.10540168,,,,,,,,,,,,,,,,,,,,
YRK28996,30.43406856,-26.09528243,,,,,,,,,,,,,,,,,,,,
YRK28999,30.44684768,-26.10234402,,,,,,,,,,,,,,,,,,,,
YRK29001,30.43921714,-26.07972433,,,,,,,,,,,,,,,,,,,,
YRK29003,30.44779167,-26.08620151,,,,,,,,,,,,,,,,,,,,
YRK29004,30.45032822,-26.08801211,,,,,,,,,,,,,,,,,,,,
YRK29005,30.45525613,-26.09457958,,,,,,,,,,,,,,,,,,,,
YRK29006,30.44839876,-26.09506325,,,,,,,,,,,,,,,,,,,,
YRK29007,30.44519527,-26.09577006,,,,,,,,,,,,,,,,,,,,
YRK29008,30.4482095,-26.09865118,,,,,,,,,,,,,,,,,,,,
YRK29009,30.45496923,-26.10297411,,,,,,,,,,,,,,,,,,,,
YRK29010,30.46582639,-26.09882334,,,,,,,,,,,,,,,,,,,,
YRK29011,30.46821003,-26.10293543,,,,,,,,,,,,,,,,,,,,
YRK29012,30.46881384,-26.10856722,,,,,,,,,,,,,,,,,,,,
YRK29013,30.45746307,-26.11180728,,,,,,,,,,,,,,,,,,,,
YRK29014,30.47224828,-26.11143218,,,,,,,,,,,,,,,,,,,,
YRK29015,30.46895984,-26.10967252,,,,,,,,,,,,,,,,,,,,
YRK29016,30.46726778,-26.1127582,,,,,,,,,,,,,,,,,,,,
YRK29017,30.44807831,-26.12095009,,,,,,,,,,,,,,,,,,,,
YRK29018,30.45302722,-26.12352695,,,,,,,,,,,,,,,,,,,,
YRK29019,30.45158176,-26.12469175,,,,,,,,,,,,,,,,,,,,
YRK29020,30.46577242,-26.12926783,,,,,,,,,,,,,,,,,,,,
YRK29021,30.30696108,-26.15295273,,,,,,,,,,,,,,,,,,,,
YRK29022,30.41961889,-26.07560576,,,,,,,,,,,,,,,,,,,,
YRK29023,30.4682687,-26.12756116,,,,,,,,,,,,,,,,,,,,
YRK29024,30.46317778,-26.12441343,,,,,,,,,,,,,,,,,,,,
YRK29025,30.45157063,-26.09974549,,,,,,,,,,,,,,,,,,,,
YRK29026,30.43519512,-26.10225568,,,,,,,,,,,,,,,,,,,,
YRK29027,30.40501248,-26.12193557,,,,,,,,,,,,,,,,,,,,
YRK29028,30.40614767,-26.12394302,,,,,,,,,,,,,,,,,,,,
YRK29029,30.43245929,-26.10554102,,,,,,,,,,,,,,,,,,,,
YRK29030,30.43511796,-26.1066006,,,,,,,,,,,,,,,,,,,,
YRK29032,30.40794,-26.13564786,,,,,,,,,,,,,,,,,,,,
YRK29033,30.41251077,-26.13450604,,,,,,,,,,,,,,,,,,,,
YRK29034,30.40982409,-26.13517406,,,,,,,,,,,,,,,,,,,,
YRK29035,30.4244255,-26.1349818,,,,,,,,,,,,,,,,,,,,
YRK29036,30.41031716,-26.13926342,,,,,,,,,,,,,,,,,,,,
YRK29037,30.41871012,-26.14655895,,,,,,,,,,,,,,,,,,,,
YRK29038,30.43091551,-26.16683069,,,,,,,,,,,,,,,,,,,,
YRK29039,30.42361564,-26.11807082,,,,,,,,,,,,,,,,,,,,
YRK29040,30.42277069,-26.17209083,,,,,,,,,,,,,,,,,,,,
YRK29042,30.41399953,-26.15951254,,,,,,,,,,,,,,,,,,,,
YRK29044,30.41388456,-26.16324858,,,,,,,,,,,,,,,,,,,,
YRK29046,30.41012103,-26.17286588,,,,,,,,,,,,,,,,,,,,
YRK29047,30.41073457,-26.17370872,,,,,,,,,,,,,,,,,,,,
YRK29048,30.42418113,-26.15881971,,,,,,,,,,,,,,,,,,,,
YRK29049,30.40889358,-26.16479707,,,,,,,,,,,,,,,,,,,,
YRK29050,30.40054319,-26.16441493,,,,,,,,,,,,,,,,,,,,
YRK29053,30.4032763,-26.17560877,,,,,,,,,,,,,,,,,,,,
YRK29054,30.41328337,-26.1783033,,,,,,,,,,,,,,,,,,,,
YRK29055,30.40937505,-26.12366384,,,,,,,,,,,,,,,,,,,,
YRK29056,30.41709452,-26.18354761,,,,,,,,,,,,,,,,,,,,
YRK29057,30.43049333,-26.09385548,,,,,,,,,,,,,,,,,,,,
YRK29058,30.45219629,-26.10347921,,,,,,,,,,,,,,,,,,,,
YRK29059,30.40895699,-26.17672972,,,,,,,,,,,,,,,,,,,,
YRK29061,30.43912679,-26.0930204,,,,,,,,,,,,,,,,,,,,
YRK29062,30.44387155,-26.11046843,,,,,,,,,,,,,,,,,,,,
YRK29063,30.41173985,-26.13640553,,,,,,,,,,,,,,,,,,,,
YRK29064,30.45801357,-26.11560196,,,,,,,,,,,,,,,,,,,,
YRK29066,30.30780043,-26.14271244,,,,,,,,,,,,,,,,,,,,
YRK29067,30.41494752,-26.1280522,,,,,,,,,,,,,,,,,,,,
YRK29068,30.40269637,-26.13069539,,,,,,,,,,,,,,,,,,,,
YRK29069,30.4334222,-26.16189952,,,,,,,,,,,,,,,,,,,,
YRK29070,30.4155533,-26.11199377,,,,,,,,,,,,,,,,,,,,
YRK29071,30.42282318,-26.10886235,,,,,,,,,,,,,,,,,,,,
YRK29072,30.44354463,-26.09165103,,,,,,,,,,,,,,,,,,,,
YRK29073,30.42766473,-26.07338608,,,,,,,,,,,,,,,,,,,,
YRK29074,30.30421604,-26.14279572,,,,,,,,,,,,,,,,,,,,
YRK29075,30.31399428,-26.13743602,,,,,,,,,,,,,,,,,,,,
YRK29076,30.43157335,-26.08961374,,,,,,,,,,,,,,,,,,,,
YRK29077,30.41340272,-26.11649113,,,,,,,,,,,,,,,,,,,,
YRK29078,30.41933454,-26.1114764,,,,,,,,,,,,,,,,,,,,
YRK29080,30.43370875,-26.10715953,,,,,,,,,,,,,,,,,,,,
YRK29081,30.40264109,-26.15880624,,,,,,,,,,,,,,,,,,,,
YRK29082,30.4335154,-26.1038084,,,,,,,,,,,,,,,,,,,,
YRK29083,30.42695272,-26.10142573,,,,,,,,,,,,,,,,,,,,
YRK29084,30.43630019,-26.09578458,,,,,,,,,,,,,,,,,,,,
YRK29085,30.44138455,-26.08948456,,,,,,,,,,,,,,,,,,,,
YRK29086,30.44382182,-26.08327881,,,,,,,,,,,,,,,,,,,,
YRK29087,30.31435762,-26.14275408,,,,,,,,,,,,,,,,,,,,
YRK29090,30.47541826,-26.11478747,,,,,,,,,,,,,,,,,,,,
YRK29092,30.47425741,-26.11707854,,,,,,,,,,,,,,,,,,,,
YRK29093,30.43404548,-26.13134967,,,,,,,,,,,,,,,,,,,,
YRK29097,30.42095725,-26.13990272,,,,,,,,,,,,,,,,,,,,
YRK29098,30.31344506,-26.13964423,,,,,,,,,,,,,,,,,,,,
YRK29100,30.30618219,-26.13683766,,,,,,,,,,,,,,,,,,,,
YRK29101,30.43512228,-26.10069114,,,,,,,,,,,,,,,,,,,,
YRK29103,30.4176075,-26.06757256,,,,,,,,,,,,,,,,,,,,
YRK29105,30.4666192,-26.10984663,,,,,,,,,,,,,,,,,,,,
YRK29106,30.40910438,-26.1377339,,,,,,,,,,,,,,,,,,,,
YRK30171,30.77034027,-26.19395481,,,,,,,,,,,,,,,,,,,,
YRK30172,30.77812527,-26.19042115,,,,,,,,,,,,,,,,,,,,
YRK30173,30.78286935,-26.19208268,,,,,,,,,,,,,,,,,,,,
YRK30174,30.78552428,-26.18839264,,,,,,,,,,,,,,,,,,,,
YRK30175,30.77900446,-26.19400238,,,,,,,,,,,,,,,,,,,,
YRK30176,30.77678093,-26.1979644,,,,,,,,,,,,,,,,,,,,
YRK30177,30.78453273,-26.1964342,,,,,,,,,,,,,,,,,,,,
YRK30178,30.78788805,-26.19754907,,,,,,,,,,,,,,,,,,,,
YRK30179,30.79037435,-26.19364563,,,,,,,,,,,,,,,,,,,,
YRK30180,30.79257661,-26.19546964,,,,,,,,,,,,,,,,,,,,
YRK30181,30.78717874,-26.20016828,,,,,,,,,,,,,,,,,,,,
YRK30182,30.79185698,-26.1988274,,,,,,,,,,,,,,,,,,,,
YRK30183,30.76885345,-26.19694862,,,,,,,,,,,,,,,,,,,,
YRK30184,30.76905198,-26.20124343,,,,,,,,,,,,,,,,,,,,
YRK30185,30.77327704,-26.20042341,,,,,,,,,,,,,,,,,,,,
YRK30186,30.76526262,-26.20315174,,,,,,,,,,,,,,,,,,,,
YRK30187,30.76450711,-26.19687521,,,,,,,,,,,,,,,,,,,,
YRK30188,30.76106976,-26.19772451,,,,,,,,,,,,,,,,,,,,
YRK30189,30.76317927,-26.20752549,,,,,,,,,,,,,,,,,,,,
YRK30190,30.76103525,-26.21021358,,,,,,,,,,,,,,,,,,,,
YRK30191,30.75670468,-26.20925838,,,,,,,,,,,,,,,,,,,,
YRK30192,30.75695945,-26.19826981,,,,,,,,,,,,,,,,,,,,
YRK30193,30.7716076,-26.20090111,,,,,,,,,,,,,,,,,,,,
YRK30194,30.75088088,-26.20439989,,,,,,,,,,,,,,,,,,,,
YRK30195,30.7710904,-26.20011027,,,,,,,,,,,,,,,,,,,,
YRK30196,30.74881839,-26.20271653,,,,,,,,,,,,,,,,,,,,
YRK30197,30.75239646,-26.21036316,,,,,,,,,,,,,,,,,,,,
YRK30198,30.75170014,-26.21548278,,,,,,,,,,,,,,,,,,,,
YRK30199,30.80065108,-26.20145902,,,,,,,,,,,,,,,,,,,,
YRK30200,30.80352107,-26.19809993,,,,,,,,,,,,,,,,,,,,
YRK30202,30.80898722,-26.19497477,,,,,,,,,,,,,,,,,,,,
YRK30203,30.80410813,-26.20324238,,,,,,,,,,,,,,,,,,,,
YRK30204,30.80405132,-26.20718636,,,,,,,,,,,,,,,,,,,,
YRK30205,30.80738677,-26.21136401,,,,,,,,,,,,,,,,,,,,
YRK30206,30.812645,-26.2120769,,,,,,,,,,,,,,,,,,,,
YRK30207,30.81412929,-26.20683286,,,,,,,,,,,,,,,,,,,,
YRK30209,30.81210234,-26.20190139,,,,,,,,,,,,,,,,,,,,
YRK30210,30.80962064,-26.20275208,,,,,,,,,,,,,,,,,,,,
YRK30211,30.69174928,-26.17784378,,,,,,,,,,,,,,,,,,,,
YRK30212,30.68686232,-26.17533865,,,,,,,,,,,,,,,,,,,,
YRK30213,30.68820063,-26.17741868,,,,,,,,,,,,,,,,,,,,
YRK30214,30.68924745,-26.17865416,,,,,,,,,,,,,,,,,,,,
YRK30215,30.69323543,-26.17293807,,,,,,,,,,,,,,,,,,,,
YRK30216,30.67339513,-26.17010012,,,,,,,,,,,,,,,,,,,,
YRK30217,30.66816266,-26.16730981,,,,,,,,,,,,,,,,,,,,
YRK30218,30.67428967,-26.16480888,,,,,,,,,,,,,,,,,,,,
YRK30219,30.67564975,-26.16818283,,,,,,,,,,,,,,,,,,,,
YRK30220,30.68240978,-26.16533322,,,,,,,,,,,,,,,,,,,,
YRK30221,30.68514946,-26.16787519,,,,,,,,,,,,,,,,,,,,
YRK30222,30.69006041,-26.16687549,,,,,,,,,,,,,,,,,,,,
YRK30223,30.68994643,-26.16182573,,,,,,,,,,,,,,,,,,,,
YRK30224,30.69470873,-26.16033256,,,,,,,,,,,,,,,,,,,,
YRK30226,30.69943794,-26.16588025,,,,,,,,,,,,,,,,,,,,
YRK30227,30.70468473,-26.15856135,,,,,,,,,,,,,,,,,,,,
YRK30228,30.65928501,-26.23841701,,,,,,,,,,,,,,,,,,,,
YRK30229,30.66002827,-26.23760781,,,,,,,,,,,,,,,,,,,,
YRK30230,30.66042234,-26.23996462,,,,,,,,,,,,,,,,,,,,
YRK30231,30.66137225,-26.23843023,,,,,,,,,,,,,,,,,,,,
YRK30232,30.66282837,-26.23913803,,,,,,,,,,,,,,,,,,,,
YRK30233,30.66204123,-26.24105927,,,,,,,,,,,,,,,,,,,,
YRK30234,30.65954004,-26.24152346,,,,,,,,,,,,,,,,,,,,
YRK30235,30.66299093,-26.24313789,,,,,,,,,,,,,,,,,,,,
YRK30236,30.66584357,-26.2410438,,,,,,,,,,,,,,,,,,,,
YRK30237,30.66498831,-26.2495167,,,,,,,,,,,,,,,,,,,,
YRK30238,30.66762046,-26.24798876,,,,,,,,,,,,,,,,,,,,
YRK30239,30.67039985,-26.24896753,,,,,,,,,,,,,,,,,,,,
YRK30240,30.67067705,-26.25363724,,,,,,,,,,,,,,,,,,,,
YRK30241,30.6738693,-26.2517652,,,,,,,,,,,,,,,,,,,,
YRK30242,30.67190759,-26.24777205,,,,,,,,,,,,,,,,,,,,
YRK30243,30.67005123,-26.24223134,,,,,,,,,,,,,,,,,,,,
YRK30244,30.66753048,-26.24084934,,,,,,,,,,,,,,,,,,,,
YRK30245,30.66374957,-26.23536699,,,,,,,,,,,,,,,,,,,,
YRK30246,30.66136169,-26.23595199,,,,,,,,,,,,,,,,,,,,
YRK30247,30.66189645,-26.23504769,,,,,,,,,,,,,,,,,,,,
YRK30248,30.66563502,-26.23236413,,,,,,,,,,,,,,,,,,,,
YRK30249,30.66675742,-26.2306143,,,,,,,,,,,,,,,,,,,,
YRK30250,30.66952043,-26.23048813,,,,,,,,,,,,,,,,,,,,
YRK30251,30.6716888,-26.23571092,,,,,,,,,,,,,,,,,,,,
YRK30252,30.67455242,-26.23115789,,,,,,,,,,,,,,,,,,,,
YRK30253,30.67620407,-26.23610117,,,,,,,,,,,,,,,,,,,,
YRK30254,30.67494386,-26.24343456,,,,,,,,,,,,,,,,,,,,
YRK30255,30.67461643,-26.24584723,,,,,,,,,,,,,,,,,,,,
YRK30256,30.67519801,-26.24677868,,,,,,,,,,,,,,,,,,,,
YRK30257,30.67901919,-26.24811305,,,,,,,,,,,,,,,,,,,,
YRK30258,30.67807188,-26.23921101,,,,,,,,,,,,,,,,,,,,
YRK30259,30.67977273,-26.24344169,,,,,,,,,,,,,,,,,,,,
YRK30260,30.6811464,-26.23690498,,,,,,,,,,,,,,,,,,,,
YRK30261,30.67835092,-26.2527116,,,,,,,,,,,,,,,,,,,,
YRK30262,30.67534397,-26.25544551,,,,,,,,,,,,,,,,,,,,
YRK30264,30.68042318,-26.25657728,,,,,,,,,,,,,,,,,,,,
YRK30265,30.67947171,-26.26004871,,,,,,,,,,,,,,,,,,,,
YRK30266,30.67648888,-26.25898289,,,,,,,,,,,,,,,,,,,,
YRK30267,30.6775246,-26.26140917,,,,,,,,,,,,,,,,,,,,
YRK30268,30.67064997,-26.25944836,,,,,,,,,,,,,,,,,,,,
YRK30269,30.66868495,-26.25876231,,,,,,,,,,,,,,,,,,,,
YRK30270,30.66774694,-26.25883771,,,,,,,,,,,,,,,,,,,,
YRK30271,30.66737897,-26.25938579,,,,,,,,,,,,,,,,,,,,
YRK30272,30.66645078,-26.25780604,,,,,,,,,,,,,,,,,,,,
YRK30273,30.66198001,-26.25311552,,,,,,,,,,,,,,,,,,,,
YRK30274,30.65953548,-26.24966851,,,,,,,,,,,,,,,,,,,,
YRK30275,30.65954392,-26.24554159,,,,,,,,,,,,,,,,,,,,
YRK30276,30.65817374,-26.24592049,,,,,,,,,,,,,,,,,,,,
YRK30277,30.66137399,-26.24494429,,,,,,,,,,,,,,,,,,,,
YRK30278,30.65548718,-26.25063913,,,,,,,,,,,,,,,,,,,,
YRK30279,30.65595952,-26.25686781,,,,,,,,,,,,,,,,,,,,
YRK30280,30.65507026,-26.2592695,,,,,,,,,,,,,,,,,,,,
YRK30281,30.66262654,-26.258955,,,,,,,,,,,,,,,,,,,,
YRK30282,30.75737816,-26.23203828,,,,,,,,,,,,,,,,,,,,
YRK30283,30.7557168,-26.22850195,,,,,,,,,,,,,,,,,,,,
YRK30284,30.75781001,-26.22613848,,,,,,,,,,,,,,,,,,,,
YRK30285,30.7575956,-26.22335277,,,,,,,,,,,,,,,,,,,,
YRK30286,30.75981186,-26.22917627,,,,,,,,,,,,,,,,,,,,
YRK30288,30.76416292,-26.22137789,,,,,,,,,,,,,,,,,,,,
YRK30290,30.7654439,-26.22481768,,,,,,,,,,,,,,,,,,,,
YRK30291,30.76118405,-26.22603905,,,,,,,,,,,,,,,,,,,,
YRK30292,30.75175235,-26.22381643,,,,,,,,,,,,,,,,,,,,
YRK30293,30.75154968,-26.22659305,,,,,,,,,,,,,,,,,,,,
YRK30294,30.74834657,-26.22570207,,,,,,,,,,,,,,,,,,,,
YRK30295,30.75569039,-26.2228855,,,,,,,,,,,,,,,,,,,,
YRK30296,30.75440928,-26.22294281,,,,,,,,,,,,,,,,,,,,
YRK30297,30.75995762,-26.21943307,,,,,,,,,,,,,,,,,,,,
YRK30298,30.75802293,-26.22061721,,,,,,,,,,,,,,,,,,,,
YRK30299,30.76578129,-26.22855902,,,,,,,,,,,,,,,,,,,,
YRK30300,30.69345856,-26.23366337,,,,,,,,,,,,,,,,,,,,
YRK30301,30.69207403,-26.2307442,,,,,,,,,,,,,,,,,,,,
YRK30302,30.69078565,-26.22449894,,,,,,,,,,,,,,,,,,,,
YRK30303,30.68677922,-26.21798054,,,,,,,,,,,,,,,,,,,,
YRK30305,30.68166885,-26.21323168,,,,,,,,,,,,,,,,,,,,
YRK30307,30.67378232,-26.2153408,,,,,,,,,,,,,,,,,,,,
YRK30308,30.66941623,-26.21497468,,,,,,,,,,,,,,,,,,,,
YRK30309,30.66728005,-26.21833363,,,,,,,,,,,,,,,,,,,,
YRK30310,30.6640884,-26.21527654,,,,,,,,,,,,,,,,,,,,
YRK30311,30.66592788,-26.2205238,,,,,,,,,,,,,,,,,,,,
YRK30312,30.66931391,-26.21858119,,,,,,,,,,,,,,,,,,,,
YRK30313,30.66725368,-26.22308723,,,,,,,,,,,,,,,,,,,,
YRK30314,30.66568116,-26.22287013,,,,,,,,,,,,,,,,,,,,
YRK30315,30.66538852,-26.22386549,,,,,,,,,,,,,,,,,,,,
YRK30316,30.66628206,-26.22603892,,,,,,,,,,,,,,,,,,,,
YRK30317,30.66704623,-26.22867479,,,,,,,,,,,,,,,,,,,,
YRK30318,30.66834845,-26.22802066,,,,,,,,,,,,,,,,,,,,
YRK30319,30.67076053,-26.22352505,,,,,,,,,,,,,,,,,,,,
YRK30321,30.67389689,-26.22255331,,,,,,,,,,,,,,,,,,,,
YRK30322,30.67995139,-26.22901846,,,,,,,,,,,,,,,,,,,,
YRK30323,30.67744111,-26.23046649,,,,,,,,,,,,,,,,,,,,
YRK30324,30.67411809,-26.22851837,,,,,,,,,,,,,,,,,,,,
YRK30325,30.67112259,-26.22692072,,,,,,,,,,,,,,,,,,,,
YRK30326,30.67446082,-26.2303377,,,,,,,,,,,,,,,,,,,,
YRK30327,30.67656665,-26.22520454,,,,,,,,,,,,,,,,,,,,
YRK30329,30.66541651,-26.15886735,,,,,,,,,,,,,,,,,,,,
YRK30330,30.67215944,-26.16079943,,,,,,,,,,,,,,,,,,,,
YRK30331,30.6773344,-26.16104675,,,,,,,,,,,,,,,,,,,,
YRK30332,30.678395,-26.14800986,,,,,,,,,,,,,,,,,,,,
YRK30333,30.6795584,-26.15301419,,,,,,,,,,,,,,,,,,,,
YRK30336,30.67541712,-26.15727659,,,,,,,,,,,,,,,,,,,,
YRK30337,30.6685494,-26.1553683,,,,,,,,,,,,,,,,,,,,
YRK30338,30.66551106,-26.15190305,,,,,,,,,,,,,,,,,,,,
YRK30339,30.67148623,-26.15163257,,,,,,,,,,,,,,,,,,,,
YRK30340,30.67802039,-26.15046693,,,,,,,,,,,,,,,,,,,,
YRK30341,30.6822923,-26.14612523,,,,,,,,,,,,,,,,,,,,
YRK30342,30.67897273,-26.14541666,,,,,,,,,,,,,,,,,,,,
YRK30343,30.67193163,-26.14911217,,,,,,,,,,,,,,,,,,,,
YRK30344,30.67482487,-26.14978313,,,,,,,,,,,,,,,,,,,,
YRK30345,30.66924772,-26.14677312,,,,,,,,,,,,,,,,,,,,
YRK30346,30.66620341,-26.14780829,,,,,,,,,,,,,,,,,,,,
YRK30347,30.66466513,-26.14454853,,,,,,,,,,,,,,,,,,,,
YRK30348,30.67131093,-26.14536511,,,,,,,,,,,,,,,,,,,,
YRK30349,30.67300273,-26.14347516,,,,,,,,,,,,,,,,,,,,
YRK30350,30.66858154,-26.14225219,,,,,,,,,,,,,,,,,,,,
YRK30351,30.66818659,-26.14115677,,,,,,,,,,,,,,,,,,,,
YRK30352,30.67950224,-26.14278173,,,,,,,,,,,,,,,,,,,,
YRK30353,30.68335195,-26.14305264,,,,,,,,,,,,,,,,,,,,
YRK30354,30.68651967,-26.14528831,,,,,,,,,,,,,,,,,,,,
YRK30355,30.68747883,-26.14378286,,,,,,,,,,,,,,,,,,,,
YRK30356,30.68550656,-26.14132559,,,,,,,,,,,,,,,,,,,,
YRK30357,30.68283227,-26.13936558,,,,,,,,,,,,,,,,,,,,
YRK30358,30.67907362,-26.13605825,,,,,,,,,,,,,,,,,,,,
YRK30359,30.67584231,-26.1418721,,,,,,,,,,,,,,,,,,,,
YRK30360,30.67407867,-26.13899336,,,,,,,,,,,,,,,,,,,,
YRK30361,30.67561788,-26.13953537,,,,,,,,,,,,,,,,,,,,
YRK30362,30.66919578,-26.13865267,,,,,,,,,,,,,,,,,,,,
YRK30363,30.66530432,-26.1402727,,,,,,,,,,,,,,,,,,,,
YRK30364,30.67647121,-26.13958222,,,,,,,,,,,,,,,,,,,,
YRK30365,30.67405466,-26.13704076,,,,,,,,,,,,,,,,,,,,
YRK30366,30.66838449,-26.1347527,,,,,,,,,,,,,,,,,,,,
YRK30367,30.67160387,-26.13390123,,,,,,,,,,,,,,,,,,,,
YRK30368,30.67527289,-26.13089096,,,,,,,,,,,,,,,,,,,,
YRK30369,30.6800346,-26.13347923,,,,,,,,,,,,,,,,,,,,
YRK30370,30.676414,-26.12758337,,,,,,,,,,,,,,,,,,,,
YRK30371,30.67344031,-26.12662555,,,,,,,,,,,,,,,,,,,,
YRK30372,30.67589356,-26.13256681,,,,,,,,,,,,,,,,,,,,
YRK30373,30.67507125,-26.12704212,,,,,,,,,,,,,,,,,,,,
YRK30374,30.66963171,-26.12975904,,,,,,,,,,,,,,,,,,,,
YRK30375,30.66733271,-26.12590753,,,,,,,,,,,,,,,,,,,,
YRK30376,30.67094983,-26.12683332,,,,,,,,,,,,,,,,,,,,
YRK30377,30.67277926,-26.12203165,,,,,,,,,,,,,,,,,,,,
YRK30378,30.67206558,-26.12444659,,,,,,,,,,,,,,,,,,,,
YRK30379,30.67475403,-26.12305134,,,,,,,,,,,,,,,,,,,,
YRK30380,30.66930464,-26.12244647,,,,,,,,,,,,,,,,,,,,
YRK30382,30.68134576,-26.11740937,,,,,,,,,,,,,,,,,,,,
YRK30383,30.68250807,-26.12079244,,,,,,,,,,,,,,,,,,,,
YRK30384,30.68698323,-26.11745984,,,,,,,,,,,,,,,,,,,,
YRK30385,30.6863419,-26.12135337,,,,,,,,,,,,,,,,,,,,
YRK30386,30.68771884,-26.12084778,,,,,,,,,,,,,,,,,,,,
YRK30387,30.68865703,-26.1196418,,,,,,,,,,,,,,,,,,,,
YRK30388,30.68938858,-26.12007795,,,,,,,,,,,,,,,,,,,,
YRK30389,30.68913455,-26.12699123,,,,,,,,,,,,,,,,,,,,
YRK30390,30.68956318,-26.13039841,,,,,,,,,,,,,,,,,,,,
YRK30391,30.68784412,-26.1327134,,,,,,,,,,,,,,,,,,,,
YRK30392,30.69094356,-26.13442328,,,,,,,,,,,,,,,,,,,,
YRK30393,30.69129732,-26.13144782,,,,,,,,,,,,,,,,,,,,
YRK30394,30.69175014,-26.12500795,,,,,,,,,,,,,,,,,,,,
YRK30395,30.69552461,-26.12839578,,,,,,,,,,,,,,,,,,,,
YRK30396,30.69555444,-26.12576604,,,,,,,,,,,,,,,,,,,,
YRK30397,30.69305651,-26.12351087,,,,,,,,,,,,,,,,,,,,
YRK30398,30.6941522,-26.1224603,,,,,,,,,,,,,,,,,,,,
YRK30399,30.69744483,-26.12154888,,,,,,,,,,,,,,,,,,,,
YRK30401,30.68959226,-26.13584358,,,,,,,,,,,,,,,,,,,,
YRK30402,30.69045999,-26.13830073,,,,,,,,,,,,,,,,,,,,
YRK30403,30.7356066,-26.14756612,,,,,,,,,,,,,,,,,,,,
YRK30410,30.73148693,-26.14430297,,,,,,,,,,,,,,,,,,,,
YRK30412,30.74306021,-26.13473164,,,,,,,,,,,,,,,,,,,,
YRK30416,30.74099163,-26.12846264,,,,,,,,,,,,,,,,,,,,
YRK30417,30.73998653,-26.1256657,,,,,,,,,,,,,,,,,,,,
YRK30418,30.73821159,-26.12552556,,,,,,,,,,,,,,,,,,,,
YRK30419,30.73723422,-26.11599621,,,,,,,,,,,,,,,,,,,,
YRK30420,30.73971768,-26.12129496,,,,,,,,,,,,,,,,,,,,
YRK30421,30.73097976,-26.12814271,,,,,,,,,,,,,,,,,,,,
YRK30422,30.73121317,-26.13040503,,,,,,,,,,,,,,,,,,,,
YRK30423,30.73180838,-26.13342088,,,,,,,,,,,,,,,,,,,,
YRK30427,30.72118496,-26.13576423,,,,,,,,,,,,,,,,,,,,
YRK30431,30.71761141,-26.13134968,,,,,,,,,,,,,,,,,,,,
YRK30432,30.72058344,-26.12845926,,,,,,,,,,,,,,,,,,,,
YRK30433,30.73595335,-26.12507383,,,,,,,,,,,,,,,,,,,,
YRK30434,30.63450707,-26.17715352,,,,,,,,,,,,,,,,,,,,
YRK30435,30.6315567,-26.1792429,,,,,,,,,,,,,,,,,,,,
YRK30436,30.63366841,-26.17669958,,,,,,,,,,,,,,,,,,,,
YRK30437,30.63131016,-26.17592383,,,,,,,,,,,,,,,,,,,,
YRK30438,30.63821149,-26.1724803,,,,,,,,,,,,,,,,,,,,
YRK30441,30.6449301,-26.16771947,,,,,,,,,,,,,,,,,,,,
YRK30442,30.64304063,-26.17227235,,,,,,,,,,,,,,,,,,,,
YRK30443,30.64966027,-26.1646841,,,,,,,,,,,,,,,,,,,,
YRK30444,30.65334547,-26.16407439,,,,,,,,,,,,,,,,,,,,
YRK30445,30.65511797,-26.16433942,,,,,,,,,,,,,,,,,,,,
YRK30446,30.65859024,-26.16426018,,,,,,,,,,,,,,,,,,,,
YRK30447,30.66081718,-26.16086847,,,,,,,,,,,,,,,,,,,,
YRK30448,30.65842054,-26.16016929,,,,,,,,,,,,,,,,,,,,
YRK30449,30.65545725,-26.16024034,,,,,,,,,,,,,,,,,,,,
YRK30450,30.65395192,-26.16164833,,,,,,,,,,,,,,,,,,,,
YRK30451,30.65172021,-26.15581646,,,,,,,,,,,,,,,,,,,,
YRK30452,30.64961218,-26.15727892,,,,,,,,,,,,,,,,,,,,
YRK30453,30.65241345,-26.15761635,,,,,,,,,,,,,,,,,,,,
YRK30454,30.65181485,-26.15927011,,,,,,,,,,,,,,,,,,,,
YRK30455,30.65149468,-26.16146508,,,,,,,,,,,,,,,,,,,,
YRK30456,30.64674021,-26.15813713,,,,,,,,,,,,,,,,,,,,
YRK30457,30.64415025,-26.15666589,,,,,,,,,,,,,,,,,,,,
YRK30458,30.64707557,-26.15638933,,,,,,,,,,,,,,,,,,,,
YRK30459,30.64338342,-26.15879351,,,,,,,,,,,,,,,,,,,,
YRK30460,30.64234105,-26.16444096,,,,,,,,,,,,,,,,,,,,
YRK30461,30.63993316,-26.16051394,,,,,,,,,,,,,,,,,,,,
YRK30462,30.64293797,-26.1611396,,,,,,,,,,,,,,,,,,,,
YRK30464,30.63903145,-26.16132175,,,,,,,,,,,,,,,,,,,,
YRK30465,30.637946,-26.1672483,,,,,,,,,,,,,,,,,,,,
YRK30466,30.63566529,-26.16992828,,,,,,,,,,,,,,,,,,,,
YRK30467,30.6327452,-26.16560616,,,,,,,,,,,,,,,,,,,,
YRK30468,30.63365847,-26.16903562,,,,,,,,,,,,,,,,,,,,
YRK30469,30.63083014,-26.169675,,,,,,,,,,,,,,,,,,,,
YRK30470,30.63119244,-26.17064624,,,,,,,,,,,,,,,,,,,,
YRK30471,30.63217384,-26.17252726,,,,,,,,,,,,,,,,,,,,
YRK30472,30.62620647,-26.16930207,,,,,,,,,,,,,,,,,,,,
YRK30473,30.62671448,-26.16646,,,,,,,,,,,,,,,,,,,,
YRK30474,30.62038039,-26.16232516,,,,,,,,,,,,,,,,,,,,
YRK30475,30.6209412,-26.15789096,,,,,,,,,,,,,,,,,,,,
YRK30476,30.61394142,-26.15326217,,,,,,,,,,,,,,,,,,,,
YRK30477,30.61466105,-26.15445665,,,,,,,,,,,,,,,,,,,,
YRK30478,30.60671282,-26.14562001,,,,,,,,,,,,,,,,,,,,
YRK30480,30.69381526,-26.23519722,,,,,,,,,,,,,,,,,,,,
YRK30481,30.68642154,-26.23434403,,,,,,,,,,,,,,,,,,,,
YRK30483,30.685079,-26.23572092,,,,,,,,,,,,,,,,,,,,
YRK30484,30.68460659,-26.23738216,,,,,,,,,,,,,,,,,,,,
YRK30485,30.68581809,-26.23751992,,,,,,,,,,,,,,,,,,,,
YRK30486,30.68542216,-26.23711728,,,,,,,,,,,,,,,,,,,,
YRK30487,30.68762572,-26.23886574,,,,,,,,,,,,,,,,,,,,
YRK30489,30.68915181,-26.24010103,,,,,,,,,,,,,,,,,,,,
YRK30491,30.68653726,-26.2432126,,,,,,,,,,,,,,,,,,,,
YRK30492,30.69292485,-26.24413339,,,,,,,,,,,,,,,,,,,,
YRK30493,30.69524552,-26.24360238,,,,,,,,,,,,,,,,,,,,
YRK30494,30.69534667,-26.24718533,,,,,,,,,,,,,,,,,,,,
YRK30495,30.69389981,-26.24675938,,,,,,,,,,,,,,,,,,,,
YRK30496,30.69725659,-26.25104411,,,,,,,,,,,,,,,,,,,,
YRK30497,30.70164264,-26.25449349,,,,,,,,,,,,,,,,,,,,
YRK30498,30.70023807,-26.25735616,,,,,,,,,,,,,,,,,,,,
YRK30499,30.69089507,-26.25355639,,,,,,,,,,,,,,,,,,,,
YRK30500,30.68828608,-26.25236668,,,,,,,,,,,,,,,,,,,,
YRK30501,30.68920339,-26.24846177,,,,,,,,,,,,,,,,,,,,
YRK30502,30.68337591,-26.24970698,,,,,,,,,,,,,,,,,,,,
YRK30503,30.68389315,-26.24396184,,,,,,,,,,,,,,,,,,,,
YRK30504,30.6842609,-26.24122463,,,,,,,,,,,,,,,,,,,,
YRK30505,30.64837984,-26.16900254,,,,,,,,,,,,,,,,,,,,
YRK30506,30.64461334,-26.17505921,,,,,,,,,,,,,,,,,,,,
YRK30507,30.64601516,-26.17363726,,,,,,,,,,,,,,,,,,,,
YRK30508,30.647669,-26.17059666,,,,,,,,,,,,,,,,,,,,
YRK30509,30.65041254,-26.17456462,,,,,,,,,,,,,,,,,,,,
YRK30510,30.64637771,-26.1779699,,,,,,,,,,,,,,,,,,,,
YRK30511,30.64811796,-26.17791532,,,,,,,,,,,,,,,,,,,,
YRK30513,30.65023342,-26.18260962,,,,,,,,,,,,,,,,,,,,
YRK30514,30.65278739,-26.19175683,,,,,,,,,,,,,,,,,,,,
YRK30515,30.65596403,-26.19888045,,,,,,,,,,,,,,,,,,,,
YRK30516,30.64963991,-26.19290255,,,,,,,,,,,,,,,,,,,,
YRK30517,30.64467619,-26.1850012,,,,,,,,,,,,,,,,,,,,
YRK30518,30.63687937,-26.18199451,,,,,,,,,,,,,,,,,,,,
YRK30519,30.63212516,-26.18371147,,,,,,,,,,,,,,,,,,,,
YRK30522,30.63711881,-26.18548969,,,,,,,,,,,,,,,,,,,,
YRK30523,30.64146059,-26.18841,,,,,,,,,,,,,,,,,,,,
YRK30525,30.64489249,-26.19265646,,,,,,,,,,,,,,,,,,,,
YRK30526,30.64724299,-26.19702079,,,,,,,,,,,,,,,,,,,,
YRK30528,30.6502328,-26.19911387,,,,,,,,,,,,,,,,,,,,
YRK30529,30.6500416,-26.20215337,,,,,,,,,,,,,,,,,,,,
YRK30530,30.64689428,-26.20115191,,,,,,,,,,,,,,,,,,,,
YRK30532,30.64388873,-26.19670094,,,,,,,,,,,,,,,,,,,,
YRK30533,30.64165582,-26.20066609,,,,,,,,,,,,,,,,,,,,
YRK30534,30.63906846,-26.2025995,,,,,,,,,,,,,,,,,,,,
YRK30535,30.64222779,-26.20613823,,,,,,,,,,,,,,,,,,,,
YRK30536,30.6372661,-26.19229322,,,,,,,,,,,,,,,,,,,,
YRK30537,30.63239108,-26.18767077,,,,,,,,,,,,,,,,,,,,
YRK30539,30.63091679,-26.18961013,,,,,,,,,,,,,,,,,,,,
YRK30540,30.63124678,-26.19563071,,,,,,,,,,,,,,,,,,,,
YRK30541,30.63501078,-26.20276288,,,,,,,,,,,,,,,,,,,,
YRK30542,30.63344747,-26.20404597,,,,,,,,,,,,,,,,,,,,
YRK30543,30.63567159,-26.20858631,,,,,,,,,,,,,,,,,,,,
YRK30544,30.62922732,-26.20588549,,,,,,,,,,,,,,,,,,,,
YRK30546,30.62603371,-26.18721438,,,,,,,,,,,,,,,,,,,,
YRK30547,30.6242731,-26.18848435,,,,,,,,,,,,,,,,,,,,
YRK30548,30.62347421,-26.19184481,,,,,,,,,,,,,,,,,,,,
YRK30551,30.61641483,-26.1937077,,,,,,,,,,,,,,,,,,,,
YRK30552,30.62292614,-26.19497391,,,,,,,,,,,,,,,,,,,,
YRK30553,30.62501813,-26.18563147,,,,,,,,,,,,,,,,,,,,
YRK30554,30.62091035,-26.18874765,,,,,,,,,,,,,,,,,,,,
YRK30555,30.62830082,-26.18290032,,,,,,,,,,,,,,,,,,,,
YRK30556,30.63899734,-26.18086247,,,,,,,,,,,,,,,,,,,,
YRK30557,30.63878805,-26.17719013,,,,,,,,,,,,,,,,,,,,
YRK30560,30.64158118,-26.17553347,,,,,,,,,,,,,,,,,,,,
YRK30561,30.64347504,-26.18258639,,,,,,,,,,,,,,,,,,,,
YRK30562,30.78538277,-26.20619913,,,,,,,,,,,,,,,,,,,,
YRK30563,30.77979634,-26.20637981,,,,,,,,,,,,,,,,,,,,
YRK30564,30.78084072,-26.21338285,,,,,,,,,,,,,,,,,,,,
YRK30565,30.78561415,-26.21332408,,,,,,,,,,,,,,,,,,,,
YRK30567,30.77457625,-26.2044788,,,,,,,,,,,,,,,,,,,,
YRK30568,30.76971758,-26.20573002,,,,,,,,,,,,,,,,,,,,
YRK30569,30.77116436,-26.20985039,,,,,,,,,,,,,,,,,,,,
YRK30570,30.77537855,-26.21021298,,,,,,,,,,,,,,,,,,,,
YRK30571,30.7741656,-26.21608967,,,,,,,,,,,,,,,,,,,,
YRK30572,30.77246503,-26.21420051,,,,,,,,,,,,,,,,,,,,
YRK30573,30.76857947,-26.21646484,,,,,,,,,,,,,,,,,,,,
YRK30574,30.65678749,-26.20482749,,,,,,,,,,,,,,,,,,,,
YRK30575,30.6531073,-26.20923736,,,,,,,,,,,,,,,,,,,,
YRK30576,30.65874634,-26.21480682,,,,,,,,,,,,,,,,,,,,
YRK30577,30.662725,-26.21908811,,,,,,,,,,,,,,,,,,,,
YRK30578,30.65143096,-26.20257366,,,,,,,,,,,,,,,,,,,,
YRK30579,30.65395977,-26.20220305,,,,,,,,,,,,,,,,,,,,
YRK30580,30.66144644,-26.21461481,,,,,,,,,,,,,,,,,,,,
YRK30581,30.66217823,-26.21759789,,,,,,,,,,,,,,,,,,,,
YRK30582,30.66116443,-26.21807874,,,,,,,,,,,,,,,,,,,,
YRK30583,30.77198944,-26.14596319,,,,,,,,,,,,,,,,,,,,
YRK30584,30.76628545,-26.14683943,,,,,,,,,,,,,,,,,,,,
YRK30585,30.76722288,-26.14915642,,,,,,,,,,,,,,,,,,,,
YRK30586,30.7608587,-26.14770411,,,,,,,,,,,,,,,,,,,,
YRK30587,30.75860922,-26.15202165,,,,,,,,,,,,,,,,,,,,
YRK30588,30.75369528,-26.14990326,,,,,,,,,,,,,,,,,,,,
YRK30589,30.74966349,-26.15637687,,,,,,,,,,,,,,,,,,,,
YRK30590,30.74419745,-26.15647018,,,,,,,,,,,,,,,,,,,,
YRK30591,30.74713352,-26.15040873,,,,,,,,,,,,,,,,,,,,
YRK30592,30.65124278,-26.16783973,,,,,,,,,,,,,,,,,,,,
YRK30593,30.65443206,-26.16642497,,,,,,,,,,,,,,,,,,,,
YRK30595,30.65721757,-26.16572746,,,,,,,,,,,,,,,,,,,,
YRK30596,30.65485877,-26.16848828,,,,,,,,,,,,,,,,,,,,
YRK30598,30.65934856,-26.16540996,,,,,,,,,,,,,,,,,,,,
YRK30599,30.66314815,-26.16679369,,,,,,,,,,,,,,,,,,,,
YRK30600,30.66325362,-26.16983601,,,,,,,,,,,,,,,,,,,,
YRK30601,30.66285245,-26.16733776,,,,,,,,,,,,,,,,,,,,
YRK30602,30.6668878,-26.17127263,,,,,,,,,,,,,,,,,,,,
YRK30603,30.65997811,-26.16744335,,,,,,,,,,,,,,,,,,,,
YRK30604,30.66289541,-26.17152083,,,,,,,,,,,,,,,,,,,,
YRK30605,30.66694616,-26.17318576,,,,,,,,,,,,,,,,,,,,
YRK30606,30.66743731,-26.17479202,,,,,,,,,,,,,,,,,,,,
YRK30607,30.66998693,-26.17818869,,,,,,,,,,,,,,,,,,,,
YRK30608,30.66939078,-26.17395034,,,,,,,,,,,,,,,,,,,,
YRK30609,30.66873168,-26.17828592,,,,,,,,,,,,,,,,,,,,
YRK30610,30.67273263,-26.18134572,,,,,,,,,,,,,,,,,,,,
YRK30611,30.67428867,-26.18261676,,,,,,,,,,,,,,,,,,,,
YRK30612,30.6691615,-26.17243831,,,,,,,,,,,,,,,,,,,,
YRK30613,30.65838195,-26.17157343,,,,,,,,,,,,,,,,,,,,
YRK30614,30.65482255,-26.1714558,,,,,,,,,,,,,,,,,,,,
YRK30615,30.65559248,-26.17056048,,,,,,,,,,,,,,,,,,,,
YRK30616,30.65659265,-26.17421731,,,,,,,,,,,,,,,,,,,,
YRK30617,30.65596342,-26.17454652,,,,,,,,,,,,,,,,,,,,
YRK30618,30.65210512,-26.17239926,,,,,,,,,,,,,,,,,,,,
YRK30620,30.65817639,-26.17952122,,,,,,,,,,,,,,,,,,,,
YRK30621,30.65550706,-26.1806552,,,,,,,,,,,,,,,,,,,,
YRK30623,30.66449735,-26.17939652,,,,,,,,,,,,,,,,,,,,
YRK30625,30.66798045,-26.17040621,,,,,,,,,,,,,,,,,,,,
YRK30626,30.67129852,-26.17267319,,,,,,,,,,,,,,,,,,,,
YRK30627,30.66953989,-26.17039648,,,,,,,,,,,,,,,,,,,,
YRK30628,30.67739781,-26.17381855,,,,,,,,,,,,,,,,,,,,
YRK30629,30.68472092,-26.17654968,,,,,,,,,,,,,,,,,,,,
YRK30630,30.68237786,-26.17723058,,,,,,,,,,,,,,,,,,,,
YRK30631,30.68070711,-26.17493241,,,,,,,,,,,,,,,,,,,,
YRK30632,30.67966862,-26.17694961,,,,,,,,,,,,,,,,,,,,
YRK30633,30.6788596,-26.17644671,,,,,,,,,,,,,,,,,,,,
YRK30634,30.67553044,-26.17614804,,,,,,,,,,,,,,,,,,,,
YRK30635,30.6715904,-26.17565114,,,,,,,,,,,,,,,,,,,,
YRK30636,30.67484395,-26.17938329,,,,,,,,,,,,,,,,,,,,
YRK30638,30.66110634,-26.18565944,,,,,,,,,,,,,,,,,,,,
YRK30639,30.65617653,-26.1879293,,,,,,,,,,,,,,,,,,,,
YRK30640,30.65877006,-26.1932454,,,,,,,,,,,,,,,,,,,,
YRK30641,30.65963174,-26.19804869,,,,,,,,,,,,,,,,,,,,
YRK30642,30.66387345,-26.19533226,,,,,,,,,,,,,,,,,,,,
YRK30643,30.6636478,-26.19832983,,,,,,,,,,,,,,,,,,,,
YRK30644,30.6692828,-26.19692121,,,,,,,,,,,,,,,,,,,,
YRK30645,30.66696899,-26.19455497,,,,,,,,,,,,,,,,,,,,
YRK30646,30.66941717,-26.19551112,,,,,,,,,,,,,,,,,,,,
YRK30647,30.67300609,-26.19409788,,,,,,,,,,,,,,,,,,,,
YRK30648,30.67120581,-26.19189922,,,,,,,,,,,,,,,,,,,,
YRK30649,30.67321544,-26.1912273,,,,,,,,,,,,,,,,,,,,
YRK30650,30.66816317,-26.18929015,,,,,,,,,,,,,,,,,,,,
YRK30651,30.6648654,-26.18764442,,,,,,,,,,,,,,,,,,,,
YRK30652,30.67104002,-26.18645813,,,,,,,,,,,,,,,,,,,,
YRK30653,30.67467976,-26.18840723,,,,,,,,,,,,,,,,,,,,
YRK30654,30.6755004,-26.19503137,,,,,,,,,,,,,,,,,,,,
YRK30655,30.67884153,-26.1920209,,,,,,,,,,,,,,,,,,,,
YRK30656,30.67973196,-26.19254396,,,,,,,,,,,,,,,,,,,,
YRK30657,30.68059404,-26.19326651,,,,,,,,,,,,,,,,,,,,
YRK30658,30.68241736,-26.19408956,,,,,,,,,,,,,,,,,,,,
YRK30659,30.68054902,-26.19462943,,,,,,,,,,,,,,,,,,,,
YRK30660,30.68373126,-26.19133152,,,,,,,,,,,,,,,,,,,,
YRK30661,30.68109802,-26.18608336,,,,,,,,,,,,,,,,,,,,
YRK30662,30.68394137,-26.1857684,,,,,,,,,,,,,,,,,,,,
YRK30663,30.68039152,-26.18482673,,,,,,,,,,,,,,,,,,,,
YRK30664,30.67791858,-26.1829692,,,,,,,,,,,,,,,,,,,,
YRK30665,30.68227988,-26.18086092,,,,,,,,,,,,,,,,,,,,
YRK30666,30.69397503,-26.18336592,,,,,,,,,,,,,,,,,,,,
YRK30667,30.69436704,-26.18771268,,,,,,,,,,,,,,,,,,,,
YRK30668,30.68974236,-26.18552256,,,,,,,,,,,,,,,,,,,,
YRK30669,30.68990026,-26.19239534,,,,,,,,,,,,,,,,,,,,
YRK30670,30.68384202,-26.15728474,,,,,,,,,,,,,,,,,,,,
YRK30671,30.69160165,-26.15705171,,,,,,,,,,,,,,,,,,,,
YRK30672,30.68617166,-26.1534793,,,,,,,,,,,,,,,,,,,,
YRK30673,30.68820963,-26.15258041,,,,,,,,,,,,,,,,,,,,
YRK30674,30.68947954,-26.14933766,,,,,,,,,,,,,,,,,,,,
YRK30675,30.68708702,-26.14757874,,,,,,,,,,,,,,,,,,,,
YRK30676,30.68941284,-26.14803939,,,,,,,,,,,,,,,,,,,,
YRK30677,30.68926621,-26.14634475,,,,,,,,,,,,,,,,,,,,
YRK30678,30.69171027,-26.14692609,,,,,,,,,,,,,,,,,,,,
YRK30679,30.69213944,-26.14977684,,,,,,,,,,,,,,,,,,,,
YRK30680,30.69471353,-26.14959131,,,,,,,,,,,,,,,,,,,,
YRK30681,30.70081115,-26.15342088,,,,,,,,,,,,,,,,,,,,
YRK30682,30.70084081,-26.14723491,,,,,,,,,,,,,,,,,,,,
YRK30683,30.69899617,-26.14768445,,,,,,,,,,,,,,,,,,,,
YRK30684,30.69760848,-26.147579,,,,,,,,,,,,,,,,,,,,
YRK30685,30.69517447,-26.14661454,,,,,,,,,,,,,,,,,,,,
YRK30686,30.69264451,-26.14479661,,,,,,,,,,,,,,,,,,,,
YRK30687,30.69308959,-26.14095138,,,,,,,,,,,,,,,,,,,,
YRK30688,30.70351983,-26.14500344,,,,,,,,,,,,,,,,,,,,
YRK30692,30.70851981,-26.14762107,,,,,,,,,,,,,,,,,,,,
YRK30693,30.7113458,-26.15272037,,,,,,,,,,,,,,,,,,,,
YRK30694,30.71555707,-26.15294928,,,,,,,,,,,,,,,,,,,,
YRK30695,30.71989203,-26.1511521,,,,,,,,,,,,,,,,,,,,
YRK30696,30.71924188,-26.15372118,,,,,,,,,,,,,,,,,,,,
YRK30697,30.72091335,-26.15320457,,,,,,,,,,,,,,,,,,,,
YRK30698,30.72142278,-26.15328036,,,,,,,,,,,,,,,,,,,,
YRK30699,30.72314091,-26.15273788,,,,,,,,,,,,,,,,,,,,
YRK30700,30.71698988,-26.14901219,,,,,,,,,,,,,,,,,,,,
YRK30701,30.71585425,-26.14824606,,,,,,,,,,,,,,,,,,,,
YRK30702,30.71246438,-26.14738757,,,,,,,,,,,,,,,,,,,,
YRK30704,30.7131163,-26.13899611,,,,,,,,,,,,,,,,,,,,
YRK30706,30.70878178,-26.14234484,,,,,,,,,,,,,,,,,,,,
YRK30707,30.70722896,-26.14375082,,,,,,,,,,,,,,,,,,,,
YRK30708,30.70621777,-26.14193905,,,,,,,,,,,,,,,,,,,,
YRK30709,30.69957734,-26.14140386,,,,,,,,,,,,,,,,,,,,
YRK30710,30.69934972,-26.14339704,,,,,,,,,,,,,,,,,,,,
YRK30711,30.69808265,-26.13815783,,,,,,,,,,,,,,,,,,,,
YRK30712,30.69827608,-26.13621625,,,,,,,,,,,,,,,,,,,,
YRK30713,30.6937931,-26.13669478,,,,,,,,,,,,,,,,,,,,
YRK30717,30.69930334,-26.12314054,,,,,,,,,,,,,,,,,,,,
YRK30718,30.70066716,-26.12564168,,,,,,,,,,,,,,,,,,,,
YRK30719,30.69966135,-26.12537955,,,,,,,,,,,,,,,,,,,,
YRK30720,30.70128985,-26.12065192,,,,,,,,,,,,,,,,,,,,
YRK30721,30.6996373,-26.13409042,,,,,,,,,,,,,,,,,,,,
YRK30722,30.70181804,-26.12938094,,,,,,,,,,,,,,,,,,,,
YRK30723,30.70490099,-26.12888024,,,,,,,,,,,,,,,,,,,,
YRK30724,30.70432474,-26.13635321,,,,,,,,,,,,,,,,,,,,
YRK30725,30.70585646,-26.13203466,,,,,,,,,,,,,,,,,,,,
YRK30726,30.71132483,-26.13103707,,,,,,,,,,,,,,,,,,,,
YRK30727,30.70902684,-26.13706878,,,,,,,,,,,,,,,,,,,,
YRK30732,30.71732204,-26.14525218,,,,,,,,,,,,,,,,,,,,
YRK30735,30.71987418,-26.14808157,,,,,,,,,,,,,,,,,,,,
YRK30736,30.72130878,-26.14383111,,,,,,,,,,,,,,,,,,,,
YRK30737,30.7206519,-26.14606582,,,,,,,,,,,,,,,,,,,,
YRK30738,30.72028319,-26.14472563,,,,,,,,,,,,,,,,,,,,
YRK30739,30.72149727,-26.14075915,,,,,,,,,,,,,,,,,,,,
YRK30740,30.72551288,-26.1438158,,,,,,,,,,,,,,,,,,,,
YRK30741,30.72830422,-26.1463961,,,,,,,,,,,,,,,,,,,,
YRK30742,30.72437597,-26.1464209,,,,,,,,,,,,,,,,,,,,
YRK30743,30.72470711,-26.14884439,,,,,,,,,,,,,,,,,,,,
YRK30744,30.72446394,-26.15080439,,,,,,,,,,,,,,,,,,,,
YRK30745,30.7275475,-26.15114667,,,,,,,,,,,,,,,,,,,,
YRK30746,30.72523182,-26.15215878,,,,,,,,,,,,,,,,,,,,
YRK30747,30.73247229,-26.14994693,,,,,,,,,,,,,,,,,,,,
YRK30748,30.72966138,-26.14849714,,,,,,,,,,,,,,,,,,,,
YRK30750,30.62145244,-26.18748687,,,,,,,,,,,,,,,,,,,,
YRK30752,30.61879696,-26.19325531,,,,,,,,,,,,,,,,,,,,
YRK30753,30.62241581,-26.20402494,,,,,,,,,,,,,,,,,,,,
YRK30754,30.62780327,-26.18912434,,,,,,,,,,,,,,,,,,,,
YRK30755,30.63097384,-26.19362615,,,,,,,,,,,,,,,,,,,,
YRK30756,30.63403285,-26.21558355,,,,,,,,,,,,,,,,,,,,
YRK30757,30.63623481,-26.21156851,,,,,,,,,,,,,,,,,,,,
YRK30758,30.60935629,-26.14680636,,,,,,,,,,,,,,,,,,,,
YRK30759,30.6405384,-26.21017238,,,,,,,,,,,,,,,,,,,,
YRK30760,30.64178255,-26.20749863,,,,,,,,,,,,,,,,,,,,
YRK30761,30.63529715,-26.18933977,,,,,,,,,,,,,,,,,,,,
YRK30762,30.64436086,-26.19272461,,,,,,,,,,,,,,,,,,,,
YRK30763,30.64114145,-26.19395827,,,,,,,,,,,,,,,,,,,,
YRK30764,30.64833026,-26.20204798,,,,,,,,,,,,,,,,,,,,
YRK30765,30.62279822,-26.15919055,,,,,,,,,,,,,,,,,,,,
YRK30766,30.64805873,-26.1943478,,,,,,,,,,,,,,,,,,,,
YRK30768,30.64199254,-26.1796341,,,,,,,,,,,,,,,,,,,,
YRK30769,30.6401825,-26.20358795,,,,,,,,,,,,,,,,,,,,
YRK30770,30.64492556,-26.20437682,,,,,,,,,,,,,,,,,,,,
YRK30771,30.64478381,-26.2067324,,,,,,,,,,,,,,,,,,,,
YRK30772,30.63031414,-26.20118883,,,,,,,,,,,,,,,,,,,,
YRK30773,30.62864197,-26.20149564,,,,,,,,,,,,,,,,,,,,
YRK30774,30.65232145,-26.17937269,,,,,,,,,,,,,,,,,,,,
YRK30775,30.65136658,-26.17963492,,,,,,,,,,,,,,,,,,,,
YRK30776,30.65185096,-26.16977442,,,,,,,,,,,,,,,,,,,,
YRK30777,30.65950708,-26.19375932,,,,,,,,,,,,,,,,,,,,
YRK30779,30.68728011,-26.13177536,,,,,,,,,,,,,,,,,,,,
YRK30780,30.69016429,-26.13297189,,,,,,,,,,,,,,,,,,,,
YRK30781,30.68365982,-26.15839204,,,,,,,,,,,,,,,,,,,,
YRK30782,30.69279967,-26.15796014,,,,,,,,,,,,,,,,,,,,
YRK30783,30.68786487,-26.15362315,,,,,,,,,,,,,,,,,,,,
YRK30784,30.6577299,-26.18031069,,,,,,,,,,,,,,,,,,,,
YRK30785,30.66064678,-26.18071626,,,,,,,,,,,,,,,,,,,,
YRK30786,30.65811316,-26.18152929,,,,,,,,,,,,,,,,,,,,
YRK30787,30.6619997,-26.18229425,,,,,,,,,,,,,,,,,,,,
YRK30788,30.64875887,-26.17581508,,,,,,,,,,,,,,,,,,,,
YRK30789,30.65021112,-26.18540044,,,,,,,,,,,,,,,,,,,,
YRK30790,30.65227992,-26.19120111,,,,,,,,,,,,,,,,,,,,
YRK30791,30.65469322,-26.19731166,,,,,,,,,,,,,,,,,,,,
YRK30792,30.65269001,-26.17875781,,,,,,,,,,,,,,,,,,,,
YRK30793,30.65347149,-26.17269865,,,,,,,,,,,,,,,,,,,,
YRK30794,30.66027041,-26.18895404,,,,,,,,,,,,,,,,,,,,
YRK30795,30.66485943,-26.19568936,,,,,,,,,,,,,,,,,,,,
YRK30796,30.65931234,-26.19577903,,,,,,,,,,,,,,,,,,,,
YRK30797,30.66037263,-26.19940437,,,,,,,,,,,,,,,,,,,,
YRK30798,30.6854856,-26.19441858,,,,,,,,,,,,,,,,,,,,
YRK30799,30.6170026,-26.15499957,,,,,,,,,,,,,,,,,,,,
YRK30800,30.66012125,-26.16999685,,,,,,,,,,,,,,,,,,,,
YRK30801,30.6592833,-26.16644896,,,,,,,,,,,,,,,,,,,,
YRK30802,30.66576703,-26.1711551,,,,,,,,,,,,,,,,,,,,
YRK30803,30.66743221,-26.17127476,,,,,,,,,,,,,,,,,,,,
YRK30804,30.6704472,-26.17511397,,,,,,,,,,,,,,,,,,,,
YRK30805,30.66396464,-26.18572772,,,,,,,,,,,,,,,,,,,,
YRK30806,30.66441345,-26.17472023,,,,,,,,,,,,,,,,,,,,
YRK30807,30.66634868,-26.18491493,,,,,,,,,,,,,,,,,,,,
YRK30808,30.67046251,-26.1911324,,,,,,,,,,,,,,,,,,,,
YRK30809,30.66671432,-26.19121144,,,,,,,,,,,,,,,,,,,,
YRK30810,30.66775529,-26.19043833,,,,,,,,,,,,,,,,,,,,
YRK30811,30.66663432,-26.17928023,,,,,,,,,,,,,,,,,,,,
YRK30812,30.66299248,-26.17254361,,,,,,,,,,,,,,,,,,,,
YRK30813,30.67762851,-26.16258476,,,,,,,,,,,,,,,,,,,,
YRK30814,30.70245142,-26.13934301,,,,,,,,,,,,,,,,,,,,
YRK30815,30.69823076,-26.13405246,,,,,,,,,,,,,,,,,,,,
YRK30816,30.69748816,-26.14610305,,,,,,,,,,,,,,,,,,,,
YRK30817,30.69811909,-26.14520738,,,,,,,,,,,,,,,,,,,,
YRK30818,30.71035272,-26.13024987,,,,,,,,,,,,,,,,,,,,
YRK30820,30.68429006,-26.17249807,,,,,,,,,,,,,,,,,,,,
YRK30822,30.68711678,-26.16805342,,,,,,,,,,,,,,,,,,,,
YRK30823,30.68895744,-26.16495757,,,,,,,,,,,,,,,,,,,,
YRK30824,30.68967942,-26.16221913,,,,,,,,,,,,,,,,,,,,
YRK30825,30.69481662,-26.16300254,,,,,,,,,,,,,,,,,,,,
YRK30826,30.66599601,-26.17571582,,,,,,,,,,,,,,,,,,,,
YRK30827,30.66968346,-26.18063341,,,,,,,,,,,,,,,,,,,,
YRK30828,30.67255142,-26.17901225,,,,,,,,,,,,,,,,,,,,
YRK30829,30.67454895,-26.18033044,,,,,,,,,,,,,,,,,,,,
YRK30830,30.6796527,-26.17898596,,,,,,,,,,,,,,,,,,,,
YRK30831,30.67889643,-26.18419631,,,,,,,,,,,,,,,,,,,,
YRK30832,30.67826643,-26.18854188,,,,,,,,,,,,,,,,,,,,
YRK30833,30.67743288,-26.19101835,,,,,,,,,,,,,,,,,,,,
YRK30834,30.68843493,-26.18091636,,,,,,,,,,,,,,,,,,,,
YRK30835,30.69285047,-26.1844569,,,,,,,,,,,,,,,,,,,,
YRK30836,30.69173648,-26.19187139,,,,,,,,,,,,,,,,,,,,
YRK30838,30.69360274,-26.18185439,,,,,,,,,,,,,,,,,,,,
YRK30839,30.67766929,-26.17191341,,,,,,,,,,,,,,,,,,,,
YRK30842,30.66645146,-26.16419055,,,,,,,,,,,,,,,,,,,,
YRK30843,30.66381407,-26.16054078,,,,,,,,,,,,,,,,,,,,
YRK30844,30.67075604,-26.16152915,,,,,,,,,,,,,,,,,,,,
YRK30846,30.68886319,-26.17604578,,,,,,,,,,,,,,,,,,,,
YRK30847,30.68938374,-26.17766196,,,,,,,,,,,,,,,,,,,,
YRK30848,30.68213116,-26.19252403,,,,,,,,,,,,,,,,,,,,
YRK30849,30.68524441,-26.19221129,,,,,,,,,,,,,,,,,,,,
YRK30850,30.67865626,-26.16395336,,,,,,,,,,,,,,,,,,,,
YRK30851,30.66637493,-26.19011563,,,,,,,,,,,,,,,,,,,,
YRK30852,30.66626241,-26.18930392,,,,,,,,,,,,,,,,,,,,
YRK30853,30.66698529,-26.17343865,,,,,,,,,,,,,,,,,,,,
YRK30854,30.67445621,-26.18264996,,,,,,,,,,,,,,,,,,,,
YRK30855,30.67888062,-26.17513419,,,,,,,,,,,,,,,,,,,,
YRK30856,30.67486173,-26.13038535,,,,,,,,,,,,,,,,,,,,
YRK30857,30.66783849,-26.12459131,,,,,,,,,,,,,,,,,,,,
YRK30858,30.66980005,-26.12534893,,,,,,,,,,,,,,,,,,,,
YRK30859,30.67011475,-26.12161422,,,,,,,,,,,,,,,,,,,,
YRK30860,30.6945445,-26.12834754,,,,,,,,,,,,,,,,,,,,
YRK30861,30.78192525,-26.19554224,,,,,,,,,,,,,,,,,,,,
YRK30862,30.7866006,-26.19717216,,,,,,,,,,,,,,,,,,,,
YRK30863,30.78899122,-26.19753635,,,,,,,,,,,,,,,,,,,,
YRK30864,30.67448924,-26.16314519,,,,,,,,,,,,,,,,,,,,
YRK30865,30.67303038,-26.16648301,,,,,,,,,,,,,,,,,,,,
YRK30866,30.67547418,-26.16951142,,,,,,,,,,,,,,,,,,,,
YRK30867,30.68113796,-26.16397258,,,,,,,,,,,,,,,,,,,,
YRK30868,30.6850999,-26.16293333,,,,,,,,,,,,,,,,,,,,
YRK30869,30.68397296,-26.16768411,,,,,,,,,,,,,,,,,,,,
YRK30870,30.69089593,-26.16481485,,,,,,,,,,,,,,,,,,,,
YRK30871,30.6932303,-26.16978544,,,,,,,,,,,,,,,,,,,,
YRK30872,30.6880439,-26.16917215,,,,,,,,,,,,,,,,,,,,
YRK30873,30.69653058,-26.17061904,,,,,,,,,,,,,,,,,,,,
YRK30874,30.69789192,-26.16012908,,,,,,,,,,,,,,,,,,,,
YRK30875,30.70274775,-26.16163498,,,,,,,,,,,,,,,,,,,,
YRK30876,30.7086002,-26.15689747,,,,,,,,,,,,,,,,,,,,
YRK30877,30.69306808,-26.17917933,,,,,,,,,,,,,,,,,,,,
YRK30879,30.70453545,-26.16456699,,,,,,,,,,,,,,,,,,,,
YRK30880,30.66753304,-26.15710087,,,,,,,,,,,,,,,,,,,,
YRK30881,30.67716438,-26.15836643,,,,,,,,,,,,,,,,,,,,
YRK30882,30.70016326,-26.12928241,,,,,,,,,,,,,,,,,,,,
YRK30883,30.78110281,-26.20219932,,,,,,,,,,,,,,,,,,,,
YRK30884,30.8168511,-26.20716072,,,,,,,,,,,,,,,,,,,,
YRK30885,30.81617792,-26.20549841,,,,,,,,,,,,,,,,,,,,
YRK30886,30.81117272,-26.20692018,,,,,,,,,,,,,,,,,,,,
YRK30887,30.81119591,-26.20369739,,,,,,,,,,,,,,,,,,,,
YRK30888,30.68842069,-26.14820524,,,,,,,,,,,,,,,,,,,,
YRK30889,30.69259028,-26.14505201,,,,,,,,,,,,,,,,,,,,
YRK30890,30.69894743,-26.14639579,,,,,,,,,,,,,,,,,,,,
YRK30891,30.69516179,-26.12957973,,,,,,,,,,,,,,,,,,,,
YRK30892,30.69366218,-26.13769126,,,,,,,,,,,,,,,,,,,,
YRK30893,30.69601095,-26.13954181,,,,,,,,,,,,,,,,,,,,
YRK30894,30.7089876,-26.13553865,,,,,,,,,,,,,,,,,,,,
YRK30895,30.70941807,-26.13634276,,,,,,,,,,,,,,,,,,,,
YRK30896,30.71036226,-26.13266048,,,,,,,,,,,,,,,,,,,,
YRK30897,30.71243004,-26.13214626,,,,,,,,,,,,,,,,,,,,
YRK30898,30.71130979,-26.13096246,,,,,,,,,,,,,,,,,,,,
YRK30900,30.70719321,-26.14367839,,,,,,,,,,,,,,,,,,,,
YRK30901,30.71680191,-26.15350756,,,,,,,,,,,,,,,,,,,,
YRK30902,30.66045111,-26.16276721,,,,,,,,,,,,,,,,,,,,
YRK30904,30.66680612,-26.14543859,,,,,,,,,,,,,,,,,,,,
YRK30905,30.67034206,-26.14009423,,,,,,,,,,,,,,,,,,,,
YRK30906,30.67745083,-26.14744943,,,,,,,,,,,,,,,,,,,,
YRK30907,30.6656892,-26.1362819,,,,,,,,,,,,,,,,,,,,
YRK30908,30.66870845,-26.13082217,,,,,,,,,,,,,,,,,,,,
YRK30909,30.6676108,-26.12746055,,,,,,,,,,,,,,,,,,,,
YRK30910,30.67575449,-26.11991101,,,,,,,,,,,,,,,,,,,,
YRK30911,30.68258323,-26.13013302,,,,,,,,,,,,,,,,,,,,
YRK30912,30.67903762,-26.12699798,,,,,,,,,,,,,,,,,,,,
YRK30913,30.68471357,-26.13768836,,,,,,,,,,,,,,,,,,,,
YRK30914,30.68853123,-26.14225783,,,,,,,,,,,,,,,,,,,,
YRK30915,30.6934804,-26.14275434,,,,,,,,,,,,,,,,,,,,
YRK30916,30.6847245,-26.11629576,,,,,,,,,,,,,,,,,,,,
YRK30917,30.69136377,-26.12157223,,,,,,,,,,,,,,,,,,,,
YRK30918,30.6967656,-26.12304974,,,,,,,,,,,,,,,,,,,,
YRK30919,30.6478178,-26.159985,,,,,,,,,,,,,,,,,,,,
YRK30920,30.70613696,-26.13300508,,,,,,,,,,,,,,,,,,,,
YRK30921,30.71505526,-26.13651613,,,,,,,,,,,,,,,,,,,,
YRK30922,30.71483607,-26.135782,,,,,,,,,,,,,,,,,,,,
YRK30923,30.71041944,-26.13753608,,,,,,,,,,,,,,,,,,,,
YRK30925,30.67351882,-26.14914551,,,,,,,,,,,,,,,,,,,,
YRK30926,30.67101716,-26.14787111,,,,,,,,,,,,,,,,,,,,
YRK30927,30.66970733,-26.14784505,,,,,,,,,,,,,,,,,,,,
YRK30928,30.67051653,-26.14626947,,,,,,,,,,,,,,,,,,,,
YRK30929,30.67058709,-26.13790274,,,,,,,,,,,,,,,,,,,,
YRK30930,30.66658704,-26.1263426,,,,,,,,,,,,,,,,,,,,
YRK30931,30.75675847,-26.21639636,,,,,,,,,,,,,,,,,,,,
YRK30932,30.76547396,-26.20460697,,,,,,,,,,,,,,,,,,,,
YRK30933,30.76665066,-26.22161111,,,,,,,,,,,,,,,,,,,,
YRK30934,30.75157174,-26.22415692,,,,,,,,,,,,,,,,,,,,
YRK30935,30.66685539,-26.24929932,,,,,,,,,,,,,,,,,,,,
YRK30936,30.66545904,-26.24970661,,,,,,,,,,,,,,,,,,,,
YRK30937,30.66326701,-26.24749298,,,,,,,,,,,,,,,,,,,,
YRK30938,30.66462702,-26.24836819,,,,,,,,,,,,,,,,,,,,
YRK30939,30.66942097,-26.24962468,,,,,,,,,,,,,,,,,,,,
YRK30941,30.70794411,-26.12525803,,,,,,,,,,,,,,,,,,,,
YRK30942,30.69154495,-26.15308203,,,,,,,,,,,,,,,,,,,,
YRK30943,30.69497759,-26.15100327,,,,,,,,,,,,,,,,,,,,
YRK30944,30.70206564,-26.14840161,,,,,,,,,,,,,,,,,,,,
YRK30945,30.70680636,-26.15239951,,,,,,,,,,,,,,,,,,,,
YRK30946,30.6408703,-26.17289881,,,,,,,,,,,,,,,,,,,,
YRK30947,30.71708411,-26.13949951,,,,,,,,,,,,,,,,,,,,
YRK30948,30.72114107,-26.13064351,,,,,,,,,,,,,,,,,,,,
YRK30949,30.73024135,-26.12340375,,,,,,,,,,,,,,,,,,,,
YRK30950,30.73767556,-26.11940735,,,,,,,,,,,,,,,,,,,,
YRK30952,30.74131977,-26.13118153,,,,,,,,,,,,,,,,,,,,
YRK30953,30.7434524,-26.13498694,,,,,,,,,,,,,,,,,,,,
YRK30954,30.73253429,-26.12990608,,,,,,,,,,,,,,,,,,,,
YRK30955,30.73449713,-26.13564651,,,,,,,,,,,,,,,,,,,,
YRK30957,30.74198584,-26.15023922,,,,,,,,,,,,,,,,,,,,
YRK30958,30.71403588,-26.15358321,,,,,,,,,,,,,,,,,,,,
YRK30959,30.67625524,-26.25032425,,,,,,,,,,,,,,,,,,,,
YRK30960,30.6851549,-26.23745862,,,,,,,,,,,,,,,,,,,,
YRK30961,30.68712022,-26.23973248,,,,,,,,,,,,,,,,,,,,
YRK30962,30.68815335,-26.24661694,,,,,,,,,,,,,,,,,,,,
YRK30964,30.68003532,-26.25427329,,,,,,,,,,,,,,,,,,,,
YRK30965,30.63476161,-26.17403507,,,,,,,,,,,,,,,,,,,,
YRK30966,30.63280128,-26.17658695,,,,,,,,,,,,,,,,,,,,
YRK30967,30.65932179,-26.21682776,,,,,,,,,,,,,,,,,,,,
YRK30969,30.65729475,-26.21412016,,,,,,,,,,,,,,,,,,,,
YRK30970,30.6522268,-26.20191489,,,,,,,,,,,,,,,,,,,,
YRK30974,30.66255831,-26.21650613,,,,,,,,,,,,,,,,,,,,
YRK30975,30.66712361,-26.21730624,,,,,,,,,,,,,,,,,,,,
YRK30976,30.67823583,-26.23156625,,,,,,,,,,,,,,,,,,,,
YRK30977,30.66802059,-26.2285193,,,,,,,,,,,,,,,,,,,,
YRK30978,30.73948515,-26.15260558,,,,,,,,,,,,,,,,,,,,
YRK30980,30.76412694,-26.14602067,,,,,,,,,,,,,,,,,,,,
YRK30981,30.75603606,-26.1535975,,,,,,,,,,,,,,,,,,,,
YRK30982,30.75610206,-26.14840907,,,,,,,,,,,,,,,,,,,,
YRK30983,30.66530345,-26.2454422,,,,,,,,,,,,,,,,,,,,
YRK30985,30.77277185,-26.14456611,,,,,,,,,,,,,,,,,,,,
YRK30986,30.61745495,-26.1583274,,,,,,,,,,,,,,,,,,,,
YRK30987,30.66353112,-26.21444385,,,,,,,,,,,,,,,,,,,,
YRK30988,30.66931197,-26.21515019,,,,,,,,,,,,,,,,,,,,
YRK30989,30.66497263,-26.21792398,,,,,,,,,,,,,,,,,,,,
YRK30990,30.66473479,-26.22432696,,,,,,,,,,,,,,,,,,,,
YRK30991,30.67115563,-26.21425956,,,,,,,,,,,,,,,,,,,,
YRK30992,30.67400454,-26.21927647,,,,,,,,,,,,,,,,,,,,
YRK30993,30.67167921,-26.22717726,,,,,,,,,,,,,,,,,,,,
YRK30994,30.67647525,-26.22864972,,,,,,,,,,,,,,,,,,,,
YRK30995,30.6791831,-26.2303451,,,,,,,,,,,,,,,,,,,,
YRK30997,30.71003182,-26.13877972,,,,,,,,,,,,,,,,,,,,
YRK30998,30.717429,-26.13336772,,,,,,,,,,,,,,,,,,,,
YRK30999,30.72160904,-26.15266752,,,,,,,,,,,,,,,,,,,,
YRK31000,30.75438735,-26.22323042,,,,,,,,,,,,,,,,,,,,
YRK31001,30.75831002,-26.22735837,,,,,,,,,,,,,,,,,,,,
YRK31002,30.75680002,-26.22400527,,,,,,,,,,,,,,,,,,,,
YRK31003,30.80792086,-26.21146734,,,,,,,,,,,,,,,,,,,,
YRK31004,30.81223372,-26.20270085,,,,,,,,,,,,,,,,,,,,
YRK31005,30.66868931,-26.22801196,,,,,,,,,,,,,,,,,,,,
YRK31006,30.78994755,-26.21552641,,,,,,,,,,,,,,,,,,,,
YRK31007,30.77890012,-26.21432212,,,,,,,,,,,,,,,,,,,,
YRK31009,30.77456894,-26.21745958,,,,,,,,,,,,,,,,,,,,
YRK31010,30.7723457,-26.21669462,,,,,,,,,,,,,,,,,,,,
YRK31012,30.67921782,-26.23619575,,,,,,,,,,,,,,,,,,,,
YRK31013,30.67750273,-26.23641996,,,,,,,,,,,,,,,,,,,,
YRK31014,30.67875925,-26.23447783,,,,,,,,,,,,,,,,,,,,
YRK31015,30.67803419,-26.23963673,,,,,,,,,,,,,,,,,,,,
YRK31016,30.68415154,-26.23003445,,,,,,,,,,,,,,,,,,,,
YRK31017,30.6721694,-26.21236368,,,,,,,,,,,,,,,,,,,,
YRK31020,30.68437586,-26.23968884,,,,,,,,,,,,,,,,,,,,
YRK31021,30.68919112,-26.2434512,,,,,,,,,,,,,,,,,,,,
YRK31022,30.69336629,-26.24823503,,,,,,,,,,,,,,,,,,,,
YRK31023,30.68362373,-26.24627528,,,,,,,,,,,,,,,,,,,,
YRK31024,30.68418033,-26.2527503,,,,,,,,,,,,,,,,,,,,
YRK31025,30.69543207,-26.2551333,,,,,,,,,,,,,,,,,,,,
YRK31026,30.69388024,-26.2564376,,,,,,,,,,,,,,,,,,,,
YRK31027,30.69544716,-26.23376677,,,,,,,,,,,,,,,,,,,,
YRK31028,30.65719459,-26.24401951,,,,,,,,,,,,,,,,,,,,
YRK31029,30.66368526,-26.23715405,,,,,,,,,,,,,,,,,,,,
YRK31030,30.65718096,-26.24785048,,,,,,,,,,,,,,,,,,,,
YRK31031,30.65848775,-26.25660194,,,,,,,,,,,,,,,,,,,,
YRK31032,30.66377792,-26.25727686,,,,,,,,,,,,,,,,,,,,
YRK31033,30.66979716,-26.25856681,,,,,,,,,,,,,,,,,,,,
YRK31034,30.66774066,-26.25589635,,,,,,,,,,,,,,,,,,,,
YRK31035,30.67758312,-26.2413075,,,,,,,,,,,,,,,,,,,,
YRK31036,30.67286383,-26.2330563,,,,,,,,,,,,,,,,,,,,
YRK31037,30.67227942,-26.23553296,,,,,,,,,,,,,,,,,,,,
YRK31038,30.66935447,-26.23721227,,,,,,,,,,,,,,,,,,,,
YRK31039,30.67616713,-26.24598662,,,,,,,,,,,,,,,,,,,,
YRK31040,30.68021498,-26.2122418,,,,,,,,,,,,,,,,,,,,
YRK31041,30.68059243,-26.21163409,,,,,,,,,,,,,,,,,,,,
YRK31042,30.6846891,-26.21103829,,,,,,,,,,,,,,,,,,,,
YRK31043,30.68426336,-26.21694568,,,,,,,,,,,,,,,,,,,,
YRK31044,30.69078457,-26.21949993,,,,,,,,,,,,,,,,,,,,
YRK31045,30.67955448,-26.22226526,,,,,,,,,,,,,,,,,,,,
YRK31046,30.69008307,-26.22727419,,,,,,,,,,,,,,,,,,,,
YRK31047,30.68101604,-26.23960618,,,,,,,,,,,,,,,,,,,,
YRK31049,30.7263566,-26.12244532,,,,,,,,,,,,,,,,,,,,
YRK31052,30.68948511,-26.25279539,,,,,,,,,,,,,,,,,,,,
YRK31053,30.68938044,-26.25143494,,,,,,,,,,,,,,,,,,,,
YRK31054,30.67356213,-26.25845131,,,,,,,,,,,,,,,,,,,,
YRK31055,30.67910436,-26.25705549,,,,,,,,,,,,,,,,,,,,
YRK31056,30.67825542,-26.24994876,,,,,,,,,,,,,,,,,,,,
YRK31057,30.67261369,-26.24617947,,,,,,,,,,,,,,,,,,,,
YRK31058,30.67287648,-26.24099991,,,,,,,,,,,,,,,,,,,,
YRK31059,30.67459462,-26.23585473,,,,,,,,,,,,,,,,,,,,
YRK31060,30.66440515,-26.26070837,,,,,,,,,,,,,,,,,,,,
YRK31061,30.68049314,-26.25883341,,,,,,,,,,,,,,,,,,,,
YRK31064,30.81313603,-26.1897021,,,,,,,,,,,,,,,,,,,,
YRK31065,30.80673143,-26.19471657,,,,,,,,,,,,,,,,,,,,
YRK31066,30.79716877,-26.20124414,,,,,,,,,,,,,,,,,,,,
YRK31067,30.80340269,-26.20117635,,,,,,,,,,,,,,,,,,,,
YRK31068,30.80887296,-26.2003176,,,,,,,,,,,,,,,,,,,,
YRK31069,30.81422067,-26.19874967,,,,,,,,,,,,,,,,,,,,
YRK31070,30.81404324,-26.20448276,,,,,,,,,,,,,,,,,,,,
YRK31071,30.80818768,-26.20453074,,,,,,,,,,,,,,,,,,,,
YRK31072,30.79997741,-26.20433986,,,,,,,,,,,,,,,,,,,,
YRK31073,30.69004617,-26.24808214,,,,,,,,,,,,,,,,,,,,
YRK31074,30.69093422,-26.24689008,,,,,,,,,,,,,,,,,,,,
YRK31075,30.70030733,-26.25772584,,,,,,,,,,,,,,,,,,,,
YRK31076,30.70039684,-26.25516278,,,,,,,,,,,,,,,,,,,,
YRK31078,30.65553824,-26.25075075,,,,,,,,,,,,,,,,,,,,
YRK31079,30.68523724,-26.2215481,,,,,,,,,,,,,,,,,,,,
YRK31080,30.68871025,-26.22518461,,,,,,,,,,,,,,,,,,,,
YRK31081,30.67523304,-26.22432599,,,,,,,,,,,,,,,,,,,,
YRK31082,30.67348564,-26.22877984,,,,,,,,,,,,,,,,,,,,
YRK31083,30.68125058,-26.2301432,,,,,,,,,,,,,,,,,,,,
YRK31084,30.67999465,-26.23819927,,,,,,,,,,,,,,,,,,,,
YRK31085,30.66151317,-26.23868138,,,,,,,,,,,,,,,,,,,,
YRK31086,30.66158398,-26.24104635,,,,,,,,,,,,,,,,,,,,
YRK31087,30.6616855,-26.24546776,,,,,,,,,,,,,,,,,,,,
YRK31088,30.66048616,-26.24521518,,,,,,,,,,,,,,,,,,,,
YRK31089,30.68035312,-26.24975859,,,,,,,,,,,,,,,,,,,,
YRK31090,30.67792098,-26.24797624,,,,,,,,,,,,,,,,,,,,
YRK31091,30.68420445,-26.25141766,,,,,,,,,,,,,,,,,,,,
YRK31092,30.80902107,-26.21426661,,,,,,,,,,,,,,,,,,,,
YRK31093,30.80810552,-26.20708987,,,,,,,,,,,,,,,,,,,,
YRK31094,30.8141235,-26.21321503,,,,,,,,,,,,,,,,,,,,
YRK31095,30.80716779,-26.19197581,,,,,,,,,,,,,,,,,,,,
YRK31096,30.81603989,-26.19931702,,,,,,,,,,,,,,,,,,,,
YRK31097,30.75205743,-26.22051675,,,,,,,,,,,,,,,,,,,,
YRK31098,30.75314413,-26.22512179,,,,,,,,,,,,,,,,,,,,
YRK31099,30.75326261,-26.22773873,,,,,,,,,,,,,,,,,,,,
YRK31100,30.75115405,-26.23206941,,,,,,,,,,,,,,,,,,,,
YRK31101,30.7543517,-26.22908913,,,,,,,,,,,,,,,,,,,,
YRK31102,30.76747919,-26.22748426,,,,,,,,,,,,,,,,,,,,
YRK31103,30.76242628,-26.22457554,,,,,,,,,,,,,,,,,,,,
YRK31105,30.76422405,-26.21701243,,,,,,,,,,,,,,,,,,,,
YRK31106,30.63018045,-26.19969632,,,,,,,,,,,,,,,,,,,,
YRK31107,30.76966982,-26.21913898,,,,,,,,,,,,,,,,,,,,
YRK31108,30.771668,-26.2167331,,,,,,,,,,,,,,,,,,,,
YRK31109,30.76721325,-26.20851629,,,,,,,,,,,,,,,,,,,,
YRK31110,30.77196157,-26.2123374,,,,,,,,,,,,,,,,,,,,
YRK31111,30.69773694,-26.24711703,,,,,,,,,,,,,,,,,,,,
YRK31112,30.65428574,-26.25559002,,,,,,,,,,,,,,,,,,,,
YRK31113,30.65843892,-26.24551837,,,,,,,,,,,,,,,,,,,,
YRK31114,30.66076085,-26.24761747,,,,,,,,,,,,,,,,,,,,
YRK31115,30.67543449,-26.25284231,,,,,,,,,,,,,,,,,,,,
YRK31116,30.67353755,-26.2518363,,,,,,,,,,,,,,,,,,,,
YRK31117,30.67923251,-26.25486133,,,,,,,,,,,,,,,,,,,,
YRK31118,30.65431963,-26.2592225,,,,,,,,,,,,,,,,,,,,
YRK31119,30.66117847,-26.25790736,,,,,,,,,,,,,,,,,,,,
YRK31120,30.67604694,-26.25500415,,,,,,,,,,,,,,,,,,,,
YRK31121,30.67932442,-26.26176806,,,,,,,,,,,,,,,,,,,,
YRK31122,30.67723905,-26.26108824,,,,,,,,,,,,,,,,,,,,
YRK31123,30.66023715,-26.25093485,,,,,,,,,,,,,,,,,,,,
YRK31124,30.6633742,-26.25185695,,,,,,,,,,,,,,,,,,,,
YRK31125,30.67616067,-26.25970466,,,,,,,,,,,,,,,,,,,,
YRK31126,30.66435177,-26.25195153,,,,,,,,,,,,,,,,,,,,
YRK31127,30.67400097,-26.25549526,,,,,,,,,,,,,,,,,,,,
YRK31128,30.67699665,-26.25459403,,,,,,,,,,,,,,,,,,,,
YRK31129,30.67396585,-26.25368796,,,,,,,,,,,,,,,,,,,,
YRK31130,30.63189606,-26.20499418,,,,,,,,,,,,,,,,,,,,
YRK31131,30.63398287,-26.20969542,,,,,,,,,,,,,,,,,,,,
YRK31132,30.7769983,-26.21517574,,,,,,,,,,,,,,,,,,,,
YRK31133,30.77723746,-26.20548413,,,,,,,,,,,,,,,,,,,,
YRK31134,30.77840315,-26.21009745,,,,,,,,,,,,,,,,,,,,
YRK31135,30.78168682,-26.2071756,,,,,,,,,,,,,,,,,,,,
YRK31136,30.78486678,-26.21552994,,,,,,,,,,,,,,,,,,,,
YRK31137,30.7875801,-26.20950196,,,,,,,,,,,,,,,,,,,,
YRK31138,30.78902145,-26.2008416,,,,,,,,,,,,,,,,,,,,
YRK31139,30.77749304,-26.20157318,,,,,,,,,,,,,,,,,,,,
YRK31140,30.78963573,-26.2137145,,,,,,,,,,,,,,,,,,,,
YRK31141,30.64049063,-26.18287737,,,,,,,,,,,,,,,,,,,,
YRK31142,30.65051509,-26.18773366,,,,,,,,,,,,,,,,,,,,
YRK31143,30.65285936,-26.17433184,,,,,,,,,,,,,,,,,,,,
YRK31144,30.65439643,-26.1688682,,,,,,,,,,,,,,,,,,,,
YRK31146,30.65437149,-26.17979642,,,,,,,,,,,,,,,,,,,,
YRK31148,30.65838161,-26.19504912,,,,,,,,,,,,,,,,,,,,
YRK31149,30.6718355,-26.25018032,,,,,,,,,,,,,,,,,,,,
YRK31150,30.67223329,-26.25429628,,,,,,,,,,,,,,,,,,,,
YRK31151,30.67122446,-26.25572465,,,,,,,,,,,,,,,,,,,,
YRK31152,30.66984601,-26.25333503,,,,,,,,,,,,,,,,,,,,
YRK31153,30.66865912,-26.25476305,,,,,,,,,,,,,,,,,,,,
YRK31154,30.67024404,-26.25488286,,,,,,,,,,,,,,,,,,,,
YRK31155,30.77026,-26.14652766,,,,,,,,,,,,,,,,,,,,
YRK31156,30.62154744,-26.18771803,,,,,,,,,,,,,,,,,,,,
YRK31157,30.62314548,-26.18666239,,,,,,,,,,,,,,,,,,,,
YRK31158,30.64603946,-26.18404417,,,,,,,,,,,,,,,,,,,,
YRK31159,30.65432926,-26.1615097,,,,,,,,,,,,,,,,,,,,
YRK31160,30.65376508,-26.15722795,,,,,,,,,,,,,,,,,,,,
YRK31161,30.73951172,-26.1271923,,,,,,,,,,,,,,,,,,,,
YRK31162,30.76267169,-26.1481836,,,,,,,,,,,,,,,,,,,,
YRK31164,30.80448593,-26.20445354,,,,,,,,,,,,,,,,,,,,
YRK31165,30.74776443,-26.21906497,,,,,,,,,,,,,,,,,,,,
YRK31166,30.75121004,-26.20856637,,,,,,,,,,,,,,,,,,,,
YRK31167,30.75178039,-26.21679253,,,,,,,,,,,,,,,,,,,,
YRK31169,30.68624507,-26.14566134,,,,,,,,,,,,,,,,,,,,
YRK31170,30.68232169,-26.14137473,,,,,,,,,,,,,,,,,,,,
YRK31171,30.68119266,-26.14093294,,,,,,,,,,,,,,,,,,,,
YRK31172,30.67794603,-26.13607824,,,,,,,,,,,,,,,,,,,,
YRK31173,30.78530204,-26.18774704,,,,,,,,,,,,,,,,,,,,
YRK31174,30.7735415,-26.19063453,,,,,,,,,,,,,,,,,,,,
YRK31176,30.77325051,-26.1950897,,,,,,,,,,,,,,,,,,,,
YRK31177,30.78352462,-26.19364736,,,,,,,,,,,,,,,,,,,,
YRK31178,30.7915942,-26.19615485,,,,,,,,,,,,,,,,,,,,
YRK31179,30.67544762,-26.13643081,,,,,,,,,,,,,,,,,,,,
YRK31180,30.78452857,-26.20007612,,,,,,,,,,,,,,,,,,,,
YRK31181,30.78052331,-26.19657768,,,,,,,,,,,,,,,,,,,,
YRK31182,30.77389284,-26.1984305,,,,,,,,,,,,,,,,,,,,
YRK31183,30.67046577,-26.13180676,,,,,,,,,,,,,,,,,,,,
YRK31184,30.67232872,-26.131322,,,,,,,,,,,,,,,,,,,,
YRK31185,30.76371052,-26.20200628,,,,,,,,,,,,,,,,,,,,
YRK31186,30.74809372,-26.21824027,,,,,,,,,,,,,,,,,,,,
YRK31187,30.75231176,-26.21255668,,,,,,,,,,,,,,,,,,,,
YRK31188,30.69551071,-26.25248872,,,,,,,,,,,,,,,,,,,,
YRK31189,30.69896967,-26.25129656,,,,,,,,,,,,,,,,,,,,
YRK31190,30.6658085,-26.14206818,,,,,,,,,,,,,,,,,,,,
YRK31191,30.66626719,-26.14395672,,,,,,,,,,,,,,,,,,,,
YRK31192,30.67165481,-26.12201526,,,,,,,,,,,,,,,,,,,,
YRK31193,30.66160749,-26.21874854,,,,,,,,,,,,,,,,,,,,
YRK31194,30.78757283,-26.19027453,,,,,,,,,,,,,,,,,,,,
YRK31195,30.75687899,-26.21510456,,,,,,,,,,,,,,,,,,,,
YRK31196,30.6698611,-26.12699242,,,,,,,,,,,,,,,,,,,,
YRK31197,30.6687645,-26.14142018,,,,,,,,,,,,,,,,,,,,
YRK31198,30.66943124,-26.14231439,,,,,,,,,,,,,,,,,,,,
YRK31199,30.66464943,-26.1416304,,,,,,,,,,,,,,,,,,,,
YRK31200,30.75845709,-26.19520032,,,,,,,,,,,,,,,,,,,,
YRK31203,30.79210718,-26.19357456,,,,,,,,,,,,,,,,,,,,
YRK31204,30.66569625,-26.14126709,,,,,,,,,,,,,,,,,,,,
YRK31205,30.67451357,-26.15856236,,,,,,,,,,,,,,,,,,,,
YRK31206,30.68216857,-26.14767666,,,,,,,,,,,,,,,,,,,,
YRK31207,30.68437514,-26.14776717,,,,,,,,,,,,,,,,,,,,
YRK31208,30.67787435,-26.14207509,,,,,,,,,,,,,,,,,,,,
YRK31210,30.67205835,-26.13829999,,,,,,,,,,,,,,,,,,,,
YRK31211,30.63649732,-26.20625026,,,,,,,,,,,,,,,,,,,,
YRK31212,30.63646096,-26.20545596,,,,,,,,,,,,,,,,,,,,
YRK31215,30.60964385,-26.1453115,,,,,,,,,,,,,,,,,,,,
YRK31216,30.6143698,-26.15395281,,,,,,,,,,,,,,,,,,,,
YRK31217,30.61547272,-26.15514429,,,,,,,,,,,,,,,,,,,,
YRK31218,30.62045747,-26.15486614,,,,,,,,,,,,,,,,,,,,
YRK31219,30.65302068,-26.18361956,,,,,,,,,,,,,,,,,,,,
YRK31220,30.64369892,-26.16271809,,,,,,,,,,,,,,,,,,,,
YRK31221,30.64689532,-26.15653129,,,,,,,,,,,,,,,,,,,,
YRK31222,30.64692967,-26.1588479,,,,,,,,,,,,,,,,,,,,
YRK31223,30.65119337,-26.16090791,,,,,,,,,,,,,,,,,,,,
YRK31224,30.61960883,-26.19960677,,,,,,,,,,,,,,,,,,,,
YRK31225,30.63056173,-26.16666451,,,,,,,,,,,,,,,,,,,,
YRK31226,30.63163615,-26.16502575,,,,,,,,,,,,,,,,,,,,
YRK31227,30.63255359,-26.16635795,,,,,,,,,,,,,,,,,,,,
YRK31228,30.63550639,-26.16563755,,,,,,,,,,,,,,,,,,,,
YRK31229,30.64270879,-26.16009112,,,,,,,,,,,,,,,,,,,,
YRK31230,30.65067184,-26.15771752,,,,,,,,,,,,,,,,,,,,
YRK31231,30.65667599,-26.15984536,,,,,,,,,,,,,,,,,,,,
YRK31232,30.68538699,-26.18523289,,,,,,,,,,,,,,,,,,,,
YRK31233,30.68812591,-26.18392084,,,,,,,,,,,,,,,,,,,,
YRK31234,30.6494636,-26.17781446,,,,,,,,,,,,,,,,,,,,
YRK31235,30.66321742,-26.16580455,,,,,,,,,,,,,,,,,,,,
YRK31236,30.68767281,-26.1716154,,,,,,,,,,,,,,,,,,,,
YRK31237,30.64304054,-26.16859615,,,,,,,,,,,,,,,,,,,,
YRK31238,30.63476453,-26.15793616,,,,,,,,,,,,,,,,,,,,
YRK31239,30.62826923,-26.1637116,,,,,,,,,,,,,,,,,,,,
YRK31240,30.6366846,-26.16676814,,,,,,,,,,,,,,,,,,,,
YRK31241,30.63323478,-26.17232113,,,,,,,,,,,,,,,,,,,,
YRK31242,30.64103713,-26.16965617,,,,,,,,,,,,,,,,,,,,
YRK31243,30.64969717,-26.16379297,,,,,,,,,,,,,,,,,,,,
YRK31244,30.64163469,-26.15923604,,,,,,,,,,,,,,,,,,,,
YRK31245,30.64170854,-26.16208063,,,,,,,,,,,,,,,,,,,,
YRK31246,30.60651969,-26.14663867,,,,,,,,,,,,,,,,,,,,
YRK31247,30.65120666,-26.1588301,,,,,,,,,,,,,,,,,,,,
YRK31248,30.64953862,-26.15547571,,,,,,,,,,,,,,,,,,,,
YRK31250,30.63745856,-26.14935757,,,,,,,,,,,,,,,,,,,,
YRK31251,30.60782822,-26.1418805,,,,,,,,,,,,,,,,,,,,
YRK31252,30.61089754,-26.15176063,,,,,,,,,,,,,,,,,,,,
YRK31255,30.6246417,-26.16991596,,,,,,,,,,,,,,,,,,,,
YRK31257,30.62139163,-26.19413438,,,,,,,,,,,,,,,,,,,,
YRK31258,30.62281947,-26.19715401,,,,,,,,,,,,,,,,,,,,
YRK31259,30.62912698,-26.19080142,,,,,,,,,,,,,,,,,,,,
YRK31260,30.63889123,-26.18475156,,,,,,,,,,,,,,,,,,,,
YRK31261,30.68320674,-26.12231729,,,,,,,,,,,,,,,,,,,,
YRK31262,30.68585418,-26.12179199,,,,,,,,,,,,,,,,,,,,
YRK31263,30.68743224,-26.12161533,,,,,,,,,,,,,,,,,,,,
YRK31264,30.68227918,-26.11828089,,,,,,,,,,,,,,,,,,,,
YRK31265,30.67901141,-26.1355115,,,,,,,,,,,,,,,,,,,,
YRK31266,30.6803706,-26.13593886,,,,,,,,,,,,,,,,,,,,
YRK31267,30.67971317,-26.13230269,,,,,,,,,,,,,,,,,,,,
YRK31268,30.68927712,-26.12961186,,,,,,,,,,,,,,,,,,,,
YRK31269,30.66222654,-26.18657884,,,,,,,,,,,,,,,,,,,,
YRK31270,30.65746283,-26.17852297,,,,,,,,,,,,,,,,,,,,
YRK31271,30.66030497,-26.18003879,,,,,,,,,,,,,,,,,,,,
YRK31272,30.65686536,-26.18172475,,,,,,,,,,,,,,,,,,,,
YRK31273,30.64350059,-26.19763612,,,,,,,,,,,,,,,,,,,,
YRK31274,30.64150145,-26.197148,,,,,,,,,,,,,,,,,,,,
YRK31275,30.65028717,-26.20233861,,,,,,,,,,,,,,,,,,,,
YRK31276,30.716107,-26.29874409,,,,,,,,,,,,,,,,,,,,
YRK31277,30.71475984,-26.30038466,,,,,,,,,,,,,,,,,,,,
YRK31278,30.7139586,-26.29988723,,,,,,,,,,,,,,,,,,,,
YRK31279,30.70878873,-26.29993811,,,,,,,,,,,,,,,,,,,,
YRK31280,30.71219039,-26.30344232,,,,,,,,,,,,,,,,,,,,
YRK31281,30.71312643,-26.29971809,,,,,,,,,,,,,,,,,,,,
YRK31282,30.70912177,-26.29592142,,,,,,,,,,,,,,,,,,,,
YRK31283,30.7080235,-26.29260126,,,,,,,,,,,,,,,,,,,,
YRK31284,30.70970601,-26.30188697,,,,,,,,,,,,,,,,,,,,
YRK31285,30.71254898,-26.30204787,,,,,,,,,,,,,,,,,,,,
YRK31286,30.71449709,-26.30252298,,,,,,,,,,,,,,,,,,,,
YRK31287,30.71486224,-26.30201536,,,,,,,,,,,,,,,,,,,,
YRK31288,30.71433137,-26.30481741,,,,,,,,,,,,,,,,,,,,
YRK31289,30.71130293,-26.30712038,,,,,,,,,,,,,,,,,,,,
YRK31290,30.70910694,-26.30449092,,,,,,,,,,,,,,,,,,,,
YRK31291,30.70662411,-26.30296409,,,,,,,,,,,,,,,,,,,,
YRK31292,30.7070425,-26.30133219,,,,,,,,,,,,,,,,,,,,
YRK31293,30.70688962,-26.306034,,,,,,,,,,,,,,,,,,,,
YRK31294,30.70605024,-26.30719397,,,,,,,,,,,,,,,,,,,,
YRK31295,30.71471273,-26.29474554,,,,,,,,,,,,,,,,,,,,
YRK31296,30.70972711,-26.28968551,,,,,,,,,,,,,,,,,,,,
YRK31297,30.71230268,-26.29305589,,,,,,,,,,,,,,,,,,,,
YRK31298,30.71348287,-26.2922403,,,,,,,,,,,,,,,,,,,,
YRK31299,30.71132529,-26.29457226,,,,,,,,,,,,,,,,,,,,
YRK31300,30.7106565,-26.29233233,,,,,,,,,,,,,,,,,,,,
YRK31302,30.7164703,-26.29268798,,,,,,,,,,,,,,,,,,,,
YRK31303,30.71711774,-26.29523196,,,,,,,,,,,,,,,,,,,,
YRK31304,30.71572343,-26.28676565,,,,,,,,,,,,,,,,,,,,
YRK31305,30.71261228,-26.28149655,,,,,,,,,,,,,,,,,,,,
YRK31306,30.71696487,-26.27813006,,,,,,,,,,,,,,,,,,,,
YRK31308,30.71398294,-26.27788522,,,,,,,,,,,,,,,,,,,,
YRK31309,30.71833171,-26.27624894,,,,,,,,,,,,,,,,,,,,
YRK31310,30.7159784,-26.27560647,,,,,,,,,,,,,,,,,,,,
YRK31311,30.71638272,-26.27425228,,,,,,,,,,,,,,,,,,,,
YRK31312,30.71857496,-26.27207118,,,,,,,,,,,,,,,,,,,,
YRK31313,30.71393945,-26.27336413,,,,,,,,,,,,,,,,,,,,
YRK31314,30.71218667,-26.27294545,,,,,,,,,,,,,,,,,,,,
YRK31315,30.71069197,-26.27454269,,,,,,,,,,,,,,,,,,,,
YRK31316,30.70997758,-26.27145562,,,,,,,,,,,,,,,,,,,,
YRK31317,30.70913495,-26.30716969,,,,,,,,,,,,,,,,,,,,
YRK31319,30.71646409,-26.30261476,,,,,,,,,,,,,,,,,,,,
YRK31321,30.71131546,-26.30434854,,,,,,,,,,,,,,,,,,,,
YRK31322,30.70753785,-26.30427054,,,,,,,,,,,,,,,,,,,,
YRK31323,30.71432157,-26.27520964,,,,,,,,,,,,,,,,,,,,
YRK31324,30.70473823,-26.30492813,,,,,,,,,,,,,,,,,,,,
YRK31326,30.71069265,-26.30074187,,,,,,,,,,,,,,,,,,,,
YRK31327,30.71588513,-26.29614772,,,,,,,,,,,,,,,,,,,,
YRK31328,30.70712295,-26.29674235,,,,,,,,,,,,,,,,,,,,
YRK31329,30.71098956,-26.29315514,,,,,,,,,,,,,,,,,,,,
YRK31330,30.71083265,-26.28720126,,,,,,,,,,,,,,,,,,,,
YRK31331,30.70955756,-26.27816947,,,,,,,,,,,,,,,,,,,,
YRK31332,30.71242272,-26.27283578,,,,,,,,,,,,,,,,,,,,
YRK31333,30.71676641,-26.27254411,,,,,,,,,,,,,,,,,,,,
YRK31334,30.71672426,-26.27690838,,,,,,,,,,,,,,,,,,,,
YRK31335,30.71833862,-26.28362183,,,,,,,,,,,,,,,,,,,,
YRK31336,30.71393949,-26.27078191,,,,,,,,,,,,,,,,,,,,
YRK31337,30.70642781,-26.28749915,,,,,,,,,,,,,,,,,,,,
YRK31338,30.71351137,-26.27599907,,,,,,,,,,,,,,,,,,,,
YRK31339,30.71430174,-26.28277372,,,,,,,,,,,,,,,,,,,,
YRK31340,30.71647027,-26.2792712,,,,,,,,,,,,,,,,,,,,
YRK31342,30.71717697,-26.28813335,,,,,,,,,,,,,,,,,,,,
YRK31343,30.71379666,-26.28922376,,,,,,,,,,,,,,,,,,,,
YRK31344,30.71462679,-26.29362514,,,,,,,,,,,,,,,,,,,,
YRK31345,30.70685211,-26.29279513,,,,,,,,,,,,,,,,,,,,
YRK31346,30.70862127,-26.29273131,,,,,,,,,,,,,,,,,,,,
YRK31347,30.70699335,-26.29452775,,,,,,,,,,,,,,,,,,,,
YRK31348,30.70658127,-26.30191745,,,,,,,,,,,,,,,,,,,,
YRK31349,30.70796364,-26.30310965,,,,,,,,,,,,,,,,,,,,
YRK31351,30.71571714,-26.30998429,,,,,,,,,,,,,,,,,,,,
YRK31352,30.69070212,-26.30304406,,,,,,,,,,,,,,,,,,,,
YRK31354,30.69253453,-26.30093408,,,,,,,,,,,,,,,,,,,,
YRK31355,30.69216789,-26.29987294,,,,,,,,,,,,,,,,,,,,
YRK31356,30.68212797,-26.29484961,,,,,,,,,,,,,,,,,,,,
YRK31357,30.68641493,-26.29822034,,,,,,,,,,,,,,,,,,,,
YRK31358,30.68861013,-26.2969119,,,,,,,,,,,,,,,,,,,,
YRK31359,30.68690675,-26.29432964,,,,,,,,,,,,,,,,,,,,
YRK31360,30.69175155,-26.29595678,,,,,,,,,,,,,,,,,,,,
YRK31361,30.6889583,-26.29524621,,,,,,,,,,,,,,,,,,,,
YRK31362,30.68871151,-26.29307832,,,,,,,,,,,,,,,,,,,,
YRK31363,30.69103414,-26.28825749,,,,,,,,,,,,,,,,,,,,
YRK31364,30.68772327,-26.28986147,,,,,,,,,,,,,,,,,,,,
YRK31366,30.68392844,-26.28760355,,,,,,,,,,,,,,,,,,,,
YRK31367,30.6876947,-26.28893078,,,,,,,,,,,,,,,,,,,,
YRK31368,30.68746075,-26.28669755,,,,,,,,,,,,,,,,,,,,
YRK31370,30.68882096,-26.28324556,,,,,,,,,,,,,,,,,,,,
YRK31371,30.685693,-26.28527992,,,,,,,,,,,,,,,,,,,,
YRK31372,30.68293002,-26.28470318,,,,,,,,,,,,,,,,,,,,
YRK31373,30.68555903,-26.28397145,,,,,,,,,,,,,,,,,,,,
YRK31374,30.68932879,-26.28689334,,,,,,,,,,,,,,,,,,,,
YRK31375,30.69183914,-26.28477655,,,,,,,,,,,,,,,,,,,,
YRK31377,30.69419627,-26.27913335,,,,,,,,,,,,,,,,,,,,
YRK31378,30.69390532,-26.28149924,,,,,,,,,,,,,,,,,,,,
YRK31379,30.69064189,-26.27916349,,,,,,,,,,,,,,,,,,,,
YRK31380,30.68405618,-26.27852217,,,,,,,,,,,,,,,,,,,,
YRK31381,30.68497152,-26.27317505,,,,,,,,,,,,,,,,,,,,
YRK31382,30.69356265,-26.27782906,,,,,,,,,,,,,,,,,,,,
YRK31383,30.69360109,-26.27678347,,,,,,,,,,,,,,,,,,,,
YRK31384,30.69408454,-26.27584902,,,,,,,,,,,,,,,,,,,,
YRK31385,30.69366068,-26.27115916,,,,,,,,,,,,,,,,,,,,
YRK31386,30.69487544,-26.26975032,,,,,,,,,,,,,,,,,,,,
YRK31387,30.68619853,-26.27032708,,,,,,,,,,,,,,,,,,,,
YRK31388,30.68406498,-26.26930525,,,,,,,,,,,,,,,,,,,,
YRK31389,30.68835564,-26.29170671,,,,,,,,,,,,,,,,,,,,
YRK31390,30.69182019,-26.29077672,,,,,,,,,,,,,,,,,,,,
YRK31391,30.6929328,-26.28257631,,,,,,,,,,,,,,,,,,,,
YRK31392,30.69340799,-26.28023081,,,,,,,,,,,,,,,,,,,,
YRK31393,30.68902083,-26.2805168,,,,,,,,,,,,,,,,,,,,
YRK31394,30.68647945,-26.28355231,,,,,,,,,,,,,,,,,,,,
YRK31395,30.68406851,-26.2828199,,,,,,,,,,,,,,,,,,,,
YRK31396,30.69148066,-26.30114926,,,,,,,,,,,,,,,,,,,,
YRK31397,30.68936182,-26.27656338,,,,,,,,,,,,,,,,,,,,
YRK31398,30.68893097,-26.27147126,,,,,,,,,,,,,,,,,,,,
YRK31399,30.69330875,-26.27233383,,,,,,,,,,,,,,,,,,,,
YRK31400,30.68940074,-26.26889941,,,,,,,,,,,,,,,,,,,,
YRK31402,30.68200235,-26.28072301,,,,,,,,,,,,,,,,,,,,
YRK31404,30.69035022,-26.30635877,,,,,,,,,,,,,,,,,,,,
YRK31405,30.68456368,-26.27108647,,,,,,,,,,,,,,,,,,,,
YRK31407,30.68358723,-26.27543209,,,,,,,,,,,,,,,,,,,,
YRK31408,30.68284593,-26.27779385,,,,,,,,,,,,,,,,,,,,
YRK31409,30.68587862,-26.27664168,,,,,,,,,,,,,,,,,,,,
YRK31410,30.68263012,-26.29083015,,,,,,,,,,,,,,,,,,,,
YRK31411,30.68431282,-26.28691422,,,,,,,,,,,,,,,,,,,,
YRK31412,30.68437125,-26.28942601,,,,,,,,,,,,,,,,,,,,
YRK31413,30.69154534,-26.28655977,,,,,,,,,,,,,,,,,,,,
YRK31414,30.68945409,-26.2884864,,,,,,,,,,,,,,,,,,,,
YRK31415,30.68864155,-26.28918675,,,,,,,,,,,,,,,,,,,,
YRK31416,30.68716432,-26.29126343,,,,,,,,,,,,,,,,,,,,
YRK31417,30.68644003,-26.29116206,,,,,,,,,,,,,,,,,,,,
YRK31418,30.68177548,-26.29333596,,,,,,,,,,,,,,,,,,,,
YRK31419,30.68950454,-26.29660599,,,,,,,,,,,,,,,,,,,,
YRK31420,30.69217124,-26.27941375,,,,,,,,,,,,,,,,,,,,
YRK31421,30.69144116,-26.29859229,,,,,,,,,,,,,,,,,,,,
YRK31422,30.69285978,-26.29785276,,,,,,,,,,,,,,,,,,,,
YRK31423,30.69273994,-26.29626021,,,,,,,,,,,,,,,,,,,,
YRK31424,30.68946338,-26.30094534,,,,,,,,,,,,,,,,,,,,
YRK31425,30.69039057,-26.30365959,,,,,,,,,,,,,,,,,,,,
YRK31426,30.68118177,-26.29799959,,,,,,,,,,,,,,,,,,,,
YRK31427,30.68838763,-26.30533032,,,,,,,,,,,,,,,,,,,,
YRK34164,30.73414191,-25.18302585,,,,,,,,,,,,,,,,,,,,
YRK34167,30.7379973,-25.18003979,,,,,,,,,,,,,,,,,,,,
YRK34168,30.72943007,-25.18007438,,,,,,,,,,,,,,,,,,,,
YRK34169,30.73134534,-25.17824578,,,,,,,,,,,,,,,,,,,,
YRK34170,30.73491963,-25.17294084,,,,,,,,,,,,,,,,,,,,
YRK34171,30.73848745,-25.1736557,,,,,,,,,,,,,,,,,,,,
YRK34172,30.73915571,-25.17693617,,,,,,,,,,,,,,,,,,,,
YRK34173,30.74367413,-25.17743006,,,,,,,,,,,,,,,,,,,,
YRK34174,30.74315794,-25.18203584,,,,,,,,,,,,,,,,,,,,
YRK34175,30.74546078,-25.1791682,,,,,,,,,,,,,,,,,,,,
YRK34176,30.74354799,-25.174277,,,,,,,,,,,,,,,,,,,,
YRK34177,30.74078879,-25.17178734,,,,,,,,,,,,,,,,,,,,
YRK34178,30.74289796,-25.16894877,,,,,,,,,,,,,,,,,,,,
YRK34179,30.7395869,-25.16632611,,,,,,,,,,,,,,,,,,,,
YRK34181,30.7471741,-25.16357171,,,,,,,,,,,,,,,,,,,,
YRK34182,30.74349558,-25.1640997,,,,,,,,,,,,,,,,,,,,
YRK34183,30.73978113,-25.16457675,,,,,,,,,,,,,,,,,,,,
YRK34184,30.75001692,-25.16222737,,,,,,,,,,,,,,,,,,,,
YRK34187,30.74986084,-25.16574283,,,,,,,,,,,,,,,,,,,,
YRK34188,30.75170068,-25.16850698,,,,,,,,,,,,,,,,,,,,
YRK34189,30.75569165,-25.17281771,,,,,,,,,,,,,,,,,,,,
YRK34190,30.75213713,-25.17136573,,,,,,,,,,,,,,,,,,,,
YRK34191,30.74756318,-25.17057614,,,,,,,,,,,,,,,,,,,,
YRK34192,30.7509139,-25.17377468,,,,,,,,,,,,,,,,,,,,
YRK34193,30.75386861,-25.1765627,,,,,,,,,,,,,,,,,,,,
YRK34194,30.7512434,-25.17852939,,,,,,,,,,,,,,,,,,,,
YRK34195,30.75006879,-25.18352572,,,,,,,,,,,,,,,,,,,,
YRK34196,30.74869744,-25.18630581,,,,,,,,,,,,,,,,,,,,
YRK34197,30.74083575,-25.18564192,,,,,,,,,,,,,,,,,,,,
YRK34199,30.73461341,-25.18843265,,,,,,,,,,,,,,,,,,,,
YRK34200,30.74298622,-25.18852865,,,,,,,,,,,,,,,,,,,,
YRK34201,30.74699028,-25.18862442,,,,,,,,,,,,,,,,,,,,
YRK34202,30.74137848,-25.1913624,,,,,,,,,,,,,,,,,,,,
YRK34203,30.74561016,-25.19280612,,,,,,,,,,,,,,,,,,,,
YRK34204,30.75077655,-25.1895337,,,,,,,,,,,,,,,,,,,,
YRK34205,30.75045459,-25.19195327,,,,,,,,,,,,,,,,,,,,
YRK34206,30.74746975,-25.19460139,,,,,,,,,,,,,,,,,,,,
YRK34207,30.75180375,-25.19493248,,,,,,,,,,,,,,,,,,,,
YRK34208,30.74814152,-25.19847531,,,,,,,,,,,,,,,,,,,,
YRK34209,30.74521749,-25.19758274,,,,,,,,,,,,,,,,,,,,
YRK34210,30.74833833,-25.19606448,,,,,,,,,,,,,,,,,,,,
YRK34211,30.73958564,-25.1949131,,,,,,,,,,,,,,,,,,,,
YRK34214,30.73580652,-25.19568215,,,,,,,,,,,,,,,,,,,,
YRK34216,30.73467153,-25.19760611,,,,,,,,,,,,,,,,,,,,
YRK34218,30.73528034,-25.20072734,,,,,,,,,,,,,,,,,,,,
YRK34219,30.76688345,-25.1576522,,,,,,,,,,,,,,,,,,,,
YRK34220,30.76162171,-25.15878991,,,,,,,,,,,,,,,,,,,,
YRK34221,30.75776462,-25.16199178,,,,,,,,,,,,,,,,,,,,
YRK34222,30.76350219,-25.1621032,,,,,,,,,,,,,,,,,,,,
YRK34223,30.76563057,-25.16485388,,,,,,,,,,,,,,,,,,,,
YRK34224,30.76308265,-25.16478273,,,,,,,,,,,,,,,,,,,,
YRK34225,30.75710542,-25.17461138,,,,,,,,,,,,,,,,,,,,
YRK34226,30.75938948,-25.17309007,,,,,,,,,,,,,,,,,,,,
YRK34227,30.76159302,-25.17615009,,,,,,,,,,,,,,,,,,,,
YRK34228,30.75909046,-25.17773955,,,,,,,,,,,,,,,,,,,,
YRK34229,30.76005076,-25.18041,,,,,,,,,,,,,,,,,,,,
YRK34230,30.75547368,-25.18283895,,,,,,,,,,,,,,,,,,,,
YRK34231,30.75893231,-25.18380065,,,,,,,,,,,,,,,,,,,,
YRK34233,30.75428819,-25.19275122,,,,,,,,,,,,,,,,,,,,
YRK34235,30.75839049,-25.19590084,,,,,,,,,,,,,,,,,,,,
YRK34236,30.75868565,-25.19009233,,,,,,,,,,,,,,,,,,,,
YRK34237,30.75349405,-25.18812981,,,,,,,,,,,,,,,,,,,,
YRK34238,30.76590664,-25.19293686,,,,,,,,,,,,,,,,,,,,
YRK34239,30.77082034,-25.19220856,,,,,,,,,,,,,,,,,,,,
YRK34240,30.76577519,-25.19098665,,,,,,,,,,,,,,,,,,,,
YRK34241,30.76437927,-25.18771136,,,,,,,,,,,,,,,,,,,,
YRK34242,30.76018275,-25.18574697,,,,,,,,,,,,,,,,,,,,
YRK34243,30.76196027,-25.18241332,,,,,,,,,,,,,,,,,,,,
YRK34244,30.76351073,-25.18426057,,,,,,,,,,,,,,,,,,,,
YRK34247,30.76901581,-25.1832851,,,,,,,,,,,,,,,,,,,,
YRK34248,30.77134376,-25.18308503,,,,,,,,,,,,,,,,,,,,
YRK34249,30.77257841,-25.17640715,,,,,,,,,,,,,,,,,,,,
YRK34250,30.77354382,-25.17254791,,,,,,,,,,,,,,,,,,,,
YRK34251,30.7718526,-25.18030752,,,,,,,,,,,,,,,,,,,,
YRK34252,30.77119327,-25.17514863,,,,,,,,,,,,,,,,,,,,
YRK34253,30.76905411,-25.17500489,,,,,,,,,,,,,,,,,,,,
YRK34254,30.76763072,-25.17647083,,,,,,,,,,,,,,,,,,,,
YRK34255,30.76447392,-25.17539483,,,,,,,,,,,,,,,,,,,,
YRK34256,30.76673648,-25.16682199,,,,,,,,,,,,,,,,,,,,
YRK34257,30.77397418,-25.16738721,,,,,,,,,,,,,,,,,,,,
YRK34258,30.77131057,-25.16608383,,,,,,,,,,,,,,,,,,,,
YRK34260,30.76870568,-25.16935504,,,,,,,,,,,,,,,,,,,,
YRK34261,30.77015723,-25.17049146,,,,,,,,,,,,,,,,,,,,
YRK34262,30.77279719,-25.16129706,,,,,,,,,,,,,,,,,,,,
YRK34263,30.76790013,-25.16176039,,,,,,,,,,,,,,,,,,,,
YRK34264,30.78120552,-25.1619602,,,,,,,,,,,,,,,,,,,,
YRK34265,30.78512097,-25.16174146,,,,,,,,,,,,,,,,,,,,
YRK34266,30.78995287,-25.16323957,,,,,,,,,,,,,,,,,,,,
YRK34267,30.792337,-25.16186992,,,,,,,,,,,,,,,,,,,,
YRK34268,30.79515714,-25.16736351,,,,,,,,,,,,,,,,,,,,
YRK34269,30.79752088,-25.16675941,,,,,,,,,,,,,,,,,,,,
YRK34270,30.79672936,-25.17216734,,,,,,,,,,,,,,,,,,,,
YRK34271,30.79317918,-25.16988538,,,,,,,,,,,,,,,,,,,,
YRK34272,30.78855907,-25.17434075,,,,,,,,,,,,,,,,,,,,
YRK34273,30.78817299,-25.17083704,,,,,,,,,,,,,,,,,,,,
YRK34274,30.78326751,-25.17108719,,,,,,,,,,,,,,,,,,,,
YRK34275,30.7876544,-25.16852615,,,,,,,,,,,,,,,,,,,,
YRK34276,30.78756734,-25.16588774,,,,,,,,,,,,,,,,,,,,
YRK34277,30.78149276,-25.16679168,,,,,,,,,,,,,,,,,,,,
YRK34278,30.77807158,-25.16641814,,,,,,,,,,,,,,,,,,,,
YRK34279,30.78346081,-25.17382508,,,,,,,,,,,,,,,,,,,,
YRK34281,30.77344776,-25.17701377,,,,,,,,,,,,,,,,,,,,
YRK34282,30.77127482,-25.18680732,,,,,,,,,,,,,,,,,,,,
YRK34283,30.7735101,-25.1798043,,,,,,,,,,,,,,,,,,,,
YRK34285,30.77290685,-25.18379786,,,,,,,,,,,,,,,,,,,,
YRK34286,30.77339895,-25.18806379,,,,,,,,,,,,,,,,,,,,
YRK34287,30.77392065,-25.1737001,,,,,,,,,,,,,,,,,,,,
YRK34288,30.77806702,-25.1725841,,,,,,,,,,,,,,,,,,,,
YRK34289,30.77957747,-25.17552709,,,,,,,,,,,,,,,,,,,,
YRK34290,30.78317468,-25.17794473,,,,,,,,,,,,,,,,,,,,
YRK34291,30.78128712,-25.17460046,,,,,,,,,,,,,,,,,,,,
YRK34292,30.78132486,-25.17871923,,,,,,,,,,,,,,,,,,,,
YRK34294,30.77865276,-25.1782697,,,,,,,,,,,,,,,,,,,,
YRK34296,30.77447068,-25.17596003,,,,,,,,,,,,,,,,,,,,
YRK34298,30.775918,-25.18395746,,,,,,,,,,,,,,,,,,,,
YRK34299,30.78150829,-25.1818366,,,,,,,,,,,,,,,,,,,,
YRK34301,30.78243584,-25.18353342,,,,,,,,,,,,,,,,,,,,
YRK34302,30.7886635,-25.1813105,,,,,,,,,,,,,,,,,,,,
YRK34303,30.79154837,-25.17963456,,,,,,,,,,,,,,,,,,,,
YRK34304,30.78927083,-25.17860737,,,,,,,,,,,,,,,,,,,,
YRK34305,30.79336785,-25.17691224,,,,,,,,,,,,,,,,,,,,
YRK34306,30.78908381,-25.17704339,,,,,,,,,,,,,,,,,,,,
YRK34307,30.79354316,-25.17578395,,,,,,,,,,,,,,,,,,,,
YRK34308,30.79418654,-25.18263488,,,,,,,,,,,,,,,,,,,,
YRK34309,30.79057691,-25.18278411,,,,,,,,,,,,,,,,,,,,
YRK34311,30.78963166,-25.18535847,,,,,,,,,,,,,,,,,,,,
YRK34312,30.79228994,-25.18827544,,,,,,,,,,,,,,,,,,,,
YRK34313,30.78948935,-25.19048246,,,,,,,,,,,,,,,,,,,,
YRK34314,30.79569481,-25.1889969,,,,,,,,,,,,,,,,,,,,
YRK34315,30.78749381,-25.19003835,,,,,,,,,,,,,,,,,,,,
YRK34316,30.7864344,-25.18695534,,,,,,,,,,,,,,,,,,,,
YRK34317,30.78333247,-25.1891591,,,,,,,,,,,,,,,,,,,,
YRK34318,30.78055975,-25.19111045,,,,,,,,,,,,,,,,,,,,
YRK34319,30.78247175,-25.18613296,,,,,,,,,,,,,,,,,,,,
YRK34320,30.7756763,-25.19204515,,,,,,,,,,,,,,,,,,,,
YRK34321,30.76828045,-25.19609322,,,,,,,,,,,,,,,,,,,,
YRK34322,30.76955209,-25.19610561,,,,,,,,,,,,,,,,,,,,
YRK34323,30.76370343,-25.1974483,,,,,,,,,,,,,,,,,,,,
YRK34325,30.75615796,-25.19917788,,,,,,,,,,,,,,,,,,,,
YRK34326,30.75609582,-25.2043495,,,,,,,,,,,,,,,,,,,,
YRK34327,30.75723415,-25.20353126,,,,,,,,,,,,,,,,,,,,
YRK34328,30.76003784,-25.20761402,,,,,,,,,,,,,,,,,,,,
YRK34330,30.76202831,-25.21159613,,,,,,,,,,,,,,,,,,,,
YRK34331,30.76517354,-25.20701199,,,,,,,,,,,,,,,,,,,,
YRK34332,30.76437435,-25.21186186,,,,,,,,,,,,,,,,,,,,
YRK34333,30.75875127,-25.21645993,,,,,,,,,,,,,,,,,,,,
YRK34334,30.770797,-25.20097019,,,,,,,,,,,,,,,,,,,,
YRK34335,30.77147153,-25.19880145,,,,,,,,,,,,,,,,,,,,
YRK34336,30.76749362,-25.20155489,,,,,,,,,,,,,,,,,,,,
YRK34337,30.76478031,-25.2005453,,,,,,,,,,,,,,,,,,,,
YRK34338,30.76558897,-25.21085508,,,,,,,,,,,,,,,,,,,,
YRK34339,30.7644137,-25.20364901,,,,,,,,,,,,,,,,,,,,
YRK34340,30.76520573,-25.19891174,,,,,,,,,,,,,,,,,,,,
YRK34341,30.76488986,-25.20456745,,,,,,,,,,,,,,,,,,,,
YRK34342,30.7697988,-25.20414188,,,,,,,,,,,,,,,,,,,,
YRK34343,30.76965642,-25.20737237,,,,,,,,,,,,,,,,,,,,
YRK34344,30.7699588,-25.21114145,,,,,,,,,,,,,,,,,,,,
YRK34345,30.76969443,-25.2148396,,,,,,,,,,,,,,,,,,,,
YRK34346,30.76701006,-25.21615439,,,,,,,,,,,,,,,,,,,,
YRK34347,30.76745242,-25.20976383,,,,,,,,,,,,,,,,,,,,
YRK34348,30.76820028,-25.21890546,,,,,,,,,,,,,,,,,,,,
YRK34349,30.7651377,-25.22020059,,,,,,,,,,,,,,,,,,,,
YRK34350,30.76132111,-25.22028895,,,,,,,,,,,,,,,,,,,,
YRK34351,30.76292773,-25.22251104,,,,,,,,,,,,,,,,,,,,
YRK34352,30.75848595,-25.21979401,,,,,,,,,,,,,,,,,,,,
YRK34353,30.75825272,-25.21946743,,,,,,,,,,,,,,,,,,,,
YRK34355,30.77321444,-25.2178391,,,,,,,,,,,,,,,,,,,,
YRK34356,30.77202812,-25.22164863,,,,,,,,,,,,,,,,,,,,
YRK34357,30.77097539,-25.22290074,,,,,,,,,,,,,,,,,,,,
YRK34358,30.76658003,-25.22418108,,,,,,,,,,,,,,,,,,,,
YRK34359,30.769494,-25.22389246,,,,,,,,,,,,,,,,,,,,
YRK34361,30.77243419,-25.22446835,,,,,,,,,,,,,,,,,,,,
YRK34362,30.77248342,-25.22656445,,,,,,,,,,,,,,,,,,,,
YRK34363,30.76573903,-25.22773708,,,,,,,,,,,,,,,,,,,,
YRK34364,30.76136155,-25.23039595,,,,,,,,,,,,,,,,,,,,
YRK34366,30.77393645,-25.22931103,,,,,,,,,,,,,,,,,,,,
YRK34367,30.76744726,-25.2304808,,,,,,,,,,,,,,,,,,,,
YRK34369,30.7658961,-25.23298146,,,,,,,,,,,,,,,,,,,,
YRK34370,30.77380594,-25.23142505,,,,,,,,,,,,,,,,,,,,
YRK34371,30.77187276,-25.23337421,,,,,,,,,,,,,,,,,,,,
YRK34372,30.77452735,-25.23484218,,,,,,,,,,,,,,,,,,,,
YRK34373,30.76787512,-25.23502797,,,,,,,,,,,,,,,,,,,,
YRK34374,30.76205614,-25.23727909,,,,,,,,,,,,,,,,,,,,
YRK34376,30.76539369,-25.24864179,,,,,,,,,,,,,,,,,,,,
YRK34377,30.76762094,-25.24150668,,,,,,,,,,,,,,,,,,,,
YRK34378,30.77205899,-25.23801067,,,,,,,,,,,,,,,,,,,,
YRK34380,30.77518948,-25.23908022,,,,,,,,,,,,,,,,,,,,
YRK34381,30.77602339,-25.24489745,,,,,,,,,,,,,,,,,,,,
YRK34382,30.77293428,-25.24413574,,,,,,,,,,,,,,,,,,,,
YRK34383,30.77002768,-25.24121369,,,,,,,,,,,,,,,,,,,,
YRK34384,30.77156197,-25.24872124,,,,,,,,,,,,,,,,,,,,
YRK34385,30.76974117,-25.24913828,,,,,,,,,,,,,,,,,,,,
YRK34386,30.77391385,-25.25171748,,,,,,,,,,,,,,,,,,,,
YRK34387,30.77353688,-25.24964938,,,,,,,,,,,,,,,,,,,,
YRK34388,30.77775288,-25.2502826,,,,,,,,,,,,,,,,,,,,
YRK34389,30.77654916,-25.24788291,,,,,,,,,,,,,,,,,,,,
YRK34390,30.77858791,-25.25466009,,,,,,,,,,,,,,,,,,,,
YRK34391,30.76588341,-25.24495876,,,,,,,,,,,,,,,,,,,,
YRK34392,30.76612468,-25.24855797,,,,,,,,,,,,,,,,,,,,
YRK34393,30.76323019,-25.2437692,,,,,,,,,,,,,,,,,,,,
YRK34395,30.78345381,-25.25727869,,,,,,,,,,,,,,,,,,,,
YRK34396,30.78752048,-25.25972522,,,,,,,,,,,,,,,,,,,,
YRK34397,30.79230555,-25.26172954,,,,,,,,,,,,,,,,,,,,
YRK34398,30.79612132,-25.26423254,,,,,,,,,,,,,,,,,,,,
YRK34399,30.79659001,-25.25932883,,,,,,,,,,,,,,,,,,,,
YRK34400,30.7986465,-25.25593322,,,,,,,,,,,,,,,,,,,,
YRK34401,30.78931414,-25.25580271,,,,,,,,,,,,,,,,,,,,
YRK34402,30.78351725,-25.25356006,,,,,,,,,,,,,,,,,,,,
YRK34403,30.78292146,-25.24991412,,,,,,,,,,,,,,,,,,,,
YRK34404,30.78788376,-25.25099502,,,,,,,,,,,,,,,,,,,,
YRK34405,30.79203144,-25.24995223,,,,,,,,,,,,,,,,,,,,
YRK34406,30.79109792,-25.25327552,,,,,,,,,,,,,,,,,,,,
YRK34407,30.79886569,-25.26169752,,,,,,,,,,,,,,,,,,,,
YRK34408,30.78978259,-25.24450924,,,,,,,,,,,,,,,,,,,,
YRK34409,30.78688974,-25.24428474,,,,,,,,,,,,,,,,,,,,
YRK34410,30.78711197,-25.24746579,,,,,,,,,,,,,,,,,,,,
YRK34411,30.78097573,-25.24323153,,,,,,,,,,,,,,,,,,,,
YRK34412,30.78244098,-25.24463074,,,,,,,,,,,,,,,,,,,,
YRK34413,30.77933628,-25.2395555,,,,,,,,,,,,,,,,,,,,
YRK34414,30.78571181,-25.24008674,,,,,,,,,,,,,,,,,,,,
YRK34415,30.78304075,-25.23823594,,,,,,,,,,,,,,,,,,,,
YRK34417,30.77980239,-25.23589286,,,,,,,,,,,,,,,,,,,,
YRK34418,30.78206513,-25.23232071,,,,,,,,,,,,,,,,,,,,
YRK34419,30.78419332,-25.23517894,,,,,,,,,,,,,,,,,,,,
YRK34420,30.77870119,-25.23327703,,,,,,,,,,,,,,,,,,,,
YRK34421,30.77880503,-25.22929975,,,,,,,,,,,,,,,,,,,,
YRK34422,30.77663933,-25.22390145,,,,,,,,,,,,,,,,,,,,
YRK34423,30.77687933,-25.2261851,,,,,,,,,,,,,,,,,,,,
YRK34425,30.77545525,-25.22171645,,,,,,,,,,,,,,,,,,,,
YRK34427,30.78764147,-25.22144721,,,,,,,,,,,,,,,,,,,,
YRK34428,30.78551636,-25.223209,,,,,,,,,,,,,,,,,,,,
YRK34429,30.78781412,-25.22671563,,,,,,,,,,,,,,,,,,,,
YRK34430,30.78560484,-25.22838057,,,,,,,,,,,,,,,,,,,,
YRK34431,30.79188307,-25.22512069,,,,,,,,,,,,,,,,,,,,
YRK34432,30.79695415,-25.22309448,,,,,,,,,,,,,,,,,,,,
YRK34434,30.79580454,-25.22750747,,,,,,,,,,,,,,,,,,,,
YRK34435,30.80020145,-25.22803984,,,,,,,,,,,,,,,,,,,,
YRK34436,30.80135185,-25.23057003,,,,,,,,,,,,,,,,,,,,
YRK34437,30.80208995,-25.22615085,,,,,,,,,,,,,,,,,,,,
YRK34438,30.79605175,-25.23286933,,,,,,,,,,,,,,,,,,,,
YRK34440,30.79409053,-25.23811695,,,,,,,,,,,,,,,,,,,,
YRK34441,30.79249786,-25.23282585,,,,,,,,,,,,,,,,,,,,
YRK34442,30.78880877,-25.23209207,,,,,,,,,,,,,,,,,,,,
YRK34443,30.79079168,-25.23594355,,,,,,,,,,,,,,,,,,,,
YRK34444,30.78707593,-25.23196865,,,,,,,,,,,,,,,,,,,,
YRK34446,30.77812333,-25.21602,,,,,,,,,,,,,,,,,,,,
YRK34447,30.78587499,-25.21911218,,,,,,,,,,,,,,,,,,,,
YRK34448,30.79334898,-25.21857035,,,,,,,,,,,,,,,,,,,,
YRK34451,30.79768811,-25.21679994,,,,,,,,,,,,,,,,,,,,
YRK34452,30.78526128,-25.21663278,,,,,,,,,,,,,,,,,,,,
YRK34453,30.79176061,-25.21306465,,,,,,,,,,,,,,,,,,,,
YRK34455,30.79635226,-25.21278617,,,,,,,,,,,,,,,,,,,,
YRK34457,30.7914848,-25.20791966,,,,,,,,,,,,,,,,,,,,
YRK34458,30.79091106,-25.20936168,,,,,,,,,,,,,,,,,,,,
YRK34459,30.7815814,-25.21252599,,,,,,,,,,,,,,,,,,,,
YRK34464,30.77371354,-25.21071518,,,,,,,,,,,,,,,,,,,,
YRK34465,30.77935187,-25.20789104,,,,,,,,,,,,,,,,,,,,
YRK34466,30.77571744,-25.20522795,,,,,,,,,,,,,,,,,,,,
YRK34467,30.77733737,-25.2045998,,,,,,,,,,,,,,,,,,,,
YRK34468,30.77313582,-25.20356301,,,,,,,,,,,,,,,,,,,,
YRK34469,30.7760833,-25.20930413,,,,,,,,,,,,,,,,,,,,
YRK34470,30.77709662,-25.21002929,,,,,,,,,,,,,,,,,,,,
YRK34471,30.78351405,-25.20550424,,,,,,,,,,,,,,,,,,,,
YRK34472,30.77686603,-25.19942607,,,,,,,,,,,,,,,,,,,,
YRK34476,30.78571275,-25.20806665,,,,,,,,,,,,,,,,,,,,
YRK34477,30.78816468,-25.20434654,,,,,,,,,,,,,,,,,,,,
YRK34478,30.79681661,-25.20728288,,,,,,,,,,,,,,,,,,,,
YRK34479,30.79795419,-25.19799507,,,,,,,,,,,,,,,,,,,,
YRK34480,30.79713239,-25.20284016,,,,,,,,,,,,,,,,,,,,
YRK34481,30.79253215,-25.2030647,,,,,,,,,,,,,,,,,,,,
YRK34482,30.79647705,-25.19579658,,,,,,,,,,,,,,,,,,,,
YRK34483,30.79664263,-25.19446862,,,,,,,,,,,,,,,,,,,,
YRK34484,30.78947892,-25.1977858,,,,,,,,,,,,,,,,,,,,
YRK34485,30.78218271,-25.2034992,,,,,,,,,,,,,,,,,,,,
YRK34486,30.78243395,-25.20101394,,,,,,,,,,,,,,,,,,,,
YRK34487,30.78431517,-25.19745933,,,,,,,,,,,,,,,,,,,,
YRK34488,30.77906254,-25.19650719,,,,,,,,,,,,,,,,,,,,
YRK34489,30.78239446,-25.19414948,,,,,,,,,,,,,,,,,,,,
YRK34490,30.78365643,-25.19247759,,,,,,,,,,,,,,,,,,,,
YRK34491,30.7896649,-25.19368968,,,,,,,,,,,,,,,,,,,,
YRK34492,30.79034252,-25.19181973,,,,,,,,,,,,,,,,,,,,
YRK34493,30.79440317,-25.19086523,,,,,,,,,,,,,,,,,,,,
YRK34494,30.79649197,-25.19286177,,,,,,,,,,,,,,,,,,,,
YRK34495,30.77604169,-25.19751696,,,,,,,,,,,,,,,,,,,,
YRK34496,30.77456342,-25.19830669,,,,,,,,,,,,,,,,,,,,
YRK34497,30.77539048,-25.19515855,,,,,,,,,,,,,,,,,,,,
YRK34499,30.81164688,-25.24306381,,,,,,,,,,,,,,,,,,,,
YRK34501,30.80690886,-25.24321314,,,,,,,,,,,,,,,,,,,,
YRK34502,30.81088991,-25.24110459,,,,,,,,,,,,,,,,,,,,
YRK34505,30.81316439,-25.23539054,,,,,,,,,,,,,,,,,,,,
YRK34507,30.80563275,-25.23529915,,,,,,,,,,,,,,,,,,,,
YRK34508,30.80011915,-25.24309671,,,,,,,,,,,,,,,,,,,,
YRK34509,30.80190884,-25.23991624,,,,,,,,,,,,,,,,,,,,
YRK34510,30.79809003,-25.24035018,,,,,,,,,,,,,,,,,,,,
YRK34511,30.80459309,-25.22822046,,,,,,,,,,,,,,,,,,,,
YRK34512,30.80576459,-25.22843692,,,,,,,,,,,,,,,,,,,,
YRK34513,30.80754825,-25.22965193,,,,,,,,,,,,,,,,,,,,
YRK34514,30.80765749,-25.23319195,,,,,,,,,,,,,,,,,,,,
YRK34515,30.80914576,-25.22949855,,,,,,,,,,,,,,,,,,,,
YRK34516,30.80911357,-25.23287815,,,,,,,,,,,,,,,,,,,,
YRK34517,30.80970967,-25.23464545,,,,,,,,,,,,,,,,,,,,
YRK34519,30.79654794,-25.24570043,,,,,,,,,,,,,,,,,,,,
YRK34520,30.79705501,-25.24826121,,,,,,,,,,,,,,,,,,,,
YRK34521,30.83783961,-25.16576741,,,,,,,,,,,,,,,,,,,,
YRK34522,30.84192478,-25.16551837,,,,,,,,,,,,,,,,,,,,
YRK34523,30.8440058,-25.16528082,,,,,,,,,,,,,,,,,,,,
YRK34524,30.84395781,-25.16759515,,,,,,,,,,,,,,,,,,,,
YRK34525,30.83715239,-25.1745303,,,,,,,,,,,,,,,,,,,,
YRK34526,30.83593083,-25.1686317,,,,,,,,,,,,,,,,,,,,
YRK34528,30.83144043,-25.1680913,,,,,,,,,,,,,,,,,,,,
YRK34529,30.83118531,-25.16560397,,,,,,,,,,,,,,,,,,,,
YRK34530,30.82023848,-25.16776804,,,,,,,,,,,,,,,,,,,,
YRK34531,30.8222031,-25.16554846,,,,,,,,,,,,,,,,,,,,
YRK34532,30.81835653,-25.17374032,,,,,,,,,,,,,,,,,,,,
YRK34533,30.82779017,-25.17162625,,,,,,,,,,,,,,,,,,,,
YRK34534,30.82444672,-25.16689234,,,,,,,,,,,,,,,,,,,,
YRK34535,30.82583822,-25.17558855,,,,,,,,,,,,,,,,,,,,
YRK34536,30.82183016,-25.17772252,,,,,,,,,,,,,,,,,,,,
YRK34537,30.81788848,-25.17913574,,,,,,,,,,,,,,,,,,,,
YRK34538,30.8132462,-25.17782338,,,,,,,,,,,,,,,,,,,,
YRK34539,30.81169165,-25.17281748,,,,,,,,,,,,,,,,,,,,
YRK34541,30.81416052,-25.16714642,,,,,,,,,,,,,,,,,,,,
YRK34542,30.81852371,-25.16519358,,,,,,,,,,,,,,,,,,,,
YRK34543,30.8084216,-25.16844092,,,,,,,,,,,,,,,,,,,,
YRK34544,30.81204922,-25.16520542,,,,,,,,,,,,,,,,,,,,
YRK34545,30.81272577,-25.16574135,,,,,,,,,,,,,,,,,,,,
YRK34546,30.80362703,-25.16806261,,,,,,,,,,,,,,,,,,,,
YRK34547,30.80229046,-25.1659788,,,,,,,,,,,,,,,,,,,,
YRK34548,30.8012638,-25.16947129,,,,,,,,,,,,,,,,,,,,
YRK34549,30.80019454,-25.16766696,,,,,,,,,,,,,,,,,,,,
YRK34551,30.8069514,-25.17203937,,,,,,,,,,,,,,,,,,,,
YRK34552,30.80210193,-25.17374446,,,,,,,,,,,,,,,,,,,,
YRK34554,30.80597353,-25.1768063,,,,,,,,,,,,,,,,,,,,
YRK34555,30.80793389,-25.17863867,,,,,,,,,,,,,,,,,,,,
YRK34556,30.80124289,-25.17690668,,,,,,,,,,,,,,,,,,,,
YRK34557,30.79780585,-25.17793371,,,,,,,,,,,,,,,,,,,,
YRK34558,30.79655778,-25.17760303,,,,,,,,,,,,,,,,,,,,
YRK34559,30.79766157,-25.17550998,,,,,,,,,,,,,,,,,,,,
YRK34560,30.79666255,-25.18101877,,,,,,,,,,,,,,,,,,,,
YRK34561,30.80157822,-25.18060948,,,,,,,,,,,,,,,,,,,,
YRK34562,30.79865527,-25.18442484,,,,,,,,,,,,,,,,,,,,
YRK34563,30.79802808,-25.19016652,,,,,,,,,,,,,,,,,,,,
YRK34564,30.79802032,-25.19310833,,,,,,,,,,,,,,,,,,,,
YRK34565,30.80267345,-25.18762041,,,,,,,,,,,,,,,,,,,,
YRK34566,30.80309504,-25.19186675,,,,,,,,,,,,,,,,,,,,
YRK34567,30.80647221,-25.18960388,,,,,,,,,,,,,,,,,,,,
YRK34568,30.80839346,-25.19055982,,,,,,,,,,,,,,,,,,,,
YRK34569,30.81093475,-25.19091166,,,,,,,,,,,,,,,,,,,,
YRK34570,30.8040712,-25.18279023,,,,,,,,,,,,,,,,,,,,
YRK34571,30.80797321,-25.18253479,,,,,,,,,,,,,,,,,,,,
YRK34572,30.81341711,-25.1818771,,,,,,,,,,,,,,,,,,,,
YRK34573,30.81237691,-25.18498654,,,,,,,,,,,,,,,,,,,,
YRK34574,30.83569134,-25.18107889,,,,,,,,,,,,,,,,,,,,
YRK34575,30.83350428,-25.18519161,,,,,,,,,,,,,,,,,,,,
YRK34576,30.83224416,-25.19137228,,,,,,,,,,,,,,,,,,,,
YRK34577,30.82959349,-25.18888597,,,,,,,,,,,,,,,,,,,,
YRK34578,30.83332696,-25.18104324,,,,,,,,,,,,,,,,,,,,
YRK34579,30.82938344,-25.1804127,,,,,,,,,,,,,,,,,,,,
YRK34580,30.8283388,-25.18430961,,,,,,,,,,,,,,,,,,,,
YRK34581,30.82807165,-25.18804443,,,,,,,,,,,,,,,,,,,,
YRK34582,30.82621706,-25.1930772,,,,,,,,,,,,,,,,,,,,
YRK34583,30.82829307,-25.18652892,,,,,,,,,,,,,,,,,,,,
YRK34584,30.82346825,-25.19134898,,,,,,,,,,,,,,,,,,,,
YRK34585,30.82294309,-25.18914561,,,,,,,,,,,,,,,,,,,,
YRK34586,30.82377194,-25.18561273,,,,,,,,,,,,,,,,,,,,
YRK34587,30.81815904,-25.18707737,,,,,,,,,,,,,,,,,,,,
YRK34588,30.81892577,-25.19174696,,,,,,,,,,,,,,,,,,,,
YRK34589,30.81608906,-25.19114338,,,,,,,,,,,,,,,,,,,,
YRK34590,30.81296348,-25.19529763,,,,,,,,,,,,,,,,,,,,
YRK34591,30.8173232,-25.19396782,,,,,,,,,,,,,,,,,,,,
YRK34592,30.83025562,-25.19507017,,,,,,,,,,,,,,,,,,,,
YRK34593,30.81892232,-25.19917885,,,,,,,,,,,,,,,,,,,,
YRK34594,30.82301533,-25.19668757,,,,,,,,,,,,,,,,,,,,
YRK34595,30.81702376,-25.2033928,,,,,,,,,,,,,,,,,,,,
YRK34597,30.82212814,-25.20200288,,,,,,,,,,,,,,,,,,,,
YRK34598,30.82642601,-25.20008696,,,,,,,,,,,,,,,,,,,,
YRK34599,30.82698743,-25.20494007,,,,,,,,,,,,,,,,,,,,
YRK34601,30.83018613,-25.20319514,,,,,,,,,,,,,,,,,,,,
YRK34602,30.82935733,-25.19908179,,,,,,,,,,,,,,,,,,,,
YRK34603,30.83279856,-25.20894288,,,,,,,,,,,,,,,,,,,,
YRK34604,30.82952741,-25.20848864,,,,,,,,,,,,,,,,,,,,
YRK34605,30.82452695,-25.20487203,,,,,,,,,,,,,,,,,,,,
YRK34606,30.82190797,-25.20527579,,,,,,,,,,,,,,,,,,,,
YRK34607,30.81479945,-25.20801473,,,,,,,,,,,,,,,,,,,,
YRK34608,30.81372117,-25.21085044,,,,,,,,,,,,,,,,,,,,
YRK34609,30.81809799,-25.20900074,,,,,,,,,,,,,,,,,,,,
YRK34613,30.82260853,-25.21160451,,,,,,,,,,,,,,,,,,,,
YRK34614,30.7996549,-25.19721765,,,,,,,,,,,,,,,,,,,,
YRK34615,30.80258193,-25.19950022,,,,,,,,,,,,,,,,,,,,
YRK34616,30.80257225,-25.20377539,,,,,,,,,,,,,,,,,,,,
YRK34617,30.80806944,-25.19948734,,,,,,,,,,,,,,,,,,,,
YRK34618,30.80492048,-25.19897147,,,,,,,,,,,,,,,,,,,,
YRK34619,30.80299751,-25.20751095,,,,,,,,,,,,,,,,,,,,
YRK34622,30.80882604,-25.20706411,,,,,,,,,,,,,,,,,,,,
YRK34623,30.80491245,-25.21250788,,,,,,,,,,,,,,,,,,,,
YRK34624,30.80161406,-25.21489555,,,,,,,,,,,,,,,,,,,,
YRK34625,30.80044071,-25.20856642,,,,,,,,,,,,,,,,,,,,
YRK34627,30.79942648,-25.20132918,,,,,,,,,,,,,,,,,,,,
YRK34628,30.8015256,-25.22378514,,,,,,,,,,,,,,,,,,,,
YRK34629,30.80139906,-25.2194183,,,,,,,,,,,,,,,,,,,,
YRK34630,30.8047482,-25.21652921,,,,,,,,,,,,,,,,,,,,
YRK34631,30.80668883,-25.2186884,,,,,,,,,,,,,,,,,,,,
YRK34632,30.80983742,-25.21681888,,,,,,,,,,,,,,,,,,,,
YRK34633,30.81366267,-25.21641746,,,,,,,,,,,,,,,,,,,,
YRK34634,30.8124655,-25.21074064,,,,,,,,,,,,,,,,,,,,
YRK34635,30.81274236,-25.21346987,,,,,,,,,,,,,,,,,,,,
YRK34636,30.8178841,-25.2180983,,,,,,,,,,,,,,,,,,,,
YRK34637,30.82595758,-25.21581673,,,,,,,,,,,,,,,,,,,,
YRK34638,30.8297879,-25.21174172,,,,,,,,,,,,,,,,,,,,
YRK34639,30.83467042,-25.21255463,,,,,,,,,,,,,,,,,,,,
YRK34640,30.83450241,-25.21679895,,,,,,,,,,,,,,,,,,,,
YRK34642,30.83086378,-25.21724909,,,,,,,,,,,,,,,,,,,,
YRK34644,30.83247604,-25.22382756,,,,,,,,,,,,,,,,,,,,
YRK34645,30.83565282,-25.22071493,,,,,,,,,,,,,,,,,,,,
YRK34646,30.83749339,-25.22698879,,,,,,,,,,,,,,,,,,,,
YRK34647,30.83822598,-25.23133297,,,,,,,,,,,,,,,,,,,,
YRK34648,30.8389273,-25.23419821,,,,,,,,,,,,,,,,,,,,
YRK34649,30.83700472,-25.23548527,,,,,,,,,,,,,,,,,,,,
YRK34650,30.83847755,-25.23728092,,,,,,,,,,,,,,,,,,,,
YRK34651,30.83487083,-25.23171945,,,,,,,,,,,,,,,,,,,,
YRK34652,30.83245154,-25.23331071,,,,,,,,,,,,,,,,,,,,
YRK34653,30.82895269,-25.23324688,,,,,,,,,,,,,,,,,,,,
YRK34654,30.82588017,-25.23120444,,,,,,,,,,,,,,,,,,,,
YRK34655,30.82613958,-25.23272992,,,,,,,,,,,,,,,,,,,,
YRK34656,30.81479787,-25.23148786,,,,,,,,,,,,,,,,,,,,
YRK34657,30.81832416,-25.22932069,,,,,,,,,,,,,,,,,,,,
YRK34659,30.82601203,-25.22979751,,,,,,,,,,,,,,,,,,,,
YRK34660,30.83190473,-25.22959401,,,,,,,,,,,,,,,,,,,,
YRK34661,30.83481654,-25.22773734,,,,,,,,,,,,,,,,,,,,
YRK34662,30.82450599,-25.22774458,,,,,,,,,,,,,,,,,,,,
YRK34663,30.82869509,-25.22741764,,,,,,,,,,,,,,,,,,,,
YRK34664,30.82816844,-25.22515322,,,,,,,,,,,,,,,,,,,,
YRK34665,30.82274157,-25.22574178,,,,,,,,,,,,,,,,,,,,
YRK34666,30.82486527,-25.2228653,,,,,,,,,,,,,,,,,,,,
YRK34667,30.82460731,-25.22104913,,,,,,,,,,,,,,,,,,,,
YRK34668,30.82032644,-25.22387921,,,,,,,,,,,,,,,,,,,,
YRK34669,30.82202378,-25.2238707,,,,,,,,,,,,,,,,,,,,
YRK34670,30.82761658,-25.21976152,,,,,,,,,,,,,,,,,,,,
YRK34671,30.82175501,-25.22018288,,,,,,,,,,,,,,,,,,,,
YRK34672,30.81545735,-25.22176513,,,,,,,,,,,,,,,,,,,,
YRK34673,30.81354189,-25.22282299,,,,,,,,,,,,,,,,,,,,
YRK34674,30.80785903,-25.22256791,,,,,,,,,,,,,,,,,,,,
YRK34676,30.81926238,-25.22614652,,,,,,,,,,,,,,,,,,,,
YRK34678,30.81355184,-25.22672191,,,,,,,,,,,,,,,,,,,,
YRK34679,30.8119261,-25.2251537,,,,,,,,,,,,,,,,,,,,
YRK34680,30.71978709,-25.12423649,,,,,,,,,,,,,,,,,,,,
YRK34681,30.72002334,-25.12122704,,,,,,,,,,,,,,,,,,,,
YRK34682,30.71815414,-25.12610212,,,,,,,,,,,,,,,,,,,,
YRK34683,30.71822824,-25.13176735,,,,,,,,,,,,,,,,,,,,
YRK34684,30.71480349,-25.13058851,,,,,,,,,,,,,,,,,,,,
YRK34685,30.71701674,-25.1296133,,,,,,,,,,,,,,,,,,,,
YRK34686,30.71245351,-25.13253095,,,,,,,,,,,,,,,,,,,,
YRK34687,30.71210142,-25.13842528,,,,,,,,,,,,,,,,,,,,
YRK34688,30.71659,-25.13877755,,,,,,,,,,,,,,,,,,,,
YRK34689,30.71108332,-25.13628338,,,,,,,,,,,,,,,,,,,,
YRK34690,30.71687309,-25.1362343,,,,,,,,,,,,,,,,,,,,
YRK34692,30.71924331,-25.13762171,,,,,,,,,,,,,,,,,,,,
YRK34693,30.71612322,-25.14408303,,,,,,,,,,,,,,,,,,,,
YRK34694,30.71307925,-25.14380498,,,,,,,,,,,,,,,,,,,,
YRK34695,30.71061861,-25.14274841,,,,,,,,,,,,,,,,,,,,
YRK34696,30.70749984,-25.14263038,,,,,,,,,,,,,,,,,,,,
YRK34698,30.70853778,-25.13886778,,,,,,,,,,,,,,,,,,,,
YRK34699,30.70682587,-25.1459745,,,,,,,,,,,,,,,,,,,,
YRK34700,30.71031565,-25.14808873,,,,,,,,,,,,,,,,,,,,
YRK34701,30.71369203,-25.14953371,,,,,,,,,,,,,,,,,,,,
YRK34702,30.71242408,-25.15269369,,,,,,,,,,,,,,,,,,,,
YRK34704,30.71201171,-25.15638772,,,,,,,,,,,,,,,,,,,,
YRK34705,30.71019122,-25.16285518,,,,,,,,,,,,,,,,,,,,
YRK34706,30.71091928,-25.15999954,,,,,,,,,,,,,,,,,,,,
YRK34707,30.70823134,-25.16400966,,,,,,,,,,,,,,,,,,,,
YRK34708,30.70436592,-25.17142671,,,,,,,,,,,,,,,,,,,,
YRK34710,30.7011953,-25.17579737,,,,,,,,,,,,,,,,,,,,
YRK34711,30.69965663,-25.16933227,,,,,,,,,,,,,,,,,,,,
YRK34712,30.69816036,-25.17378015,,,,,,,,,,,,,,,,,,,,
YRK34714,30.70035735,-25.17254628,,,,,,,,,,,,,,,,,,,,
YRK34715,30.70401221,-25.16869675,,,,,,,,,,,,,,,,,,,,
YRK34716,30.70237921,-25.16789541,,,,,,,,,,,,,,,,,,,,
YRK34717,30.70021902,-25.16423302,,,,,,,,,,,,,,,,,,,,
YRK34718,30.70433145,-25.16393622,,,,,,,,,,,,,,,,,,,,
YRK34719,30.70183792,-25.15997898,,,,,,,,,,,,,,,,,,,,
YRK34720,30.7061353,-25.15982485,,,,,,,,,,,,,,,,,,,,
YRK34721,30.70227381,-25.15803289,,,,,,,,,,,,,,,,,,,,
YRK34722,30.69614345,-25.17512713,,,,,,,,,,,,,,,,,,,,
YRK34723,30.69665456,-25.17096888,,,,,,,,,,,,,,,,,,,,
YRK34725,30.6987762,-25.15991546,,,,,,,,,,,,,,,,,,,,
YRK34730,30.70192367,-25.15337137,,,,,,,,,,,,,,,,,,,,
YRK34731,30.69986777,-25.153583,,,,,,,,,,,,,,,,,,,,
YRK34732,30.70496951,-25.15643471,,,,,,,,,,,,,,,,,,,,
YRK34733,30.70896073,-25.15660474,,,,,,,,,,,,,,,,,,,,
YRK34734,30.70749901,-25.15050931,,,,,,,,,,,,,,,,,,,,
YRK34735,30.70364603,-25.14886969,,,,,,,,,,,,,,,,,,,,
YRK34736,30.70297251,-25.14569599,,,,,,,,,,,,,,,,,,,,
YRK34737,30.70490864,-25.13762532,,,,,,,,,,,,,,,,,,,,
YRK34740,30.70781408,-25.13372986,,,,,,,,,,,,,,,,,,,,
YRK34742,30.70624159,-25.14053007,,,,,,,,,,,,,,,,,,,,
YRK34744,30.70596064,-25.12993413,,,,,,,,,,,,,,,,,,,,
YRK34745,30.7110198,-25.12992235,,,,,,,,,,,,,,,,,,,,
YRK34746,30.7102498,-25.12671491,,,,,,,,,,,,,,,,,,,,
YRK34747,30.70932594,-25.12893275,,,,,,,,,,,,,,,,,,,,
YRK34748,30.71520374,-25.12292211,,,,,,,,,,,,,,,,,,,,
YRK34749,30.71241422,-25.1225377,,,,,,,,,,,,,,,,,,,,
YRK34750,30.69173641,-25.16515603,,,,,,,,,,,,,,,,,,,,
YRK34751,30.69380066,-25.16751542,,,,,,,,,,,,,,,,,,,,
YRK34752,30.69656081,-25.16373254,,,,,,,,,,,,,,,,,,,,
YRK34755,30.69454326,-25.17378433,,,,,,,,,,,,,,,,,,,,
YRK34756,30.70710117,-25.1724011,,,,,,,,,,,,,,,,,,,,
YRK34757,30.70954093,-25.17361129,,,,,,,,,,,,,,,,,,,,
YRK34758,30.71185082,-25.17166471,,,,,,,,,,,,,,,,,,,,
YRK34760,30.71374171,-25.17296895,,,,,,,,,,,,,,,,,,,,
YRK34761,30.7093905,-25.17448629,,,,,,,,,,,,,,,,,,,,
YRK34763,30.71240429,-25.16759204,,,,,,,,,,,,,,,,,,,,
YRK34765,30.71270856,-25.16582042,,,,,,,,,,,,,,,,,,,,
YRK34766,30.71389117,-25.16277647,,,,,,,,,,,,,,,,,,,,
YRK34767,30.71514457,-25.15608771,,,,,,,,,,,,,,,,,,,,
YRK34768,30.71567363,-25.15318285,,,,,,,,,,,,,,,,,,,,
YRK34770,30.71773675,-25.15134521,,,,,,,,,,,,,,,,,,,,
YRK34771,30.72064477,-25.1524353,,,,,,,,,,,,,,,,,,,,
YRK34772,30.71681917,-25.15119717,,,,,,,,,,,,,,,,,,,,
YRK34774,30.71859321,-25.16123454,,,,,,,,,,,,,,,,,,,,
YRK34775,30.7194467,-25.16339063,,,,,,,,,,,,,,,,,,,,
YRK34776,30.71669099,-25.16481205,,,,,,,,,,,,,,,,,,,,
YRK34777,30.714966,-25.16959352,,,,,,,,,,,,,,,,,,,,
YRK34779,30.7216799,-25.16985404,,,,,,,,,,,,,,,,,,,,
YRK34780,30.72093872,-25.16467886,,,,,,,,,,,,,,,,,,,,
YRK34781,30.71937062,-25.16694972,,,,,,,,,,,,,,,,,,,,
YRK34782,30.71772275,-25.1691007,,,,,,,,,,,,,,,,,,,,
YRK34783,30.72398401,-25.15943536,,,,,,,,,,,,,,,,,,,,
YRK34784,30.72425064,-25.16438866,,,,,,,,,,,,,,,,,,,,
YRK34785,30.72408417,-25.16896102,,,,,,,,,,,,,,,,,,,,
YRK34786,30.72860564,-25.16561722,,,,,,,,,,,,,,,,,,,,
YRK34787,30.72869782,-25.16135636,,,,,,,,,,,,,,,,,,,,
YRK34789,30.73245959,-25.16458349,,,,,,,,,,,,,,,,,,,,
YRK34790,30.73006502,-25.16740606,,,,,,,,,,,,,,,,,,,,
YRK34791,30.72830416,-25.15936105,,,,,,,,,,,,,,,,,,,,
YRK34792,30.72974983,-25.1589049,,,,,,,,,,,,,,,,,,,,
YRK34793,30.73110274,-25.15747905,,,,,,,,,,,,,,,,,,,,
YRK34794,30.7359723,-25.16094151,,,,,,,,,,,,,,,,,,,,
YRK34795,30.73983496,-25.16352304,,,,,,,,,,,,,,,,,,,,
YRK34796,30.74118449,-25.16246532,,,,,,,,,,,,,,,,,,,,
YRK34797,30.73511859,-25.16331074,,,,,,,,,,,,,,,,,,,,
YRK34798,30.74338102,-25.16238466,,,,,,,,,,,,,,,,,,,,
YRK34799,30.73974679,-25.15657673,,,,,,,,,,,,,,,,,,,,
YRK34801,30.73464551,-25.15443586,,,,,,,,,,,,,,,,,,,,
YRK34802,30.7424058,-25.15293029,,,,,,,,,,,,,,,,,,,,
YRK34803,30.74678659,-25.15789837,,,,,,,,,,,,,,,,,,,,
YRK34806,30.74923632,-25.15724403,,,,,,,,,,,,,,,,,,,,
YRK34807,30.75476545,-25.15818877,,,,,,,,,,,,,,,,,,,,
YRK34808,30.75961899,-25.15779774,,,,,,,,,,,,,,,,,,,,
YRK34810,30.7583587,-25.15662869,,,,,,,,,,,,,,,,,,,,
YRK34811,30.75956424,-25.15500783,,,,,,,,,,,,,,,,,,,,
YRK34815,30.75517091,-25.15229094,,,,,,,,,,,,,,,,,,,,
YRK34816,30.75169077,-25.15204395,,,,,,,,,,,,,,,,,,,,
YRK34817,30.7449565,-25.14957085,,,,,,,,,,,,,,,,,,,,
YRK34819,30.7466658,-25.14663633,,,,,,,,,,,,,,,,,,,,
YRK34820,30.74463937,-25.14488487,,,,,,,,,,,,,,,,,,,,
YRK34821,30.74276281,-25.14742555,,,,,,,,,,,,,,,,,,,,
YRK34822,30.74228073,-25.14678525,,,,,,,,,,,,,,,,,,,,
YRK34823,30.73960636,-25.15113603,,,,,,,,,,,,,,,,,,,,
YRK34824,30.73861472,-25.14780351,,,,,,,,,,,,,,,,,,,,
YRK34825,30.73447245,-25.15054682,,,,,,,,,,,,,,,,,,,,
YRK34826,30.7278515,-25.15578901,,,,,,,,,,,,,,,,,,,,
YRK34828,30.74695631,-25.10855154,,,,,,,,,,,,,,,,,,,,
YRK34829,30.74435005,-25.10925094,,,,,,,,,,,,,,,,,,,,
YRK34831,30.73844409,-25.10942182,,,,,,,,,,,,,,,,,,,,
YRK34832,30.74022471,-25.11068897,,,,,,,,,,,,,,,,,,,,
YRK34833,30.73623032,-25.11260246,,,,,,,,,,,,,,,,,,,,
YRK34834,30.73381699,-25.11280044,,,,,,,,,,,,,,,,,,,,
YRK34835,30.73363412,-25.11585937,,,,,,,,,,,,,,,,,,,,
YRK34836,30.73497949,-25.11937704,,,,,,,,,,,,,,,,,,,,
YRK34837,30.72944004,-25.12078171,,,,,,,,,,,,,,,,,,,,
YRK34838,30.73390956,-25.12291357,,,,,,,,,,,,,,,,,,,,
YRK34839,30.73222557,-25.12015029,,,,,,,,,,,,,,,,,,,,
YRK34840,30.73037594,-25.12321542,,,,,,,,,,,,,,,,,,,,
YRK34844,30.7387061,-25.11483604,,,,,,,,,,,,,,,,,,,,
YRK34845,30.74329579,-25.11346689,,,,,,,,,,,,,,,,,,,,
YRK34847,30.74756789,-25.11065245,,,,,,,,,,,,,,,,,,,,
YRK34848,30.74797802,-25.11333437,,,,,,,,,,,,,,,,,,,,
YRK34849,30.74328992,-25.11614399,,,,,,,,,,,,,,,,,,,,
YRK34850,30.74017234,-25.11893628,,,,,,,,,,,,,,,,,,,,
YRK34852,30.74616804,-25.11785235,,,,,,,,,,,,,,,,,,,,
YRK34853,30.74477459,-25.12076091,,,,,,,,,,,,,,,,,,,,
YRK34854,30.74475814,-25.12187412,,,,,,,,,,,,,,,,,,,,
YRK34855,30.74494666,-25.12294198,,,,,,,,,,,,,,,,,,,,
YRK34856,30.75002618,-25.12075956,,,,,,,,,,,,,,,,,,,,
YRK34857,30.74242599,-25.12506994,,,,,,,,,,,,,,,,,,,,
YRK34858,30.74579219,-25.12456595,,,,,,,,,,,,,,,,,,,,
YRK34859,30.74961125,-25.12558822,,,,,,,,,,,,,,,,,,,,
YRK34860,30.74780297,-25.12806836,,,,,,,,,,,,,,,,,,,,
YRK34861,30.74973694,-25.12367171,,,,,,,,,,,,,,,,,,,,
YRK34862,30.7530093,-25.1304555,,,,,,,,,,,,,,,,,,,,
YRK34863,30.74999032,-25.12983996,,,,,,,,,,,,,,,,,,,,
YRK34864,30.7512374,-25.13279622,,,,,,,,,,,,,,,,,,,,
YRK34865,30.75153869,-25.13726793,,,,,,,,,,,,,,,,,,,,
YRK34866,30.75388044,-25.13719541,,,,,,,,,,,,,,,,,,,,
YRK34867,30.75549816,-25.14080146,,,,,,,,,,,,,,,,,,,,
YRK34868,30.74899776,-25.13858463,,,,,,,,,,,,,,,,,,,,
YRK34869,30.74387501,-25.14240401,,,,,,,,,,,,,,,,,,,,
YRK34871,30.74303303,-25.1377542,,,,,,,,,,,,,,,,,,,,
YRK34872,30.74569707,-25.13324159,,,,,,,,,,,,,,,,,,,,
YRK34873,30.74847859,-25.13230656,,,,,,,,,,,,,,,,,,,,
YRK34874,30.74678202,-25.13845677,,,,,,,,,,,,,,,,,,,,
YRK34875,30.74880243,-25.13459233,,,,,,,,,,,,,,,,,,,,
YRK34876,30.74162654,-25.13191822,,,,,,,,,,,,,,,,,,,,
YRK34877,30.74150095,-25.12876441,,,,,,,,,,,,,,,,,,,,
YRK34878,30.74490656,-25.1298774,,,,,,,,,,,,,,,,,,,,
YRK34879,30.7377534,-25.12833952,,,,,,,,,,,,,,,,,,,,
YRK34880,30.73705418,-25.12523006,,,,,,,,,,,,,,,,,,,,
YRK34881,30.73599776,-25.12972223,,,,,,,,,,,,,,,,,,,,
YRK34882,30.73823044,-25.13296,,,,,,,,,,,,,,,,,,,,
YRK34883,30.73920888,-25.13887715,,,,,,,,,,,,,,,,,,,,
YRK34885,30.73888363,-25.14290431,,,,,,,,,,,,,,,,,,,,
YRK34886,30.74038266,-25.14305849,,,,,,,,,,,,,,,,,,,,
YRK34887,30.73463318,-25.13976033,,,,,,,,,,,,,,,,,,,,
YRK34888,30.73551632,-25.14343441,,,,,,,,,,,,,,,,,,,,
YRK34889,30.73740982,-25.14529333,,,,,,,,,,,,,,,,,,,,
YRK34890,30.73418412,-25.14794509,,,,,,,,,,,,,,,,,,,,
YRK34891,30.73143306,-25.13472641,,,,,,,,,,,,,,,,,,,,
YRK34892,30.73118122,-25.13888628,,,,,,,,,,,,,,,,,,,,
YRK34893,30.7308323,-25.12878003,,,,,,,,,,,,,,,,,,,,
YRK34894,30.734035,-25.13546506,,,,,,,,,,,,,,,,,,,,
YRK34895,30.73318042,-25.12754009,,,,,,,,,,,,,,,,,,,,
YRK34896,30.73357494,-25.13086514,,,,,,,,,,,,,,,,,,,,
YRK34898,30.73130616,-25.12551,,,,,,,,,,,,,,,,,,,,
YRK34899,30.72468926,-25.12626948,,,,,,,,,,,,,,,,,,,,
YRK34900,30.72730135,-25.12482428,,,,,,,,,,,,,,,,,,,,
YRK34901,30.72620378,-25.12782396,,,,,,,,,,,,,,,,,,,,
YRK34902,30.72138003,-25.13652794,,,,,,,,,,,,,,,,,,,,
YRK34903,30.72283446,-25.126426,,,,,,,,,,,,,,,,,,,,
YRK34904,30.72126394,-25.13392462,,,,,,,,,,,,,,,,,,,,
YRK34905,30.72141704,-25.13247371,,,,,,,,,,,,,,,,,,,,
YRK34906,30.71930638,-25.14570874,,,,,,,,,,,,,,,,,,,,
YRK34907,30.72081341,-25.14082381,,,,,,,,,,,,,,,,,,,,
YRK34909,30.72033649,-25.1432709,,,,,,,,,,,,,,,,,,,,
YRK34910,30.72176759,-25.14746828,,,,,,,,,,,,,,,,,,,,
YRK34911,30.72393564,-25.14756813,,,,,,,,,,,,,,,,,,,,
YRK34914,30.72352633,-25.1419771,,,,,,,,,,,,,,,,,,,,
YRK34915,30.72352988,-25.13885628,,,,,,,,,,,,,,,,,,,,
YRK34916,30.72318573,-25.13580201,,,,,,,,,,,,,,,,,,,,
YRK34917,30.72627216,-25.12923296,,,,,,,,,,,,,,,,,,,,
YRK34918,30.72655374,-25.13419298,,,,,,,,,,,,,,,,,,,,
YRK34919,30.72857031,-25.136375,,,,,,,,,,,,,,,,,,,,
YRK34920,30.73073653,-25.13656908,,,,,,,,,,,,,,,,,,,,
YRK34921,30.72894787,-25.13006852,,,,,,,,,,,,,,,,,,,,
YRK34922,30.72945249,-25.12974169,,,,,,,,,,,,,,,,,,,,
YRK34923,30.72720477,-25.12786987,,,,,,,,,,,,,,,,,,,,
YRK34924,30.72635791,-25.14227664,,,,,,,,,,,,,,,,,,,,
YRK34925,30.72928642,-25.14199437,,,,,,,,,,,,,,,,,,,,
YRK34926,30.76164326,-25.11205424,,,,,,,,,,,,,,,,,,,,
YRK34927,30.75931647,-25.11119626,,,,,,,,,,,,,,,,,,,,
YRK34930,30.75708089,-25.11395526,,,,,,,,,,,,,,,,,,,,
YRK34931,30.75140207,-25.11510255,,,,,,,,,,,,,,,,,,,,
YRK34933,30.75452817,-25.11977246,,,,,,,,,,,,,,,,,,,,
YRK34934,30.75574989,-25.12197105,,,,,,,,,,,,,,,,,,,,
YRK34935,30.76750732,-25.11348495,,,,,,,,,,,,,,,,,,,,
YRK34936,30.76616253,-25.11825502,,,,,,,,,,,,,,,,,,,,
YRK34939,30.7709211,-25.11325924,,,,,,,,,,,,,,,,,,,,
YRK34940,30.76913676,-25.11867009,,,,,,,,,,,,,,,,,,,,
YRK34941,30.76957823,-25.11104962,,,,,,,,,,,,,,,,,,,,
YRK34942,30.77410066,-25.11501345,,,,,,,,,,,,,,,,,,,,
YRK34943,30.77206705,-25.11963911,,,,,,,,,,,,,,,,,,,,
YRK34944,30.77307691,-25.11396705,,,,,,,,,,,,,,,,,,,,
YRK34946,30.77435379,-25.11987973,,,,,,,,,,,,,,,,,,,,
YRK34947,30.77615673,-25.12302864,,,,,,,,,,,,,,,,,,,,
YRK34948,30.77915213,-25.12027361,,,,,,,,,,,,,,,,,,,,
YRK34949,30.78095995,-25.12486444,,,,,,,,,,,,,,,,,,,,
YRK34950,30.77494522,-25.12729176,,,,,,,,,,,,,,,,,,,,
YRK34951,30.7724308,-25.12736182,,,,,,,,,,,,,,,,,,,,
YRK34952,30.77075487,-25.12716774,,,,,,,,,,,,,,,,,,,,
YRK34953,30.76786923,-25.12637403,,,,,,,,,,,,,,,,,,,,
YRK34954,30.76870342,-25.12824425,,,,,,,,,,,,,,,,,,,,
YRK34955,30.76978976,-25.12167371,,,,,,,,,,,,,,,,,,,,
YRK34956,30.7662127,-25.12466588,,,,,,,,,,,,,,,,,,,,
YRK34957,30.76596835,-25.12134192,,,,,,,,,,,,,,,,,,,,
YRK34959,30.76125489,-25.12119988,,,,,,,,,,,,,,,,,,,,
YRK34960,30.75758324,-25.12599586,,,,,,,,,,,,,,,,,,,,
YRK34961,30.75486942,-25.12565335,,,,,,,,,,,,,,,,,,,,
YRK34962,30.76051326,-25.12434124,,,,,,,,,,,,,,,,,,,,
YRK34963,30.75558894,-25.12624021,,,,,,,,,,,,,,,,,,,,
YRK34964,30.75620292,-25.12802097,,,,,,,,,,,,,,,,,,,,
YRK34965,30.76031129,-25.12778555,,,,,,,,,,,,,,,,,,,,
YRK34966,30.75527075,-25.13094317,,,,,,,,,,,,,,,,,,,,
YRK34967,30.75827567,-25.13383616,,,,,,,,,,,,,,,,,,,,
YRK34968,30.75975284,-25.1354757,,,,,,,,,,,,,,,,,,,,
YRK34969,30.75783399,-25.13768277,,,,,,,,,,,,,,,,,,,,
YRK34970,30.76116862,-25.13235294,,,,,,,,,,,,,,,,,,,,
YRK34971,30.76471028,-25.133192,,,,,,,,,,,,,,,,,,,,
YRK34972,30.76787669,-25.13010049,,,,,,,,,,,,,,,,,,,,
YRK34973,30.76643742,-25.13240886,,,,,,,,,,,,,,,,,,,,
YRK34974,30.77197093,-25.13220559,,,,,,,,,,,,,,,,,,,,
YRK34975,30.77010723,-25.13111159,,,,,,,,,,,,,,,,,,,,
YRK34976,30.76886718,-25.13331045,,,,,,,,,,,,,,,,,,,,
YRK34977,30.76795323,-25.1326378,,,,,,,,,,,,,,,,,,,,
YRK34978,30.77549476,-25.13042865,,,,,,,,,,,,,,,,,,,,
YRK34979,30.77265654,-25.13093784,,,,,,,,,,,,,,,,,,,,
YRK34980,30.77109823,-25.13461213,,,,,,,,,,,,,,,,,,,,
YRK34981,30.76684939,-25.13425171,,,,,,,,,,,,,,,,,,,,
YRK34982,30.76777888,-25.13622737,,,,,,,,,,,,,,,,,,,,
YRK34983,30.76313231,-25.13750172,,,,,,,,,,,,,,,,,,,,
YRK34984,30.76498349,-25.13826222,,,,,,,,,,,,,,,,,,,,
YRK34985,30.76726515,-25.13855339,,,,,,,,,,,,,,,,,,,,
YRK34986,30.76001223,-25.14443141,,,,,,,,,,,,,,,,,,,,
YRK34987,30.76280724,-25.14476412,,,,,,,,,,,,,,,,,,,,
YRK34988,30.76291102,-25.1506742,,,,,,,,,,,,,,,,,,,,
YRK34990,30.76836457,-25.14482812,,,,,,,,,,,,,,,,,,,,
YRK34992,30.76956726,-25.14104014,,,,,,,,,,,,,,,,,,,,
YRK34993,30.77313474,-25.13693345,,,,,,,,,,,,,,,,,,,,
YRK34994,30.77819856,-25.13107508,,,,,,,,,,,,,,,,,,,,
YRK34995,30.77661025,-25.13639204,,,,,,,,,,,,,,,,,,,,
YRK34996,30.77235863,-25.14283216,,,,,,,,,,,,,,,,,,,,
YRK34997,30.77550237,-25.1393496,,,,,,,,,,,,,,,,,,,,
YRK34998,30.77499863,-25.14093825,,,,,,,,,,,,,,,,,,,,
YRK34999,30.7759116,-25.14399918,,,,,,,,,,,,,,,,,,,,
YRK35000,30.77391502,-25.14767332,,,,,,,,,,,,,,,,,,,,
YRK35001,30.76994828,-25.14790137,,,,,,,,,,,,,,,,,,,,
YRK35004,30.78467374,-25.14180801,,,,,,,,,,,,,,,,,,,,
YRK35005,30.79686632,-25.10772309,,,,,,,,,,,,,,,,,,,,
YRK35006,30.79625319,-25.11313086,,,,,,,,,,,,,,,,,,,,
YRK35007,30.79387295,-25.10817565,,,,,,,,,,,,,,,,,,,,
YRK35008,30.79619996,-25.10557052,,,,,,,,,,,,,,,,,,,,
YRK35009,30.79167366,-25.10491239,,,,,,,,,,,,,,,,,,,,
YRK35010,30.79609943,-25.10258866,,,,,,,,,,,,,,,,,,,,
YRK35011,30.78877622,-25.10683194,,,,,,,,,,,,,,,,,,,,
YRK35012,30.78978844,-25.10958159,,,,,,,,,,,,,,,,,,,,
YRK35015,30.7937665,-25.11125006,,,,,,,,,,,,,,,,,,,,
YRK35016,30.78131134,-25.11317785,,,,,,,,,,,,,,,,,,,,
YRK35017,30.77954462,-25.11486832,,,,,,,,,,,,,,,,,,,,
YRK35018,30.78241854,-25.11808472,,,,,,,,,,,,,,,,,,,,
YRK35019,30.78241321,-25.10743217,,,,,,,,,,,,,,,,,,,,
YRK35022,30.78230118,-25.10835304,,,,,,,,,,,,,,,,,,,,
YRK35023,30.785628,-25.11358025,,,,,,,,,,,,,,,,,,,,
YRK35024,30.78141023,-25.10981643,,,,,,,,,,,,,,,,,,,,
YRK35026,30.78859423,-25.12068641,,,,,,,,,,,,,,,,,,,,
YRK35027,30.78560762,-25.11689845,,,,,,,,,,,,,,,,,,,,
YRK35028,30.78425777,-25.11528061,,,,,,,,,,,,,,,,,,,,
YRK35031,30.79144609,-25.11694207,,,,,,,,,,,,,,,,,,,,
YRK35032,30.79288472,-25.11944059,,,,,,,,,,,,,,,,,,,,
YRK35033,30.79455577,-25.11936626,,,,,,,,,,,,,,,,,,,,
YRK35035,30.78556174,-25.12156114,,,,,,,,,,,,,,,,,,,,
YRK35036,30.78539274,-25.12498198,,,,,,,,,,,,,,,,,,,,
YRK35037,30.78958634,-25.1233616,,,,,,,,,,,,,,,,,,,,
YRK35038,30.79160627,-25.12113324,,,,,,,,,,,,,,,,,,,,
YRK35039,30.79140604,-25.12991022,,,,,,,,,,,,,,,,,,,,
YRK35040,30.79606,-25.12308696,,,,,,,,,,,,,,,,,,,,
YRK35041,30.78932844,-25.12731336,,,,,,,,,,,,,,,,,,,,
YRK35044,30.78992559,-25.13131437,,,,,,,,,,,,,,,,,,,,
YRK35045,30.78509749,-25.12915423,,,,,,,,,,,,,,,,,,,,
YRK35048,30.78713492,-25.13468315,,,,,,,,,,,,,,,,,,,,
YRK35049,30.78646592,-25.13711372,,,,,,,,,,,,,,,,,,,,
YRK35052,30.78316526,-25.1318828,,,,,,,,,,,,,,,,,,,,
YRK35053,30.78233418,-25.13827489,,,,,,,,,,,,,,,,,,,,
YRK35055,30.78146689,-25.12964501,,,,,,,,,,,,,,,,,,,,
YRK35056,30.78165554,-25.13320794,,,,,,,,,,,,,,,,,,,,
YRK35057,30.77984573,-25.10823387,,,,,,,,,,,,,,,,,,,,
YRK35058,30.67470492,-25.16013505,,,,,,,,,,,,,,,,,,,,
YRK35059,30.67582582,-25.15753263,,,,,,,,,,,,,,,,,,,,
YRK35060,30.67658879,-25.16335433,,,,,,,,,,,,,,,,,,,,
YRK35061,30.68054775,-25.16006734,,,,,,,,,,,,,,,,,,,,
YRK35062,30.6782742,-25.1576231,,,,,,,,,,,,,,,,,,,,
YRK35064,30.68019082,-25.15778476,,,,,,,,,,,,,,,,,,,,
YRK35065,30.67697951,-25.1525116,,,,,,,,,,,,,,,,,,,,
YRK35066,30.67909405,-25.15193808,,,,,,,,,,,,,,,,,,,,
YRK35067,30.67753611,-25.14664293,,,,,,,,,,,,,,,,,,,,
YRK35068,30.68100568,-25.14217576,,,,,,,,,,,,,,,,,,,,
YRK35069,30.68111174,-25.14113323,,,,,,,,,,,,,,,,,,,,
YRK35070,30.68243457,-25.13886712,,,,,,,,,,,,,,,,,,,,
YRK35071,30.68237594,-25.13437797,,,,,,,,,,,,,,,,,,,,
YRK35072,30.68541231,-25.13669396,,,,,,,,,,,,,,,,,,,,
YRK35073,30.68755671,-25.13531367,,,,,,,,,,,,,,,,,,,,
YRK35074,30.68672487,-25.13769203,,,,,,,,,,,,,,,,,,,,
YRK35075,30.6854898,-25.1435973,,,,,,,,,,,,,,,,,,,,
YRK35077,30.68519593,-25.14735488,,,,,,,,,,,,,,,,,,,,
YRK35078,30.68346385,-25.15057071,,,,,,,,,,,,,,,,,,,,
YRK35080,30.68303098,-25.15486077,,,,,,,,,,,,,,,,,,,,
YRK35084,30.68162163,-25.1622189,,,,,,,,,,,,,,,,,,,,
YRK35085,30.68428733,-25.16259222,,,,,,,,,,,,,,,,,,,,
YRK35088,30.68399454,-25.15975141,,,,,,,,,,,,,,,,,,,,
YRK35089,30.68685668,-25.1562796,,,,,,,,,,,,,,,,,,,,
YRK35091,30.68445903,-25.15458328,,,,,,,,,,,,,,,,,,,,
YRK35092,30.68583407,-25.14974698,,,,,,,,,,,,,,,,,,,,
YRK35093,30.68598619,-25.15183024,,,,,,,,,,,,,,,,,,,,
YRK35094,30.68751901,-25.1429165,,,,,,,,,,,,,,,,,,,,
YRK35095,30.68847724,-25.1478356,,,,,,,,,,,,,,,,,,,,
YRK35096,30.68893203,-25.16272244,,,,,,,,,,,,,,,,,,,,
YRK35098,30.68843181,-25.15950872,,,,,,,,,,,,,,,,,,,,
YRK35100,30.68978658,-25.15401383,,,,,,,,,,,,,,,,,,,,
YRK35101,30.69231644,-25.1496288,,,,,,,,,,,,,,,,,,,,
YRK35102,30.69027215,-25.1406027,,,,,,,,,,,,,,,,,,,,
YRK35103,30.6927033,-25.13917846,,,,,,,,,,,,,,,,,,,,
YRK35104,30.69353506,-25.14098039,,,,,,,,,,,,,,,,,,,,
YRK35105,30.69442644,-25.14461482,,,,,,,,,,,,,,,,,,,,
YRK35106,30.69507437,-25.15161041,,,,,,,,,,,,,,,,,,,,
YRK35107,30.6949006,-25.15691328,,,,,,,,,,,,,,,,,,,,
YRK35108,30.69386053,-25.1556733,,,,,,,,,,,,,,,,,,,,
YRK35109,30.69156282,-25.16028286,,,,,,,,,,,,,,,,,,,,
YRK35111,30.6926046,-25.16244156,,,,,,,,,,,,,,,,,,,,
YRK35112,30.69600059,-25.16013998,,,,,,,,,,,,,,,,,,,,
YRK35113,30.69712933,-25.1551887,,,,,,,,,,,,,,,,,,,,
YRK35114,30.69776332,-25.1575178,,,,,,,,,,,,,,,,,,,,
YRK35115,30.6995474,-25.1523665,,,,,,,,,,,,,,,,,,,,
YRK35116,30.69891347,-25.1491522,,,,,,,,,,,,,,,,,,,,
YRK35117,30.69889999,-25.14472841,,,,,,,,,,,,,,,,,,,,
YRK35118,30.69850866,-25.14158689,,,,,,,,,,,,,,,,,,,,
YRK35120,30.70043612,-25.13978163,,,,,,,,,,,,,,,,,,,,
YRK35121,30.70182508,-25.13765949,,,,,,,,,,,,,,,,,,,,
YRK35122,30.81073318,-25.23423158,,,,,,,,,,,,,,,,,,,,
YRK35123,30.80951144,-25.2334117,,,,,,,,,,,,,,,,,,,,
YRK35124,30.74394013,-25.10613793,,,,,,,,,,,,,,,,,,,,
YRK35125,30.74058606,-25.11249183,,,,,,,,,,,,,,,,,,,,
YRK35126,30.74803387,-25.10448114,,,,,,,,,,,,,,,,,,,,
YRK35127,30.74927016,-25.10206871,,,,,,,,,,,,,,,,,,,,
YRK35128,30.75245314,-25.10398122,,,,,,,,,,,,,,,,,,,,
YRK35129,30.75593593,-25.09966325,,,,,,,,,,,,,,,,,,,,
YRK35130,30.75571697,-25.10113612,,,,,,,,,,,,,,,,,,,,
YRK35131,30.75728858,-25.10058112,,,,,,,,,,,,,,,,,,,,
YRK35132,30.75700945,-25.10181647,,,,,,,,,,,,,,,,,,,,
YRK35133,30.75690337,-25.1001542,,,,,,,,,,,,,,,,,,,,
YRK35136,30.72738789,-25.12226361,,,,,,,,,,,,,,,,,,,,
YRK35137,30.72819928,-25.12023929,,,,,,,,,,,,,,,,,,,,
YRK35138,30.75101974,-25.10663448,,,,,,,,,,,,,,,,,,,,
YRK35139,30.74948806,-25.10705555,,,,,,,,,,,,,,,,,,,,
YRK35140,30.74952866,-25.11369628,,,,,,,,,,,,,,,,,,,,
YRK35141,30.73358911,-25.11926746,,,,,,,,,,,,,,,,,,,,
YRK35142,30.72910222,-25.13360422,,,,,,,,,,,,,,,,,,,,
YRK35143,30.73131469,-25.1393945,,,,,,,,,,,,,,,,,,,,
YRK35144,30.72850044,-25.12516734,,,,,,,,,,,,,,,,,,,,
YRK35145,30.75105129,-25.12287889,,,,,,,,,,,,,,,,,,,,
YRK35147,30.73801196,-25.15509018,,,,,,,,,,,,,,,,,,,,
YRK35149,30.76978528,-25.19723582,,,,,,,,,,,,,,,,,,,,
YRK35150,30.77619553,-25.17648946,,,,,,,,,,,,,,,,,,,,
YRK35151,30.77361715,-25.17429132,,,,,,,,,,,,,,,,,,,,
YRK35152,30.79238134,-25.18672287,,,,,,,,,,,,,,,,,,,,
YRK35153,30.77522169,-25.19109647,,,,,,,,,,,,,,,,,,,,
YRK35154,30.77733453,-25.18447385,,,,,,,,,,,,,,,,,,,,
YRK35155,30.79154517,-25.17815115,,,,,,,,,,,,,,,,,,,,
YRK35156,30.77624028,-25.18834506,,,,,,,,,,,,,,,,,,,,
YRK35157,30.72056021,-25.13158523,,,,,,,,,,,,,,,,,,,,
YRK35165,30.73522196,-25.12998976,,,,,,,,,,,,,,,,,,,,
YRK35166,30.75323313,-25.14419924,,,,,,,,,,,,,,,,,,,,
YRK35167,30.73417115,-25.14178947,,,,,,,,,,,,,,,,,,,,
YRK35168,30.72505477,-25.12846859,,,,,,,,,,,,,,,,,,,,
YRK35169,30.72641536,-25.14967315,,,,,,,,,,,,,,,,,,,,
YRK35170,30.72407274,-25.13499096,,,,,,,,,,,,,,,,,,,,
YRK35171,30.72674283,-25.14155249,,,,,,,,,,,,,,,,,,,,
YRK35172,30.72836262,-25.14150625,,,,,,,,,,,,,,,,,,,,
YRK35173,30.81480963,-25.16934878,,,,,,,,,,,,,,,,,,,,
YRK35174,30.84213174,-25.16668675,,,,,,,,,,,,,,,,,,,,
YRK35175,30.83812123,-25.17717186,,,,,,,,,,,,,,,,,,,,
YRK35176,30.83984484,-25.17030279,,,,,,,,,,,,,,,,,,,,
YRK35177,30.68812825,-25.16867062,,,,,,,,,,,,,,,,,,,,
YRK35178,30.7229892,-25.12154551,,,,,,,,,,,,,,,,,,,,
YRK35179,30.7254731,-25.12100747,,,,,,,,,,,,,,,,,,,,
YRK35181,30.72340626,-25.11969183,,,,,,,,,,,,,,,,,,,,
YRK35182,30.72204069,-25.11955433,,,,,,,,,,,,,,,,,,,,
YRK35183,30.71752152,-25.13185919,,,,,,,,,,,,,,,,,,,,
YRK35184,30.71170493,-25.13075665,,,,,,,,,,,,,,,,,,,,
YRK35185,30.71544085,-25.13716115,,,,,,,,,,,,,,,,,,,,
YRK35186,30.71368757,-25.14049277,,,,,,,,,,,,,,,,,,,,
YRK35187,30.7091768,-25.14534017,,,,,,,,,,,,,,,,,,,,
YRK35188,30.70907933,-25.14930931,,,,,,,,,,,,,,,,,,,,
YRK35189,30.71227095,-25.14724874,,,,,,,,,,,,,,,,,,,,
YRK35190,30.69718063,-25.17183428,,,,,,,,,,,,,,,,,,,,
YRK35191,30.69566176,-25.16600834,,,,,,,,,,,,,,,,,,,,
YRK35192,30.70196221,-25.16155343,,,,,,,,,,,,,,,,,,,,
YRK35193,30.70513209,-25.15341052,,,,,,,,,,,,,,,,,,,,
YRK35194,30.70586308,-25.13563854,,,,,,,,,,,,,,,,,,,,
YRK35196,30.79206934,-25.23886164,,,,,,,,,,,,,,,,,,,,
YRK35198,30.8382663,-25.16777372,,,,,,,,,,,,,,,,,,,,
YRK35199,30.78968626,-25.24383437,,,,,,,,,,,,,,,,,,,,
YRK35202,30.84088253,-25.16546828,,,,,,,,,,,,,,,,,,,,
YRK35203,30.72740076,-25.12356535,,,,,,,,,,,,,,,,,,,,
YRK35204,30.80377545,-25.17234414,,,,,,,,,,,,,,,,,,,,
YRK35205,30.81861896,-25.18409002,,,,,,,,,,,,,,,,,,,,
YRK35206,30.80425135,-25.19443725,,,,,,,,,,,,,,,,,,,,
YRK35208,30.81746623,-25.1959658,,,,,,,,,,,,,,,,,,,,
YRK35209,30.79007005,-25.23446759,,,,,,,,,,,,,,,,,,,,
YRK35211,30.82131391,-25.19318638,,,,,,,,,,,,,,,,,,,,
YRK35212,30.81462679,-25.19957185,,,,,,,,,,,,,,,,,,,,
YRK35213,30.79189474,-25.23688083,,,,,,,,,,,,,,,,,,,,
YRK35216,30.70799447,-25.13013324,,,,,,,,,,,,,,,,,,,,
YRK35217,30.71270663,-25.12198701,,,,,,,,,,,,,,,,,,,,
YRK35218,30.79514086,-25.24618914,,,,,,,,,,,,,,,,,,,,
YRK35219,30.77681684,-25.21689271,,,,,,,,,,,,,,,,,,,,
YRK35220,30.81101383,-25.23141861,,,,,,,,,,,,,,,,,,,,
YRK35221,30.83260411,-25.17551681,,,,,,,,,,,,,,,,,,,,
YRK35222,30.81484353,-25.17387226,,,,,,,,,,,,,,,,,,,,
YRK35223,30.80963072,-25.17483941,,,,,,,,,,,,,,,,,,,,
YRK35224,30.81289163,-25.17602683,,,,,,,,,,,,,,,,,,,,
YRK35225,30.81108475,-25.16667644,,,,,,,,,,,,,,,,,,,,
YRK35226,30.80393461,-25.17615706,,,,,,,,,,,,,,,,,,,,
YRK35227,30.79663277,-25.17716748,,,,,,,,,,,,,,,,,,,,
YRK35228,30.79968981,-25.17928798,,,,,,,,,,,,,,,,,,,,
YRK35229,30.80143298,-25.23388547,,,,,,,,,,,,,,,,,,,,
YRK35230,30.78808269,-25.21762966,,,,,,,,,,,,,,,,,,,,
YRK35231,30.76713815,-25.24934402,,,,,,,,,,,,,,,,,,,,
YRK35232,30.77646015,-25.19509247,,,,,,,,,,,,,,,,,,,,
YRK35233,30.79426119,-25.25829949,,,,,,,,,,,,,,,,,,,,
YRK35234,30.75827536,-25.22332984,,,,,,,,,,,,,,,,,,,,
YRK35235,30.7577501,-25.21368425,,,,,,,,,,,,,,,,,,,,
YRK35237,30.76224935,-25.23320601,,,,,,,,,,,,,,,,,,,,
YRK35238,30.76075848,-25.24060767,,,,,,,,,,,,,,,,,,,,
YRK35239,30.7642476,-25.20843984,,,,,,,,,,,,,,,,,,,,
YRK35240,30.75958797,-25.20382093,,,,,,,,,,,,,,,,,,,,
YRK35241,30.77053003,-25.20263998,,,,,,,,,,,,,,,,,,,,
YRK35242,30.76299035,-25.20549787,,,,,,,,,,,,,,,,,,,,
YRK35243,30.76042316,-25.19864169,,,,,,,,,,,,,,,,,,,,
YRK35244,30.76442431,-25.20431047,,,,,,,,,,,,,,,,,,,,
YRK35245,30.76504781,-25.1993597,,,,,,,,,,,,,,,,,,,,
YRK35246,30.76442143,-25.20286695,,,,,,,,,,,,,,,,,,,,
YRK35248,30.73215687,-25.18200599,,,,,,,,,,,,,,,,,,,,
YRK35249,30.73588938,-25.18417612,,,,,,,,,,,,,,,,,,,,
YRK35250,30.73239707,-25.17970912,,,,,,,,,,,,,,,,,,,,
YRK35251,30.73374186,-25.17509214,,,,,,,,,,,,,,,,,,,,
YRK35253,30.74714488,-25.18080107,,,,,,,,,,,,,,,,,,,,
YRK35254,30.73937276,-25.16490009,,,,,,,,,,,,,,,,,,,,
YRK35255,30.74327856,-25.16360651,,,,,,,,,,,,,,,,,,,,
YRK35256,30.74926867,-25.1618329,,,,,,,,,,,,,,,,,,,,
YRK35257,30.74822592,-25.16674854,,,,,,,,,,,,,,,,,,,,
YRK35258,30.75390838,-25.16871392,,,,,,,,,,,,,,,,,,,,
YRK35259,30.77426498,-25.22794168,,,,,,,,,,,,,,,,,,,,
YRK35261,30.76138086,-25.22758328,,,,,,,,,,,,,,,,,,,,
YRK35263,30.83158413,-25.2246168,,,,,,,,,,,,,,,,,,,,
YRK35265,30.82510443,-25.2205747,,,,,,,,,,,,,,,,,,,,
YRK35266,30.81118986,-25.20355377,,,,,,,,,,,,,,,,,,,,
YRK35269,30.81168678,-25.2111348,,,,,,,,,,,,,,,,,,,,
YRK35270,30.81490537,-25.20591062,,,,,,,,,,,,,,,,,,,,
YRK35271,30.81979485,-25.20608614,,,,,,,,,,,,,,,,,,,,
YRK35274,30.8376767,-25.21721197,,,,,,,,,,,,,,,,,,,,
YRK35275,30.83343151,-25.20629658,,,,,,,,,,,,,,,,,,,,
YRK35276,30.82690612,-25.23179869,,,,,,,,,,,,,,,,,,,,
YRK35278,30.83158903,-25.19918134,,,,,,,,,,,,,,,,,,,,
YRK35279,30.71987725,-25.14778279,,,,,,,,,,,,,,,,,,,,
YRK35280,30.71761472,-25.15842665,,,,,,,,,,,,,,,,,,,,
YRK35281,30.71716029,-25.15551861,,,,,,,,,,,,,,,,,,,,
YRK35282,30.71765225,-25.16337708,,,,,,,,,,,,,,,,,,,,
YRK35284,30.72365305,-25.16764082,,,,,,,,,,,,,,,,,,,,
YRK35285,30.74697471,-25.17249601,,,,,,,,,,,,,,,,,,,,
YRK35286,30.75103619,-25.18792292,,,,,,,,,,,,,,,,,,,,
YRK35287,30.73735614,-25.18479051,,,,,,,,,,,,,,,,,,,,
YRK35289,30.73386349,-25.19273646,,,,,,,,,,,,,,,,,,,,
YRK35291,30.7380439,-25.18975106,,,,,,,,,,,,,,,,,,,,
YRK35293,30.72393002,-25.15702091,,,,,,,,,,,,,,,,,,,,
YRK35294,30.73012217,-25.15815098,,,,,,,,,,,,,,,,,,,,
YRK35295,30.73398113,-25.16026814,,,,,,,,,,,,,,,,,,,,
YRK35296,30.74094495,-25.15967634,,,,,,,,,,,,,,,,,,,,
YRK35297,30.75232965,-25.15584565,,,,,,,,,,,,,,,,,,,,
YRK35298,30.75839342,-25.15535044,,,,,,,,,,,,,,,,,,,,
YRK35299,30.74843602,-25.147971,,,,,,,,,,,,,,,,,,,,
YRK35300,30.73808141,-25.15133285,,,,,,,,,,,,,,,,,,,,
YRK35302,30.73304405,-25.1506329,,,,,,,,,,,,,,,,,,,,
YRK35303,30.73613086,-25.15499714,,,,,,,,,,,,,,,,,,,,
YRK35304,30.78467559,-25.23820678,,,,,,,,,,,,,,,,,,,,
YRK35305,30.78072141,-25.23756089,,,,,,,,,,,,,,,,,,,,
YRK35306,30.78690635,-25.22485573,,,,,,,,,,,,,,,,,,,,
YRK35307,30.76812308,-25.17109299,,,,,,,,,,,,,,,,,,,,
YRK35308,30.76820388,-25.2195029,,,,,,,,,,,,,,,,,,,,
YRK35309,30.76703523,-25.15899998,,,,,,,,,,,,,,,,,,,,
YRK35310,30.76762011,-25.15520161,,,,,,,,,,,,,,,,,,,,
YRK35311,30.76126616,-25.17373462,,,,,,,,,,,,,,,,,,,,
YRK35313,30.76357794,-25.19457206,,,,,,,,,,,,,,,,,,,,
YRK35314,30.77175283,-25.1894018,,,,,,,,,,,,,,,,,,,,
YRK35315,30.77071682,-25.19086732,,,,,,,,,,,,,,,,,,,,
YRK35316,30.76297765,-25.18568835,,,,,,,,,,,,,,,,,,,,
YRK35317,30.76600278,-25.1806501,,,,,,,,,,,,,,,,,,,,
YRK35318,30.77605156,-25.1801857,,,,,,,,,,,,,,,,,,,,
YRK35319,30.77281251,-25.17955974,,,,,,,,,,,,,,,,,,,,
YRK35320,30.76969414,-25.17960642,,,,,,,,,,,,,,,,,,,,
YRK35321,30.7634032,-25.16856359,,,,,,,,,,,,,,,,,,,,
YRK35322,30.78930306,-25.24010011,,,,,,,,,,,,,,,,,,,,
YRK35323,30.7759778,-25.15988974,,,,,,,,,,,,,,,,,,,,
YRK35324,30.77044001,-25.15994728,,,,,,,,,,,,,,,,,,,,
YRK35325,30.78765132,-25.19986677,,,,,,,,,,,,,,,,,,,,
YRK35326,30.77966412,-25.19917775,,,,,,,,,,,,,,,,,,,,
YRK35327,30.78632247,-25.19296511,,,,,,,,,,,,,,,,,,,,
YRK35328,30.8078667,-25.20847166,,,,,,,,,,,,,,,,,,,,
YRK35329,30.83543058,-25.23353034,,,,,,,,,,,,,,,,,,,,
YRK35330,30.82206235,-25.22881567,,,,,,,,,,,,,,,,,,,,
YRK35331,30.81830048,-25.23090413,,,,,,,,,,,,,,,,,,,,
YRK35333,30.79834002,-25.19789976,,,,,,,,,,,,,,,,,,,,
YRK35334,30.77673627,-25.16559312,,,,,,,,,,,,,,,,,,,,
YRK35335,30.77402813,-25.18013469,,,,,,,,,,,,,,,,,,,,
YRK35336,30.77390705,-25.19199501,,,,,,,,,,,,,,,,,,,,
YRK35338,30.78863603,-25.16444348,,,,,,,,,,,,,,,,,,,,
YRK35339,30.79330023,-25.17326887,,,,,,,,,,,,,,,,,,,,
YRK35340,30.78736156,-25.17399037,,,,,,,,,,,,,,,,,,,,
YRK35341,30.7833644,-25.1760816,,,,,,,,,,,,,,,,,,,,
YRK35342,30.76926529,-25.18702115,,,,,,,,,,,,,,,,,,,,
YRK35343,30.681169,-25.15403987,,,,,,,,,,,,,,,,,,,,
YRK35344,30.68856803,-25.14094707,,,,,,,,,,,,,,,,,,,,
YRK35345,30.6901869,-25.14491511,,,,,,,,,,,,,,,,,,,,
YRK35347,30.68831003,-25.13738195,,,,,,,,,,,,,,,,,,,,
YRK35348,30.67811239,-25.1629046,,,,,,,,,,,,,,,,,,,,
YRK35350,30.68121846,-25.16133452,,,,,,,,,,,,,,,,,,,,
YRK35352,30.67597196,-25.1537491,,,,,,,,,,,,,,,,,,,,
YRK35353,30.67534799,-25.15851887,,,,,,,,,,,,,,,,,,,,
YRK35354,30.67722205,-25.14757275,,,,,,,,,,,,,,,,,,,,
YRK35355,30.68249932,-25.13739972,,,,,,,,,,,,,,,,,,,,
YRK35356,30.68731597,-25.13621379,,,,,,,,,,,,,,,,,,,,
YRK35357,30.69679004,-25.14551549,,,,,,,,,,,,,,,,,,,,
YRK35358,30.69176344,-25.15577963,,,,,,,,,,,,,,,,,,,,
YRK35359,30.69497584,-25.1591703,,,,,,,,,,,,,,,,,,,,
YRK35360,30.69810073,-25.14287504,,,,,,,,,,,,,,,,,,,,
YRK35361,30.7015337,-25.1424672,,,,,,,,,,,,,,,,,,,,
YRK35362,30.7022073,-25.13891036,,,,,,,,,,,,,,,,,,,,
YRK35363,30.78710279,-25.22323551,,,,,,,,,,,,,,,,,,,,
YRK35364,30.76126571,-25.10377706,,,,,,,,,,,,,,,,,,,,
YRK35365,30.76287792,-25.11148481,,,,,,,,,,,,,,,,,,,,
YRK35366,30.76152305,-25.10283385,,,,,,,,,,,,,,,,,,,,
YRK35367,30.75481812,-25.10607829,,,,,,,,,,,,,,,,,,,,
YRK35368,30.75823571,-25.10590716,,,,,,,,,,,,,,,,,,,,
YRK35369,30.74985536,-25.10900673,,,,,,,,,,,,,,,,,,,,
YRK35370,30.75071074,-25.10778897,,,,,,,,,,,,,,,,,,,,
YRK35372,30.76104559,-25.12525543,,,,,,,,,,,,,,,,,,,,
YRK35374,30.78923551,-25.22892093,,,,,,,,,,,,,,,,,,,,
YRK35375,30.75826584,-25.13087762,,,,,,,,,,,,,,,,,,,,
YRK35379,30.76091658,-25.14107502,,,,,,,,,,,,,,,,,,,,
YRK35380,30.76086974,-25.14016397,,,,,,,,,,,,,,,,,,,,
YRK35383,30.76778434,-25.14111473,,,,,,,,,,,,,,,,,,,,
YRK35385,30.7802503,-25.13089941,,,,,,,,,,,,,,,,,,,,
YRK35388,30.77370822,-25.14464885,,,,,,,,,,,,,,,,,,,,
YRK35389,30.75253906,-25.10941188,,,,,,,,,,,,,,,,,,,,
YRK35390,30.75387882,-25.10992895,,,,,,,,,,,,,,,,,,,,
YRK35391,30.75869023,-25.11785196,,,,,,,,,,,,,,,,,,,,
YRK35392,30.77260833,-25.11606002,,,,,,,,,,,,,,,,,,,,
YRK35393,30.77233621,-25.12016697,,,,,,,,,,,,,,,,,,,,
YRK35394,30.77317388,-25.11817175,,,,,,,,,,,,,,,,,,,,
YRK35395,30.77593882,-25.11441572,,,,,,,,,,,,,,,,,,,,
YRK35397,30.78012265,-25.13717416,,,,,,,,,,,,,,,,,,,,
YRK35398,30.76997886,-25.13233415,,,,,,,,,,,,,,,,,,,,
YRK35399,30.77748141,-25.12773069,,,,,,,,,,,,,,,,,,,,
YRK35400,30.78025667,-25.12690927,,,,,,,,,,,,,,,,,,,,
YRK35401,30.77051886,-25.12923593,,,,,,,,,,,,,,,,,,,,
YRK35402,30.77010945,-25.12941947,,,,,,,,,,,,,,,,,,,,
YRK35403,30.76598833,-25.12977941,,,,,,,,,,,,,,,,,,,,
YRK35404,30.76256585,-25.12923322,,,,,,,,,,,,,,,,,,,,
YRK35405,30.76368681,-25.12241417,,,,,,,,,,,,,,,,,,,,
YRK35406,30.75909066,-25.13969681,,,,,,,,,,,,,,,,,,,,
YRK35407,30.76160959,-25.13699556,,,,,,,,,,,,,,,,,,,,
YRK35408,30.79750451,-25.10988845,,,,,,,,,,,,,,,,,,,,
YRK35409,30.79385415,-25.10472919,,,,,,,,,,,,,,,,,,,,
YRK35410,30.79216165,-25.10714152,,,,,,,,,,,,,,,,,,,,
YRK35411,30.79255702,-25.10534867,,,,,,,,,,,,,,,,,,,,
YRK35413,30.79754785,-25.09992799,,,,,,,,,,,,,,,,,,,,
YRK35414,30.78826657,-25.11050713,,,,,,,,,,,,,,,,,,,,
YRK35415,30.78605614,-25.10679603,,,,,,,,,,,,,,,,,,,,
YRK35416,30.7940042,-25.11392562,,,,,,,,,,,,,,,,,,,,
YRK35417,30.77989462,-25.113669,,,,,,,,,,,,,,,,,,,,
YRK35418,30.7810733,-25.11964402,,,,,,,,,,,,,,,,,,,,
YRK35421,30.78133804,-25.10646266,,,,,,,,,,,,,,,,,,,,
YRK35422,30.77951334,-25.11136472,,,,,,,,,,,,,,,,,,,,
YRK35423,30.77860573,-25.10722229,,,,,,,,,,,,,,,,,,,,
YRK35424,30.7838036,-25.11375232,,,,,,,,,,,,,,,,,,,,
YRK35425,30.79259213,-25.11987346,,,,,,,,,,,,,,,,,,,,
YRK35426,30.78714423,-25.12363996,,,,,,,,,,,,,,,,,,,,
YRK35427,30.78431956,-25.12125212,,,,,,,,,,,,,,,,,,,,
YRK35428,30.78230634,-25.12893737,,,,,,,,,,,,,,,,,,,,
YRK35429,30.78272428,-25.12723787,,,,,,,,,,,,,,,,,,,,
YRK35430,30.79023711,-25.12777798,,,,,,,,,,,,,,,,,,,,
YRK35431,30.79439891,-25.12670273,,,,,,,,,,,,,,,,,,,,
YRK35432,30.78795305,-25.13309202,,,,,,,,,,,,,,,,,,,,
YRK35433,30.78631406,-25.12792867,,,,,,,,,,,,,,,,,,,,
YRK35434,30.78312745,-25.13407833,,,,,,,,,,,,,,,,,,,,
YRK35435,30.77949417,-25.10558152,,,,,,,,,,,,,,,,,,,,
YRK35436,30.77930059,-25.10948398,,,,,,,,,,,,,,,,,,,,
YRK35437,30.77939994,-25.10687011,,,,,,,,,,,,,,,,,,,,
YRK36683,30.68868702,-25.27049861,,,,,,,,,,,,,,,,,,,,
YRK36684,30.6898593,-25.27314603,,,,,,,,,,,,,,,,,,,,
YRK36685,30.69372307,-25.27661155,,,,,,,,,,,,,,,,,,,,
YRK36686,30.68851113,-25.27440778,,,,,,,,,,,,,,,,,,,,
YRK36687,30.68804544,-25.27932329,,,,,,,,,,,,,,,,,,,,
YRK36690,30.69960666,-25.28345299,,,,,,,,,,,,,,,,,,,,
YRK36691,30.69932993,-25.28528419,,,,,,,,,,,,,,,,,,,,
YRK36693,30.69685581,-25.28687168,,,,,,,,,,,,,,,,,,,,
YRK36694,30.69591936,-25.28810281,,,,,,,,,,,,,,,,,,,,
YRK36695,30.69303126,-25.28536029,,,,,,,,,,,,,,,,,,,,
YRK36696,30.69681076,-25.28516033,,,,,,,,,,,,,,,,,,,,
YRK36697,30.69106954,-25.28150351,,,,,,,,,,,,,,,,,,,,
YRK36698,30.6898676,-25.28530901,,,,,,,,,,,,,,,,,,,,
YRK36700,30.69268985,-25.28865321,,,,,,,,,,,,,,,,,,,,
YRK36701,30.68771576,-25.28571028,,,,,,,,,,,,,,,,,,,,
YRK36704,30.6847504,-25.27537893,,,,,,,,,,,,,,,,,,,,
YRK36707,30.68360271,-25.27330292,,,,,,,,,,,,,,,,,,,,
YRK36709,30.67844723,-25.28032286,,,,,,,,,,,,,,,,,,,,
YRK36710,30.67702833,-25.28528355,,,,,,,,,,,,,,,,,,,,
YRK36711,30.67603079,-25.28730723,,,,,,,,,,,,,,,,,,,,
YRK36712,30.68219929,-25.27854593,,,,,,,,,,,,,,,,,,,,
YRK36713,30.68061395,-25.28075357,,,,,,,,,,,,,,,,,,,,
YRK36715,30.68439117,-25.28116376,,,,,,,,,,,,,,,,,,,,
YRK36716,30.68012517,-25.28478892,,,,,,,,,,,,,,,,,,,,
YRK36718,30.67916834,-25.28780049,,,,,,,,,,,,,,,,,,,,
YRK36719,30.68482528,-25.28802667,,,,,,,,,,,,,,,,,,,,
YRK36720,30.68526838,-25.28661874,,,,,,,,,,,,,,,,,,,,
YRK36721,30.68123229,-25.29013602,,,,,,,,,,,,,,,,,,,,
YRK36722,30.68910412,-25.2916398,,,,,,,,,,,,,,,,,,,,
YRK36724,30.67950724,-25.29468962,,,,,,,,,,,,,,,,,,,,
YRK36727,30.68094046,-25.29760314,,,,,,,,,,,,,,,,,,,,
YRK36728,30.68598937,-25.29900964,,,,,,,,,,,,,,,,,,,,
YRK36729,30.68780448,-25.29518561,,,,,,,,,,,,,,,,,,,,
YRK36730,30.68759942,-25.29201451,,,,,,,,,,,,,,,,,,,,
YRK36731,30.69135934,-25.29912937,,,,,,,,,,,,,,,,,,,,
YRK36732,30.69108643,-25.29543003,,,,,,,,,,,,,,,,,,,,
YRK36733,30.69362176,-25.29550992,,,,,,,,,,,,,,,,,,,,
YRK36734,30.68176826,-25.30096263,,,,,,,,,,,,,,,,,,,,
YRK36735,30.67889187,-25.30048464,,,,,,,,,,,,,,,,,,,,
YRK36736,30.67818207,-25.302339,,,,,,,,,,,,,,,,,,,,
YRK36739,30.68959292,-25.30173784,,,,,,,,,,,,,,,,,,,,
YRK36740,30.6928516,-25.30242074,,,,,,,,,,,,,,,,,,,,
YRK36741,30.69103058,-25.30315425,,,,,,,,,,,,,,,,,,,,
YRK36743,30.69883954,-25.30241728,,,,,,,,,,,,,,,,,,,,
YRK36744,30.68415083,-25.30487482,,,,,,,,,,,,,,,,,,,,
YRK36745,30.69153176,-25.30397281,,,,,,,,,,,,,,,,,,,,
YRK36746,30.69868464,-25.30438016,,,,,,,,,,,,,,,,,,,,
YRK36749,30.71105041,-25.30070443,,,,,,,,,,,,,,,,,,,,
YRK36750,30.70727027,-25.2996134,,,,,,,,,,,,,,,,,,,,
YRK36751,30.70667321,-25.29700658,,,,,,,,,,,,,,,,,,,,
YRK36752,30.70639001,-25.30237357,,,,,,,,,,,,,,,,,,,,
YRK36753,30.6995308,-25.30008215,,,,,,,,,,,,,,,,,,,,
YRK36754,30.70063077,-25.29876359,,,,,,,,,,,,,,,,,,,,
YRK36755,30.69968369,-25.29729018,,,,,,,,,,,,,,,,,,,,
YRK36756,30.7019718,-25.29760429,,,,,,,,,,,,,,,,,,,,
YRK36757,30.70439269,-25.29798317,,,,,,,,,,,,,,,,,,,,
YRK36758,30.69527404,-25.29296856,,,,,,,,,,,,,,,,,,,,
YRK36759,30.69361371,-25.2897832,,,,,,,,,,,,,,,,,,,,
YRK36760,30.69618995,-25.28899122,,,,,,,,,,,,,,,,,,,,
YRK36761,30.70202599,-25.29425998,,,,,,,,,,,,,,,,,,,,
YRK36762,30.704428,-25.29599223,,,,,,,,,,,,,,,,,,,,
YRK36763,30.70091672,-25.29105066,,,,,,,,,,,,,,,,,,,,
YRK36764,30.7029907,-25.2890277,,,,,,,,,,,,,,,,,,,,
YRK36766,30.69762075,-25.29257429,,,,,,,,,,,,,,,,,,,,
YRK36768,30.70665158,-25.29048544,,,,,,,,,,,,,,,,,,,,
YRK36769,30.70942839,-25.29571451,,,,,,,,,,,,,,,,,,,,
YRK36772,30.67550337,-25.27693893,,,,,,,,,,,,,,,,,,,,
YRK36773,30.68012833,-25.27486981,,,,,,,,,,,,,,,,,,,,
YRK36774,30.67660659,-25.26998751,,,,,,,,,,,,,,,,,,,,
YRK36776,30.67583406,-25.2743745,,,,,,,,,,,,,,,,,,,,
YRK36777,30.68264739,-25.27228169,,,,,,,,,,,,,,,,,,,,
YRK36778,30.67805509,-25.27257131,,,,,,,,,,,,,,,,,,,,
YRK36779,30.67000547,-25.27341355,,,,,,,,,,,,,,,,,,,,
YRK36780,30.67210379,-25.26925203,,,,,,,,,,,,,,,,,,,,
YRK36781,30.67601617,-25.26539709,,,,,,,,,,,,,,,,,,,,
YRK36782,30.67060131,-25.26401404,,,,,,,,,,,,,,,,,,,,
YRK36783,30.67369525,-25.26151342,,,,,,,,,,,,,,,,,,,,
YRK36784,30.67205951,-25.25915315,,,,,,,,,,,,,,,,,,,,
YRK36785,30.6693601,-25.26053389,,,,,,,,,,,,,,,,,,,,
YRK36787,30.66987818,-25.25565141,,,,,,,,,,,,,,,,,,,,
YRK36790,30.66757969,-25.25041678,,,,,,,,,,,,,,,,,,,,
YRK36791,30.66996949,-25.25083058,,,,,,,,,,,,,,,,,,,,
YRK36792,30.66207225,-25.24509944,,,,,,,,,,,,,,,,,,,,
YRK36793,30.66450947,-25.24482804,,,,,,,,,,,,,,,,,,,,
YRK36794,30.66650131,-25.2463193,,,,,,,,,,,,,,,,,,,,
YRK36795,30.66232895,-25.24148457,,,,,,,,,,,,,,,,,,,,
YRK36796,30.64694902,-25.25102863,,,,,,,,,,,,,,,,,,,,
YRK36797,30.65588447,-25.24670027,,,,,,,,,,,,,,,,,,,,
YRK36798,30.65974612,-25.24810487,,,,,,,,,,,,,,,,,,,,
YRK36799,30.65236531,-25.24897539,,,,,,,,,,,,,,,,,,,,
YRK36800,30.6563928,-25.25113678,,,,,,,,,,,,,,,,,,,,
YRK36801,30.6487795,-25.25336956,,,,,,,,,,,,,,,,,,,,
YRK36803,30.6524226,-25.25203374,,,,,,,,,,,,,,,,,,,,
YRK36804,30.65311388,-25.25506178,,,,,,,,,,,,,,,,,,,,
YRK36805,30.66340222,-25.25691458,,,,,,,,,,,,,,,,,,,,
YRK36806,30.65937781,-25.25509984,,,,,,,,,,,,,,,,,,,,
YRK36807,30.66239587,-25.25886268,,,,,,,,,,,,,,,,,,,,
YRK36809,30.66110858,-25.25746999,,,,,,,,,,,,,,,,,,,,
YRK36810,30.65977421,-25.25697677,,,,,,,,,,,,,,,,,,,,
YRK36811,30.65809819,-25.2569007,,,,,,,,,,,,,,,,,,,,
YRK36812,30.65699847,-25.25617492,,,,,,,,,,,,,,,,,,,,
YRK36813,30.6643364,-25.26008123,,,,,,,,,,,,,,,,,,,,
YRK36815,30.66434805,-25.25634843,,,,,,,,,,,,,,,,,,,,
YRK36817,30.66093286,-25.26221375,,,,,,,,,,,,,,,,,,,,
YRK36819,30.65653281,-25.25816229,,,,,,,,,,,,,,,,,,,,
YRK36820,30.65384772,-25.2590128,,,,,,,,,,,,,,,,,,,,
YRK36821,30.66046188,-25.26795768,,,,,,,,,,,,,,,,,,,,
YRK36822,30.66406319,-25.27144337,,,,,,,,,,,,,,,,,,,,
YRK36823,30.66477238,-25.26743646,,,,,,,,,,,,,,,,,,,,
YRK36824,30.66659144,-25.27074637,,,,,,,,,,,,,,,,,,,,
YRK36825,30.67486518,-25.27819086,,,,,,,,,,,,,,,,,,,,
YRK36826,30.667547,-25.27462435,,,,,,,,,,,,,,,,,,,,
YRK36827,30.66504649,-25.27337898,,,,,,,,,,,,,,,,,,,,
YRK36828,30.65857489,-25.26966118,,,,,,,,,,,,,,,,,,,,
YRK36829,30.64761814,-25.25522968,,,,,,,,,,,,,,,,,,,,
YRK36830,30.63445274,-25.26321886,,,,,,,,,,,,,,,,,,,,
YRK36831,30.64441338,-25.25615545,,,,,,,,,,,,,,,,,,,,
YRK36832,30.64298862,-25.25958697,,,,,,,,,,,,,,,,,,,,
YRK36833,30.64999379,-25.26196012,,,,,,,,,,,,,,,,,,,,
YRK36834,30.64664806,-25.25909807,,,,,,,,,,,,,,,,,,,,
YRK36835,30.64597678,-25.26184719,,,,,,,,,,,,,,,,,,,,
YRK36836,30.6539403,-25.26737391,,,,,,,,,,,,,,,,,,,,
YRK36837,30.65197057,-25.27080494,,,,,,,,,,,,,,,,,,,,
YRK36838,30.65202156,-25.26816188,,,,,,,,,,,,,,,,,,,,
YRK36839,30.65176934,-25.26654468,,,,,,,,,,,,,,,,,,,,
YRK36840,30.65087048,-25.26559092,,,,,,,,,,,,,,,,,,,,
YRK36841,30.64954691,-25.27172606,,,,,,,,,,,,,,,,,,,,
YRK36842,30.64933421,-25.27527434,,,,,,,,,,,,,,,,,,,,
YRK36843,30.64677392,-25.2769448,,,,,,,,,,,,,,,,,,,,
YRK36844,30.64668971,-25.268827,,,,,,,,,,,,,,,,,,,,
YRK36845,30.64593888,-25.2731204,,,,,,,,,,,,,,,,,,,,
YRK36846,30.64730655,-25.26477929,,,,,,,,,,,,,,,,,,,,
YRK36847,30.64527339,-25.26702619,,,,,,,,,,,,,,,,,,,,
YRK36848,30.64217677,-25.26534911,,,,,,,,,,,,,,,,,,,,
YRK36849,30.63897609,-25.26485198,,,,,,,,,,,,,,,,,,,,
YRK36850,30.63909901,-25.26225023,,,,,,,,,,,,,,,,,,,,
YRK36851,30.63551352,-25.26387501,,,,,,,,,,,,,,,,,,,,
YRK36852,30.63367727,-25.26624074,,,,,,,,,,,,,,,,,,,,
YRK36854,30.63537149,-25.26717937,,,,,,,,,,,,,,,,,,,,
YRK36855,30.63974585,-25.26973276,,,,,,,,,,,,,,,,,,,,
YRK36856,30.64119767,-25.27442878,,,,,,,,,,,,,,,,,,,,
YRK36857,30.63897243,-25.271796,,,,,,,,,,,,,,,,,,,,
YRK36858,30.63847074,-25.27627792,,,,,,,,,,,,,,,,,,,,
YRK36859,30.64291512,-25.27618772,,,,,,,,,,,,,,,,,,,,
YRK36860,30.63520154,-25.27355524,,,,,,,,,,,,,,,,,,,,
YRK36861,30.6369468,-25.27519076,,,,,,,,,,,,,,,,,,,,
YRK36862,30.63309706,-25.27140644,,,,,,,,,,,,,,,,,,,,
YRK36863,30.62796168,-25.2717163,,,,,,,,,,,,,,,,,,,,
YRK36864,30.62428101,-25.27626364,,,,,,,,,,,,,,,,,,,,
YRK36867,30.62804164,-25.27500394,,,,,,,,,,,,,,,,,,,,
YRK36868,30.63204841,-25.27829761,,,,,,,,,,,,,,,,,,,,
YRK36869,30.62796439,-25.28014639,,,,,,,,,,,,,,,,,,,,
YRK36870,30.63153856,-25.28294246,,,,,,,,,,,,,,,,,,,,
YRK36871,30.63999404,-25.29593352,,,,,,,,,,,,,,,,,,,,
YRK36872,30.63611137,-25.28480522,,,,,,,,,,,,,,,,,,,,
YRK36873,30.63961796,-25.28240098,,,,,,,,,,,,,,,,,,,,
YRK36874,30.64104436,-25.28020947,,,,,,,,,,,,,,,,,,,,
YRK36875,30.64402101,-25.27912398,,,,,,,,,,,,,,,,,,,,
YRK36876,30.64682826,-25.28410045,,,,,,,,,,,,,,,,,,,,
YRK36877,30.65048295,-25.27611016,,,,,,,,,,,,,,,,,,,,
YRK36879,30.64436055,-25.2892017,,,,,,,,,,,,,,,,,,,,
YRK36880,30.64325159,-25.28860069,,,,,,,,,,,,,,,,,,,,
YRK36881,30.63877535,-25.29014185,,,,,,,,,,,,,,,,,,,,
YRK36883,30.64177984,-25.2916188,,,,,,,,,,,,,,,,,,,,
YRK36884,30.64168652,-25.28743478,,,,,,,,,,,,,,,,,,,,
YRK36885,30.64052515,-25.29418876,,,,,,,,,,,,,,,,,,,,
YRK36888,30.65445,-25.27147539,,,,,,,,,,,,,,,,,,,,
YRK36889,30.65707382,-25.27074384,,,,,,,,,,,,,,,,,,,,
YRK36890,30.6530061,-25.27580021,,,,,,,,,,,,,,,,,,,,
YRK36891,30.65473577,-25.27375572,,,,,,,,,,,,,,,,,,,,
YRK36892,30.65057557,-25.27877453,,,,,,,,,,,,,,,,,,,,
YRK36894,30.65354168,-25.27782405,,,,,,,,,,,,,,,,,,,,
YRK36895,30.65785146,-25.27728873,,,,,,,,,,,,,,,,,,,,
YRK36897,30.66110304,-25.27363495,,,,,,,,,,,,,,,,,,,,
YRK36899,30.66542252,-25.27641034,,,,,,,,,,,,,,,,,,,,
YRK36900,30.66512552,-25.28122284,,,,,,,,,,,,,,,,,,,,
YRK36902,30.67441993,-25.28049073,,,,,,,,,,,,,,,,,,,,
YRK36903,30.67298259,-25.28443397,,,,,,,,,,,,,,,,,,,,
YRK36906,30.66647645,-25.28543385,,,,,,,,,,,,,,,,,,,,
YRK36907,30.66579934,-25.28875763,,,,,,,,,,,,,,,,,,,,
YRK36908,30.67212063,-25.29117621,,,,,,,,,,,,,,,,,,,,
YRK36910,30.6744712,-25.29415498,,,,,,,,,,,,,,,,,,,,
YRK36911,30.67077212,-25.29616503,,,,,,,,,,,,,,,,,,,,
YRK36913,30.67233133,-25.2982484,,,,,,,,,,,,,,,,,,,,
YRK36914,30.67438998,-25.30165905,,,,,,,,,,,,,,,,,,,,
YRK36915,30.67564335,-25.29875973,,,,,,,,,,,,,,,,,,,,
YRK36916,30.67237551,-25.30200849,,,,,,,,,,,,,,,,,,,,
YRK36919,30.64934082,-25.28257323,,,,,,,,,,,,,,,,,,,,
YRK36920,30.65242235,-25.28368523,,,,,,,,,,,,,,,,,,,,
YRK36921,30.65303103,-25.28052263,,,,,,,,,,,,,,,,,,,,
YRK36922,30.66034175,-25.28087659,,,,,,,,,,,,,,,,,,,,
YRK36924,30.65925393,-25.28628506,,,,,,,,,,,,,,,,,,,,
YRK36925,30.65578558,-25.2864389,,,,,,,,,,,,,,,,,,,,
YRK36926,30.65154107,-25.28935324,,,,,,,,,,,,,,,,,,,,
YRK36929,30.64635927,-25.29223832,,,,,,,,,,,,,,,,,,,,
YRK36930,30.64583301,-25.29551765,,,,,,,,,,,,,,,,,,,,
YRK36931,30.65029049,-25.29853619,,,,,,,,,,,,,,,,,,,,
YRK36932,30.65137349,-25.29511329,,,,,,,,,,,,,,,,,,,,
YRK36933,30.6575413,-25.2895284,,,,,,,,,,,,,,,,,,,,
YRK36934,30.65924797,-25.2933789,,,,,,,,,,,,,,,,,,,,
YRK36935,30.66286597,-25.29253712,,,,,,,,,,,,,,,,,,,,
YRK36936,30.65534125,-25.29366119,,,,,,,,,,,,,,,,,,,,
YRK36937,30.66042764,-25.29798637,,,,,,,,,,,,,,,,,,,,
YRK36938,30.66401262,-25.29599415,,,,,,,,,,,,,,,,,,,,
YRK36939,30.66006952,-25.29531615,,,,,,,,,,,,,,,,,,,,
YRK36940,30.65592769,-25.29696541,,,,,,,,,,,,,,,,,,,,
YRK36941,30.6525978,-25.29432575,,,,,,,,,,,,,,,,,,,,
YRK36942,30.65212597,-25.29982133,,,,,,,,,,,,,,,,,,,,
YRK36945,30.65679349,-25.30376009,,,,,,,,,,,,,,,,,,,,
YRK36946,30.6604926,-25.30141149,,,,,,,,,,,,,,,,,,,,
YRK36947,30.66021068,-25.30358049,,,,,,,,,,,,,,,,,,,,
YRK36949,30.66147003,-25.30761082,,,,,,,,,,,,,,,,,,,,
YRK36950,30.6674052,-25.29976376,,,,,,,,,,,,,,,,,,,,
YRK36951,30.66582287,-25.30133368,,,,,,,,,,,,,,,,,,,,
YRK36956,30.66965218,-25.30895291,,,,,,,,,,,,,,,,,,,,
YRK36957,30.6676271,-25.30553897,,,,,,,,,,,,,,,,,,,,
YRK36958,30.67121056,-25.3073674,,,,,,,,,,,,,,,,,,,,
YRK36961,30.67219014,-25.30758123,,,,,,,,,,,,,,,,,,,,
YRK36962,30.66600572,-25.30724032,,,,,,,,,,,,,,,,,,,,
YRK36964,30.66674836,-25.31055442,,,,,,,,,,,,,,,,,,,,
YRK36965,30.66196335,-25.31092935,,,,,,,,,,,,,,,,,,,,
YRK36966,30.65346817,-25.30898496,,,,,,,,,,,,,,,,,,,,
YRK36971,30.65910971,-25.31604325,,,,,,,,,,,,,,,,,,,,
YRK36972,30.64956568,-25.30541668,,,,,,,,,,,,,,,,,,,,
YRK36973,30.64889716,-25.30253853,,,,,,,,,,,,,,,,,,,,
YRK36975,30.64518929,-25.29995804,,,,,,,,,,,,,,,,,,,,
YRK36976,30.6484514,-25.29997875,,,,,,,,,,,,,,,,,,,,
YRK36977,30.68818345,-25.32271126,,,,,,,,,,,,,,,,,,,,
YRK36978,30.68923692,-25.3256638,,,,,,,,,,,,,,,,,,,,
YRK36980,30.68372874,-25.32109718,,,,,,,,,,,,,,,,,,,,
YRK36981,30.68263167,-25.31519158,,,,,,,,,,,,,,,,,,,,
YRK36982,30.68273371,-25.31824891,,,,,,,,,,,,,,,,,,,,
YRK36984,30.67957403,-25.31374767,,,,,,,,,,,,,,,,,,,,
YRK36985,30.6811215,-25.31581717,,,,,,,,,,,,,,,,,,,,
YRK36987,30.68015035,-25.31874659,,,,,,,,,,,,,,,,,,,,
YRK36988,30.67800272,-25.31236179,,,,,,,,,,,,,,,,,,,,
YRK36989,30.67876321,-25.32171224,,,,,,,,,,,,,,,,,,,,
YRK36990,30.67411691,-25.31349558,,,,,,,,,,,,,,,,,,,,
YRK36991,30.67537057,-25.31076125,,,,,,,,,,,,,,,,,,,,
YRK36992,30.67755842,-25.31266653,,,,,,,,,,,,,,,,,,,,
YRK36993,30.67311641,-25.30977064,,,,,,,,,,,,,,,,,,,,
YRK36994,30.67655183,-25.31210846,,,,,,,,,,,,,,,,,,,,
YRK36995,30.67826891,-25.31116296,,,,,,,,,,,,,,,,,,,,
YRK36996,30.67545041,-25.30847084,,,,,,,,,,,,,,,,,,,,
YRK36997,30.67040916,-25.31700163,,,,,,,,,,,,,,,,,,,,
YRK36998,30.66520812,-25.31570724,,,,,,,,,,,,,,,,,,,,
YRK36999,30.66288747,-25.31346077,,,,,,,,,,,,,,,,,,,,
YRK37000,30.65886411,-25.31438382,,,,,,,,,,,,,,,,,,,,
YRK37001,30.6570322,-25.31306965,,,,,,,,,,,,,,,,,,,,
YRK37003,30.66612826,-25.3204669,,,,,,,,,,,,,,,,,,,,
YRK37005,30.67460492,-25.32938117,,,,,,,,,,,,,,,,,,,,
YRK37006,30.68008833,-25.33533853,,,,,,,,,,,,,,,,,,,,
YRK37009,30.67595972,-25.31743823,,,,,,,,,,,,,,,,,,,,
YRK37010,30.67783961,-25.31673412,,,,,,,,,,,,,,,,,,,,
YRK37014,30.67456497,-25.32226547,,,,,,,,,,,,,,,,,,,,
YRK37015,30.67684018,-25.32062323,,,,,,,,,,,,,,,,,,,,
YRK37016,30.67892509,-25.31888579,,,,,,,,,,,,,,,,,,,,
YRK37017,30.67442785,-25.32517252,,,,,,,,,,,,,,,,,,,,
YRK37019,30.6726672,-25.32637171,,,,,,,,,,,,,,,,,,,,
YRK37020,30.67643136,-25.32836426,,,,,,,,,,,,,,,,,,,,
YRK37021,30.67848184,-25.33308845,,,,,,,,,,,,,,,,,,,,
YRK37022,30.68117841,-25.33536292,,,,,,,,,,,,,,,,,,,,
YRK37023,30.67646977,-25.33015024,,,,,,,,,,,,,,,,,,,,
YRK37024,30.67796655,-25.32740967,,,,,,,,,,,,,,,,,,,,
YRK37025,30.68082495,-25.32793422,,,,,,,,,,,,,,,,,,,,
YRK37026,30.67976629,-25.32514544,,,,,,,,,,,,,,,,,,,,
YRK37027,30.68037697,-25.32306444,,,,,,,,,,,,,,,,,,,,
YRK37028,30.68362096,-25.32930305,,,,,,,,,,,,,,,,,,,,
YRK37029,30.68130021,-25.33307546,,,,,,,,,,,,,,,,,,,,
YRK37030,30.68492674,-25.33048589,,,,,,,,,,,,,,,,,,,,
YRK37032,30.68624208,-25.33043179,,,,,,,,,,,,,,,,,,,,
YRK37034,30.67674663,-25.23139633,,,,,,,,,,,,,,,,,,,,
YRK37035,30.67300509,-25.23087745,,,,,,,,,,,,,,,,,,,,
YRK37036,30.6778753,-25.23838756,,,,,,,,,,,,,,,,,,,,
YRK37037,30.68046657,-25.24132463,,,,,,,,,,,,,,,,,,,,
YRK37038,30.67976016,-25.23539504,,,,,,,,,,,,,,,,,,,,
YRK37039,30.68374496,-25.24218783,,,,,,,,,,,,,,,,,,,,
YRK37040,30.68301113,-25.23871507,,,,,,,,,,,,,,,,,,,,
YRK37041,30.67971257,-25.24716389,,,,,,,,,,,,,,,,,,,,
YRK37042,30.67969251,-25.2517644,,,,,,,,,,,,,,,,,,,,
YRK37043,30.66807343,-25.23518858,,,,,,,,,,,,,,,,,,,,
YRK37044,30.67021305,-25.23736113,,,,,,,,,,,,,,,,,,,,
YRK37045,30.6723516,-25.23367097,,,,,,,,,,,,,,,,,,,,
YRK37049,30.66690099,-25.23791676,,,,,,,,,,,,,,,,,,,,
YRK37050,30.66451719,-25.23843554,,,,,,,,,,,,,,,,,,,,
YRK37051,30.66780076,-25.24396997,,,,,,,,,,,,,,,,,,,,
YRK37053,30.67139295,-25.24356679,,,,,,,,,,,,,,,,,,,,
YRK37054,30.67465493,-25.23990766,,,,,,,,,,,,,,,,,,,,
YRK37055,30.67494101,-25.2430663,,,,,,,,,,,,,,,,,,,,
YRK37056,30.67504459,-25.2444924,,,,,,,,,,,,,,,,,,,,
YRK37057,30.67531294,-25.24521762,,,,,,,,,,,,,,,,,,,,
YRK37059,30.68417075,-25.25613295,,,,,,,,,,,,,,,,,,,,
YRK37061,30.67626524,-25.25038097,,,,,,,,,,,,,,,,,,,,
YRK37062,30.67720871,-25.24791042,,,,,,,,,,,,,,,,,,,,
YRK37063,30.67515342,-25.25099234,,,,,,,,,,,,,,,,,,,,
YRK37064,30.67812514,-25.25228048,,,,,,,,,,,,,,,,,,,,
YRK37065,30.68537392,-25.24634634,,,,,,,,,,,,,,,,,,,,
YRK37066,30.68791708,-25.24390668,,,,,,,,,,,,,,,,,,,,
YRK37068,30.68133821,-25.25013049,,,,,,,,,,,,,,,,,,,,
YRK37070,30.6924056,-25.25621598,,,,,,,,,,,,,,,,,,,,
YRK37071,30.68365127,-25.26033167,,,,,,,,,,,,,,,,,,,,
YRK37072,30.68354201,-25.25865083,,,,,,,,,,,,,,,,,,,,
YRK37073,30.69371195,-25.26021161,,,,,,,,,,,,,,,,,,,,
YRK37074,30.69227799,-25.25045108,,,,,,,,,,,,,,,,,,,,
YRK37075,30.69420995,-25.25362668,,,,,,,,,,,,,,,,,,,,
YRK37076,30.69546192,-25.25828774,,,,,,,,,,,,,,,,,,,,
YRK37077,30.69280386,-25.25835252,,,,,,,,,,,,,,,,,,,,
YRK37078,30.6950611,-25.24999654,,,,,,,,,,,,,,,,,,,,
YRK37079,30.6964839,-25.2546432,,,,,,,,,,,,,,,,,,,,
YRK37080,30.69222931,-25.24515986,,,,,,,,,,,,,,,,,,,,
YRK37081,30.68965442,-25.24502381,,,,,,,,,,,,,,,,,,,,
YRK37082,30.68645923,-25.23833572,,,,,,,,,,,,,,,,,,,,
YRK37083,30.68094564,-25.23035182,,,,,,,,,,,,,,,,,,,,
YRK37086,30.69385079,-25.2439097,,,,,,,,,,,,,,,,,,,,
YRK37087,30.70229976,-25.25174577,,,,,,,,,,,,,,,,,,,,
YRK37088,30.70041479,-25.2553665,,,,,,,,,,,,,,,,,,,,
YRK37089,30.69950357,-25.24830839,,,,,,,,,,,,,,,,,,,,
YRK37090,30.69803452,-25.24419514,,,,,,,,,,,,,,,,,,,,
YRK37091,30.6962538,-25.24380634,,,,,,,,,,,,,,,,,,,,
YRK37092,30.69364439,-25.24033071,,,,,,,,,,,,,,,,,,,,
YRK37093,30.70070481,-25.2444976,,,,,,,,,,,,,,,,,,,,
YRK37094,30.70863018,-25.24912346,,,,,,,,,,,,,,,,,,,,
YRK37095,30.70378362,-25.24555179,,,,,,,,,,,,,,,,,,,,
YRK37096,30.70729461,-25.24574041,,,,,,,,,,,,,,,,,,,,
YRK37097,30.70591395,-25.24411165,,,,,,,,,,,,,,,,,,,,
YRK37099,30.71359956,-25.24468197,,,,,,,,,,,,,,,,,,,,
YRK37100,30.71046233,-25.24200941,,,,,,,,,,,,,,,,,,,,
YRK37101,30.7102922,-25.2440146,,,,,,,,,,,,,,,,,,,,
YRK37102,30.70626023,-25.2410406,,,,,,,,,,,,,,,,,,,,
YRK37103,30.70286325,-25.23979189,,,,,,,,,,,,,,,,,,,,
YRK37104,30.70930145,-25.2388748,,,,,,,,,,,,,,,,,,,,
YRK37105,30.70651005,-25.23599358,,,,,,,,,,,,,,,,,,,,
YRK37106,30.70694135,-25.23318097,,,,,,,,,,,,,,,,,,,,
YRK37107,30.706142,-25.2313993,,,,,,,,,,,,,,,,,,,,
YRK37108,30.70304827,-25.23445169,,,,,,,,,,,,,,,,,,,,
YRK37109,30.7037383,-25.23106505,,,,,,,,,,,,,,,,,,,,
YRK37110,30.70162777,-25.22648777,,,,,,,,,,,,,,,,,,,,
YRK37111,30.70239669,-25.22663321,,,,,,,,,,,,,,,,,,,,
YRK37112,30.69827284,-25.22647279,,,,,,,,,,,,,,,,,,,,
YRK37113,30.69919363,-25.23229483,,,,,,,,,,,,,,,,,,,,
YRK37114,30.69886728,-25.23694687,,,,,,,,,,,,,,,,,,,,
YRK37115,30.6981784,-25.23084831,,,,,,,,,,,,,,,,,,,,
YRK37116,30.69553909,-25.23374188,,,,,,,,,,,,,,,,,,,,
YRK37117,30.69636761,-25.2305648,,,,,,,,,,,,,,,,,,,,
YRK37118,30.69510776,-25.23730777,,,,,,,,,,,,,,,,,,,,
YRK37119,30.69688872,-25.22308136,,,,,,,,,,,,,,,,,,,,
YRK37120,30.69910322,-25.22199091,,,,,,,,,,,,,,,,,,,,
YRK37122,30.69396438,-25.2249651,,,,,,,,,,,,,,,,,,,,
YRK37123,30.694884,-25.22208574,,,,,,,,,,,,,,,,,,,,
YRK37127,30.68647369,-25.22459483,,,,,,,,,,,,,,,,,,,,
YRK37128,30.69379309,-25.22912185,,,,,,,,,,,,,,,,,,,,
YRK37129,30.69303253,-25.22611293,,,,,,,,,,,,,,,,,,,,
YRK37130,30.69081032,-25.23111654,,,,,,,,,,,,,,,,,,,,
YRK37131,30.69227622,-25.2306575,,,,,,,,,,,,,,,,,,,,
YRK37132,30.69339703,-25.23156439,,,,,,,,,,,,,,,,,,,,
YRK37133,30.69458,-25.23252756,,,,,,,,,,,,,,,,,,,,
YRK37134,30.68960467,-25.23328099,,,,,,,,,,,,,,,,,,,,
YRK37135,30.69261909,-25.23657032,,,,,,,,,,,,,,,,,,,,
YRK37136,30.69074242,-25.22647796,,,,,,,,,,,,,,,,,,,,
YRK37137,30.68775522,-25.22946038,,,,,,,,,,,,,,,,,,,,
YRK37138,30.68489641,-25.2273259,,,,,,,,,,,,,,,,,,,,
YRK37139,30.67426604,-25.2266541,,,,,,,,,,,,,,,,,,,,
YRK37140,30.67496213,-25.22543983,,,,,,,,,,,,,,,,,,,,
YRK37141,30.67380518,-25.2285763,,,,,,,,,,,,,,,,,,,,
YRK37142,30.67336151,-25.22367047,,,,,,,,,,,,,,,,,,,,
YRK37143,30.67152232,-25.22238325,,,,,,,,,,,,,,,,,,,,
YRK37144,30.66762184,-25.22112079,,,,,,,,,,,,,,,,,,,,
YRK37145,30.66712971,-25.21848561,,,,,,,,,,,,,,,,,,,,
YRK37146,30.67104431,-25.21952605,,,,,,,,,,,,,,,,,,,,
YRK37147,30.66328149,-25.22150006,,,,,,,,,,,,,,,,,,,,
YRK37148,30.66392168,-25.21817136,,,,,,,,,,,,,,,,,,,,
YRK37150,30.6600988,-25.21908826,,,,,,,,,,,,,,,,,,,,
YRK37152,30.65891706,-25.22123752,,,,,,,,,,,,,,,,,,,,
YRK37153,30.65618609,-25.22337034,,,,,,,,,,,,,,,,,,,,
YRK37154,30.65898727,-25.22535275,,,,,,,,,,,,,,,,,,,,
YRK37156,30.66407713,-25.22605758,,,,,,,,,,,,,,,,,,,,
YRK37157,30.65911776,-25.22781525,,,,,,,,,,,,,,,,,,,,
YRK37158,30.66327827,-25.22901428,,,,,,,,,,,,,,,,,,,,
YRK37159,30.66768459,-25.23182837,,,,,,,,,,,,,,,,,,,,
YRK37160,30.66279771,-25.23276771,,,,,,,,,,,,,,,,,,,,
YRK37162,30.66540909,-25.24218159,,,,,,,,,,,,,,,,,,,,
YRK37163,30.66954004,-25.24830127,,,,,,,,,,,,,,,,,,,,
YRK37164,30.67096368,-25.25023991,,,,,,,,,,,,,,,,,,,,
YRK37165,30.67585844,-25.25661238,,,,,,,,,,,,,,,,,,,,
YRK37166,30.68053937,-25.2649428,,,,,,,,,,,,,,,,,,,,
YRK37167,30.68312263,-25.27007352,,,,,,,,,,,,,,,,,,,,
YRK37170,30.68082532,-25.26124146,,,,,,,,,,,,,,,,,,,,
YRK37171,30.68266985,-25.26333273,,,,,,,,,,,,,,,,,,,,
YRK37172,30.68688693,-25.26645331,,,,,,,,,,,,,,,,,,,,
YRK37173,30.67221945,-25.18545165,,,,,,,,,,,,,,,,,,,,
YRK37174,30.67406579,-25.19151308,,,,,,,,,,,,,,,,,,,,
YRK37175,30.67405438,-25.18553877,,,,,,,,,,,,,,,,,,,,
YRK37176,30.67902606,-25.18295833,,,,,,,,,,,,,,,,,,,,
YRK37177,30.68063676,-25.18382324,,,,,,,,,,,,,,,,,,,,
YRK37178,30.6862758,-25.18398947,,,,,,,,,,,,,,,,,,,,
YRK37179,30.6838332,-25.18060231,,,,,,,,,,,,,,,,,,,,
YRK37181,30.69039438,-25.18133853,,,,,,,,,,,,,,,,,,,,
YRK37182,30.69317044,-25.18094885,,,,,,,,,,,,,,,,,,,,
YRK37183,30.69196541,-25.17347993,,,,,,,,,,,,,,,,,,,,
YRK37184,30.68927841,-25.17261776,,,,,,,,,,,,,,,,,,,,
YRK37185,30.68713149,-25.17298499,,,,,,,,,,,,,,,,,,,,
YRK37186,30.68753506,-25.16775438,,,,,,,,,,,,,,,,,,,,
YRK37187,30.68531111,-25.17240101,,,,,,,,,,,,,,,,,,,,
YRK37188,30.68393604,-25.17137544,,,,,,,,,,,,,,,,,,,,
YRK37189,30.68335123,-25.16833962,,,,,,,,,,,,,,,,,,,,
YRK37190,30.68023249,-25.17435714,,,,,,,,,,,,,,,,,,,,
YRK37191,30.67660485,-25.17409308,,,,,,,,,,,,,,,,,,,,
YRK37192,30.68684993,-25.17661154,,,,,,,,,,,,,,,,,,,,
YRK37193,30.69002366,-25.17760789,,,,,,,,,,,,,,,,,,,,
YRK37194,30.68349102,-25.17806195,,,,,,,,,,,,,,,,,,,,
YRK37195,30.67146695,-25.1701708,,,,,,,,,,,,,,,,,,,,
YRK37196,30.67546517,-25.17571438,,,,,,,,,,,,,,,,,,,,
YRK37197,30.67122588,-25.17621775,,,,,,,,,,,,,,,,,,,,
YRK37200,30.67370998,-25.16675541,,,,,,,,,,,,,,,,,,,,
YRK37202,30.67569639,-25.16885697,,,,,,,,,,,,,,,,,,,,
YRK37203,30.67858146,-25.16765628,,,,,,,,,,,,,,,,,,,,
YRK37204,30.68020181,-25.16736609,,,,,,,,,,,,,,,,,,,,
YRK37205,30.66705978,-25.19546553,,,,,,,,,,,,,,,,,,,,
YRK37206,30.66373105,-25.19564517,,,,,,,,,,,,,,,,,,,,
YRK37207,30.66460331,-25.19967542,,,,,,,,,,,,,,,,,,,,
YRK37208,30.66876762,-25.20270213,,,,,,,,,,,,,,,,,,,,
YRK37209,30.66555612,-25.20328051,,,,,,,,,,,,,,,,,,,,
YRK37211,30.66460553,-25.20231846,,,,,,,,,,,,,,,,,,,,
YRK37212,30.66825634,-25.20577883,,,,,,,,,,,,,,,,,,,,
YRK37213,30.66856964,-25.19756913,,,,,,,,,,,,,,,,,,,,
YRK37214,30.67155301,-25.19623653,,,,,,,,,,,,,,,,,,,,
YRK37218,30.6656493,-25.19321061,,,,,,,,,,,,,,,,,,,,
YRK37219,30.66911576,-25.19203854,,,,,,,,,,,,,,,,,,,,
YRK37220,30.67239883,-25.18858294,,,,,,,,,,,,,,,,,,,,
YRK37221,30.67144024,-25.18763018,,,,,,,,,,,,,,,,,,,,
YRK37222,30.66411803,-25.19133839,,,,,,,,,,,,,,,,,,,,
YRK37223,30.66078718,-25.19432516,,,,,,,,,,,,,,,,,,,,
YRK37224,30.66619036,-25.18009294,,,,,,,,,,,,,,,,,,,,
YRK37225,30.66319781,-25.18018139,,,,,,,,,,,,,,,,,,,,
YRK37226,30.66330679,-25.18509803,,,,,,,,,,,,,,,,,,,,
YRK37227,30.66791046,-25.18568545,,,,,,,,,,,,,,,,,,,,
YRK37228,30.66040636,-25.17981104,,,,,,,,,,,,,,,,,,,,
YRK37229,30.65952578,-25.18348742,,,,,,,,,,,,,,,,,,,,
YRK37230,30.66156831,-25.18526275,,,,,,,,,,,,,,,,,,,,
YRK37231,30.66116554,-25.18235997,,,,,,,,,,,,,,,,,,,,
YRK37232,30.66072829,-25.18105113,,,,,,,,,,,,,,,,,,,,
YRK37233,30.66270963,-25.18967287,,,,,,,,,,,,,,,,,,,,
YRK37234,30.66004898,-25.18790058,,,,,,,,,,,,,,,,,,,,
YRK37235,30.65992484,-25.19002166,,,,,,,,,,,,,,,,,,,,
YRK37236,30.665605,-25.18652134,,,,,,,,,,,,,,,,,,,,
YRK37237,30.66945483,-25.18470817,,,,,,,,,,,,,,,,,,,,
YRK37238,30.66514964,-25.18499529,,,,,,,,,,,,,,,,,,,,
YRK37239,30.66981251,-25.18899897,,,,,,,,,,,,,,,,,,,,
YRK37240,30.67213864,-25.20264294,,,,,,,,,,,,,,,,,,,,
YRK37241,30.67315504,-25.19411754,,,,,,,,,,,,,,,,,,,,
YRK37243,30.66934144,-25.19965591,,,,,,,,,,,,,,,,,,,,
YRK37244,30.66887612,-25.1800484,,,,,,,,,,,,,,,,,,,,
YRK37245,30.66960132,-25.17882221,,,,,,,,,,,,,,,,,,,,
YRK37246,30.67099755,-25.18377199,,,,,,,,,,,,,,,,,,,,
YRK37247,30.67065415,-25.18309789,,,,,,,,,,,,,,,,,,,,
YRK37248,30.66958584,-25.18209021,,,,,,,,,,,,,,,,,,,,
YRK37249,30.66987907,-25.18143142,,,,,,,,,,,,,,,,,,,,
YRK37250,30.62097833,-25.16368574,,,,,,,,,,,,,,,,,,,,
YRK37251,30.62272932,-25.16230898,,,,,,,,,,,,,,,,,,,,
YRK37252,30.62468312,-25.16600311,,,,,,,,,,,,,,,,,,,,
YRK37253,30.62576706,-25.16866492,,,,,,,,,,,,,,,,,,,,
YRK37254,30.61985714,-25.16672879,,,,,,,,,,,,,,,,,,,,
YRK37255,30.62778918,-25.17239487,,,,,,,,,,,,,,,,,,,,
YRK37256,30.62276873,-25.16965477,,,,,,,,,,,,,,,,,,,,
YRK37257,30.62951753,-25.1677257,,,,,,,,,,,,,,,,,,,,
YRK37258,30.64073375,-25.17057913,,,,,,,,,,,,,,,,,,,,
YRK37259,30.63406853,-25.1675213,,,,,,,,,,,,,,,,,,,,
YRK37260,30.62959611,-25.17460315,,,,,,,,,,,,,,,,,,,,
YRK37261,30.63247465,-25.16941102,,,,,,,,,,,,,,,,,,,,
YRK37263,30.62832838,-25.16970963,,,,,,,,,,,,,,,,,,,,
YRK37264,30.63537152,-25.17050038,,,,,,,,,,,,,,,,,,,,
YRK37265,30.63818048,-25.17136009,,,,,,,,,,,,,,,,,,,,
YRK37266,30.64196927,-25.17259169,,,,,,,,,,,,,,,,,,,,
YRK37268,30.63843494,-25.17614057,,,,,,,,,,,,,,,,,,,,
YRK37270,30.64051991,-25.17816019,,,,,,,,,,,,,,,,,,,,
YRK37272,30.64319951,-25.17385179,,,,,,,,,,,,,,,,,,,,
YRK37273,30.63825539,-25.18419633,,,,,,,,,,,,,,,,,,,,
YRK37274,30.63534552,-25.18600005,,,,,,,,,,,,,,,,,,,,
YRK37275,30.63705718,-25.18164901,,,,,,,,,,,,,,,,,,,,
YRK37277,30.63274589,-25.18090426,,,,,,,,,,,,,,,,,,,,
YRK37278,30.63358179,-25.17891112,,,,,,,,,,,,,,,,,,,,
YRK37279,30.63155657,-25.17751715,,,,,,,,,,,,,,,,,,,,
YRK37280,30.62542029,-25.17655911,,,,,,,,,,,,,,,,,,,,
YRK37281,30.62384818,-25.17933432,,,,,,,,,,,,,,,,,,,,
YRK37283,30.6224302,-25.17476656,,,,,,,,,,,,,,,,,,,,
YRK37285,30.61609233,-25.17529996,,,,,,,,,,,,,,,,,,,,
YRK37289,30.61997164,-25.17258931,,,,,,,,,,,,,,,,,,,,
YRK37292,30.61774569,-25.16854518,,,,,,,,,,,,,,,,,,,,
YRK37293,30.61507618,-25.16509057,,,,,,,,,,,,,,,,,,,,
YRK37294,30.61481074,-25.16340181,,,,,,,,,,,,,,,,,,,,
YRK37296,30.61586838,-25.16967699,,,,,,,,,,,,,,,,,,,,
YRK37297,30.61425681,-25.16734646,,,,,,,,,,,,,,,,,,,,
YRK37300,30.6083976,-25.17588491,,,,,,,,,,,,,,,,,,,,
YRK37302,30.6070795,-25.1767789,,,,,,,,,,,,,,,,,,,,
YRK37303,30.60848476,-25.17733354,,,,,,,,,,,,,,,,,,,,
YRK37304,30.61071839,-25.17968476,,,,,,,,,,,,,,,,,,,,
YRK37305,30.60984647,-25.17798708,,,,,,,,,,,,,,,,,,,,
YRK37306,30.61215672,-25.17715076,,,,,,,,,,,,,,,,,,,,
YRK37307,30.61503908,-25.17800774,,,,,,,,,,,,,,,,,,,,
YRK37308,30.61803418,-25.17867431,,,,,,,,,,,,,,,,,,,,
YRK37309,30.61917328,-25.18024119,,,,,,,,,,,,,,,,,,,,
YRK37312,30.61388081,-25.18164763,,,,,,,,,,,,,,,,,,,,
YRK37314,30.61229373,-25.18077015,,,,,,,,,,,,,,,,,,,,
YRK37315,30.60866208,-25.18455397,,,,,,,,,,,,,,,,,,,,
YRK37316,30.60464432,-25.18579267,,,,,,,,,,,,,,,,,,,,
YRK37318,30.61681975,-25.18533043,,,,,,,,,,,,,,,,,,,,
YRK37319,30.61348911,-25.18422289,,,,,,,,,,,,,,,,,,,,
YRK37322,30.61375947,-25.18846582,,,,,,,,,,,,,,,,,,,,
YRK37324,30.61710994,-25.19222788,,,,,,,,,,,,,,,,,,,,
YRK37325,30.62108678,-25.18879812,,,,,,,,,,,,,,,,,,,,
YRK37326,30.62725065,-25.18355021,,,,,,,,,,,,,,,,,,,,
YRK37328,30.62881262,-25.18623038,,,,,,,,,,,,,,,,,,,,
YRK37329,30.63076212,-25.186179,,,,,,,,,,,,,,,,,,,,
YRK37330,30.63308351,-25.18569911,,,,,,,,,,,,,,,,,,,,
YRK37333,30.62880945,-25.19382074,,,,,,,,,,,,,,,,,,,,
YRK37334,30.62638517,-25.19273913,,,,,,,,,,,,,,,,,,,,
YRK37335,30.62524712,-25.19181875,,,,,,,,,,,,,,,,,,,,
YRK37336,30.61114635,-25.16834864,,,,,,,,,,,,,,,,,,,,
YRK37337,30.59792535,-25.19097929,,,,,,,,,,,,,,,,,,,,
YRK37341,30.59199934,-25.19887955,,,,,,,,,,,,,,,,,,,,
YRK37342,30.59241898,-25.20031465,,,,,,,,,,,,,,,,,,,,
YRK37343,30.60374858,-25.18644032,,,,,,,,,,,,,,,,,,,,
YRK37344,30.6038398,-25.18699721,,,,,,,,,,,,,,,,,,,,
YRK37345,30.61261808,-25.19048591,,,,,,,,,,,,,,,,,,,,
YRK37346,30.61134336,-25.19468557,,,,,,,,,,,,,,,,,,,,
YRK37347,30.60725402,-25.19127811,,,,,,,,,,,,,,,,,,,,
YRK37348,30.6042587,-25.18893057,,,,,,,,,,,,,,,,,,,,
YRK37349,30.60373783,-25.19401868,,,,,,,,,,,,,,,,,,,,
YRK37350,30.6077271,-25.1948919,,,,,,,,,,,,,,,,,,,,
YRK37351,30.60618572,-25.19741957,,,,,,,,,,,,,,,,,,,,
YRK37352,30.61178661,-25.19847846,,,,,,,,,,,,,,,,,,,,
YRK37353,30.61629546,-25.20113448,,,,,,,,,,,,,,,,,,,,
YRK37354,30.619393,-25.1978021,,,,,,,,,,,,,,,,,,,,
YRK37356,30.61730736,-25.19835351,,,,,,,,,,,,,,,,,,,,
YRK37357,30.62451704,-25.20246304,,,,,,,,,,,,,,,,,,,,
YRK37360,30.62130067,-25.2041722,,,,,,,,,,,,,,,,,,,,
YRK37362,30.61763542,-25.21197215,,,,,,,,,,,,,,,,,,,,
YRK37363,30.61615437,-25.20956471,,,,,,,,,,,,,,,,,,,,
YRK37364,30.61217274,-25.20952176,,,,,,,,,,,,,,,,,,,,
YRK37365,30.60832716,-25.20995177,,,,,,,,,,,,,,,,,,,,
YRK37366,30.60840473,-25.20724904,,,,,,,,,,,,,,,,,,,,
YRK37367,30.61327712,-25.20593093,,,,,,,,,,,,,,,,,,,,
YRK37368,30.60905778,-25.20398851,,,,,,,,,,,,,,,,,,,,
YRK37369,30.60877714,-25.20238007,,,,,,,,,,,,,,,,,,,,
YRK37374,30.60298003,-25.21027133,,,,,,,,,,,,,,,,,,,,
YRK37376,30.60433448,-25.21650928,,,,,,,,,,,,,,,,,,,,
YRK37377,30.60800362,-25.21636143,,,,,,,,,,,,,,,,,,,,
YRK37378,30.61024174,-25.21888107,,,,,,,,,,,,,,,,,,,,
YRK37382,30.61096946,-25.22118987,,,,,,,,,,,,,,,,,,,,
YRK37383,30.60341026,-25.22243251,,,,,,,,,,,,,,,,,,,,
YRK37385,30.60235443,-25.21687584,,,,,,,,,,,,,,,,,,,,
YRK37386,30.60160343,-25.21661247,,,,,,,,,,,,,,,,,,,,
YRK37388,30.60206668,-25.19287622,,,,,,,,,,,,,,,,,,,,
YRK37390,30.60438929,-25.20107059,,,,,,,,,,,,,,,,,,,,
YRK37391,30.59958047,-25.19930765,,,,,,,,,,,,,,,,,,,,
YRK37393,30.59785378,-25.19714615,,,,,,,,,,,,,,,,,,,,
YRK37394,30.60071836,-25.20589803,,,,,,,,,,,,,,,,,,,,
YRK37395,30.59729191,-25.20491018,,,,,,,,,,,,,,,,,,,,
YRK37397,30.59431279,-25.20351219,,,,,,,,,,,,,,,,,,,,
YRK37398,30.58932793,-25.2043937,,,,,,,,,,,,,,,,,,,,
YRK37400,30.59049214,-25.20861349,,,,,,,,,,,,,,,,,,,,
YRK37401,30.59450552,-25.20798889,,,,,,,,,,,,,,,,,,,,
YRK37402,30.59863527,-25.20925029,,,,,,,,,,,,,,,,,,,,
YRK37403,30.59840272,-25.21346343,,,,,,,,,,,,,,,,,,,,
YRK37404,30.59547961,-25.21278005,,,,,,,,,,,,,,,,,,,,
YRK37405,30.5965351,-25.21578888,,,,,,,,,,,,,,,,,,,,
YRK37406,30.59220227,-25.2137107,,,,,,,,,,,,,,,,,,,,
YRK37407,30.58940371,-25.21294319,,,,,,,,,,,,,,,,,,,,
YRK37408,30.58755872,-25.21713214,,,,,,,,,,,,,,,,,,,,
YRK37410,30.59023986,-25.21789398,,,,,,,,,,,,,,,,,,,,
YRK37411,30.59554017,-25.21984527,,,,,,,,,,,,,,,,,,,,
YRK37412,30.59291868,-25.22292465,,,,,,,,,,,,,,,,,,,,
YRK37414,30.59834694,-25.22480892,,,,,,,,,,,,,,,,,,,,
YRK37416,30.59663569,-25.2249327,,,,,,,,,,,,,,,,,,,,
YRK37417,30.58940763,-25.22087037,,,,,,,,,,,,,,,,,,,,
YRK37418,30.59255844,-25.22803634,,,,,,,,,,,,,,,,,,,,
YRK37419,30.58385376,-25.21843969,,,,,,,,,,,,,,,,,,,,
YRK37420,30.58472244,-25.21465803,,,,,,,,,,,,,,,,,,,,
YRK37421,30.58562274,-25.21573883,,,,,,,,,,,,,,,,,,,,
YRK37422,30.5870853,-25.2112197,,,,,,,,,,,,,,,,,,,,
YRK37423,30.64909558,-25.17630315,,,,,,,,,,,,,,,,,,,,
YRK37425,30.6457332,-25.17783641,,,,,,,,,,,,,,,,,,,,
YRK37426,30.64552743,-25.17469764,,,,,,,,,,,,,,,,,,,,
YRK37427,30.64742024,-25.17904956,,,,,,,,,,,,,,,,,,,,
YRK37428,30.64472318,-25.18429048,,,,,,,,,,,,,,,,,,,,
YRK37429,30.64684519,-25.18009871,,,,,,,,,,,,,,,,,,,,
YRK37431,30.64529832,-25.18845264,,,,,,,,,,,,,,,,,,,,
YRK37432,30.6455546,-25.19178292,,,,,,,,,,,,,,,,,,,,
YRK37435,30.63965718,-25.18938113,,,,,,,,,,,,,,,,,,,,
YRK37438,30.63564619,-25.19383994,,,,,,,,,,,,,,,,,,,,
YRK37441,30.63760967,-25.19480244,,,,,,,,,,,,,,,,,,,,
YRK37442,30.6403925,-25.19864641,,,,,,,,,,,,,,,,,,,,
YRK37443,30.64157197,-25.2010771,,,,,,,,,,,,,,,,,,,,
YRK37444,30.63692322,-25.20337088,,,,,,,,,,,,,,,,,,,,
YRK37447,30.63802632,-25.20906318,,,,,,,,,,,,,,,,,,,,
YRK37448,30.63954451,-25.20974404,,,,,,,,,,,,,,,,,,,,
YRK37449,30.63937549,-25.21126489,,,,,,,,,,,,,,,,,,,,
YRK37450,30.64246801,-25.20728367,,,,,,,,,,,,,,,,,,,,
YRK37452,30.6431796,-25.20209525,,,,,,,,,,,,,,,,,,,,
YRK37453,30.64668026,-25.20758443,,,,,,,,,,,,,,,,,,,,
YRK37454,30.64241761,-25.20419861,,,,,,,,,,,,,,,,,,,,
YRK37455,30.64793503,-25.21009015,,,,,,,,,,,,,,,,,,,,
YRK37458,30.6432511,-25.21321309,,,,,,,,,,,,,,,,,,,,
YRK37459,30.63842459,-25.21788768,,,,,,,,,,,,,,,,,,,,
YRK37460,30.63637267,-25.22213001,,,,,,,,,,,,,,,,,,,,
YRK37461,30.63773507,-25.21614621,,,,,,,,,,,,,,,,,,,,
YRK37462,30.63367683,-25.22119701,,,,,,,,,,,,,,,,,,,,
YRK37463,30.6360822,-25.21541974,,,,,,,,,,,,,,,,,,,,
YRK37465,30.63901388,-25.21253649,,,,,,,,,,,,,,,,,,,,
YRK37467,30.6336251,-25.21761607,,,,,,,,,,,,,,,,,,,,
YRK37469,30.63068972,-25.22155653,,,,,,,,,,,,,,,,,,,,
YRK37470,30.62862841,-25.2206502,,,,,,,,,,,,,,,,,,,,
YRK37471,30.63337005,-25.21566366,,,,,,,,,,,,,,,,,,,,
YRK37472,30.63752015,-25.2126812,,,,,,,,,,,,,,,,,,,,
YRK37473,30.63354487,-25.21294635,,,,,,,,,,,,,,,,,,,,
YRK37474,30.63582115,-25.2114779,,,,,,,,,,,,,,,,,,,,
YRK37475,30.63015384,-25.21560528,,,,,,,,,,,,,,,,,,,,
YRK37476,30.62871901,-25.21771897,,,,,,,,,,,,,,,,,,,,
YRK37477,30.62598801,-25.22256604,,,,,,,,,,,,,,,,,,,,
YRK37478,30.62621474,-25.22550362,,,,,,,,,,,,,,,,,,,,
YRK37479,30.62936717,-25.22508936,,,,,,,,,,,,,,,,,,,,
YRK37480,30.63237152,-25.22455213,,,,,,,,,,,,,,,,,,,,
YRK37481,30.62339344,-25.22427948,,,,,,,,,,,,,,,,,,,,
YRK37482,30.62559965,-25.22681661,,,,,,,,,,,,,,,,,,,,
YRK37483,30.62010954,-25.22504966,,,,,,,,,,,,,,,,,,,,
YRK37486,30.64622383,-25.21492434,,,,,,,,,,,,,,,,,,,,
YRK37487,30.64259485,-25.21928537,,,,,,,,,,,,,,,,,,,,
YRK37488,30.64679757,-25.21764039,,,,,,,,,,,,,,,,,,,,
YRK37489,30.65047391,-25.21771948,,,,,,,,,,,,,,,,,,,,
YRK37490,30.64672782,-25.2196941,,,,,,,,,,,,,,,,,,,,
YRK37491,30.65036228,-25.22231813,,,,,,,,,,,,,,,,,,,,
YRK37492,30.64410473,-25.22223703,,,,,,,,,,,,,,,,,,,,
YRK37494,30.64150607,-25.22570774,,,,,,,,,,,,,,,,,,,,
YRK37495,30.64315021,-25.22914888,,,,,,,,,,,,,,,,,,,,
YRK37496,30.64205898,-25.23047494,,,,,,,,,,,,,,,,,,,,
YRK37498,30.64372397,-25.2329002,,,,,,,,,,,,,,,,,,,,
YRK37499,30.64667645,-25.23204467,,,,,,,,,,,,,,,,,,,,
YRK37500,30.64727885,-25.22708173,,,,,,,,,,,,,,,,,,,,
YRK37501,30.64754667,-25.2236533,,,,,,,,,,,,,,,,,,,,
YRK37503,30.65196093,-25.23085755,,,,,,,,,,,,,,,,,,,,
YRK37504,30.65131898,-25.22744229,,,,,,,,,,,,,,,,,,,,
YRK37505,30.65395264,-25.22293641,,,,,,,,,,,,,,,,,,,,
YRK37506,30.6542277,-25.22663191,,,,,,,,,,,,,,,,,,,,
YRK37507,30.65299729,-25.22901196,,,,,,,,,,,,,,,,,,,,
YRK37511,30.65747615,-25.23131607,,,,,,,,,,,,,,,,,,,,
YRK37512,30.65907096,-25.2353049,,,,,,,,,,,,,,,,,,,,
YRK37513,30.65756299,-25.23885677,,,,,,,,,,,,,,,,,,,,
YRK37514,30.65637853,-25.23714448,,,,,,,,,,,,,,,,,,,,
YRK37515,30.65412647,-25.23841437,,,,,,,,,,,,,,,,,,,,
YRK37516,30.65305841,-25.23816486,,,,,,,,,,,,,,,,,,,,
YRK37517,30.65495702,-25.23450189,,,,,,,,,,,,,,,,,,,,
YRK37518,30.65286576,-25.23456792,,,,,,,,,,,,,,,,,,,,
YRK37519,30.65048319,-25.2324776,,,,,,,,,,,,,,,,,,,,
YRK37520,30.65017554,-25.23481619,,,,,,,,,,,,,,,,,,,,
YRK37521,30.6512873,-25.23905835,,,,,,,,,,,,,,,,,,,,
YRK37523,30.65352097,-25.24200757,,,,,,,,,,,,,,,,,,,,
YRK37524,30.6530478,-25.24392298,,,,,,,,,,,,,,,,,,,,
YRK37525,30.65931408,-25.23943983,,,,,,,,,,,,,,,,,,,,
YRK37529,30.65019307,-25.24213437,,,,,,,,,,,,,,,,,,,,
YRK37530,30.64828825,-25.24252042,,,,,,,,,,,,,,,,,,,,
YRK37532,30.64765017,-25.2354691,,,,,,,,,,,,,,,,,,,,
YRK37533,30.64594791,-25.24233858,,,,,,,,,,,,,,,,,,,,
YRK37535,30.64407344,-25.24594797,,,,,,,,,,,,,,,,,,,,
YRK37536,30.64291146,-25.24250207,,,,,,,,,,,,,,,,,,,,
YRK37537,30.64086654,-25.23474339,,,,,,,,,,,,,,,,,,,,
YRK37538,30.63955701,-25.22587309,,,,,,,,,,,,,,,,,,,,
YRK37540,30.63842074,-25.22962799,,,,,,,,,,,,,,,,,,,,
YRK37541,30.63543086,-25.23535355,,,,,,,,,,,,,,,,,,,,
YRK37542,30.63447313,-25.23758427,,,,,,,,,,,,,,,,,,,,
YRK37543,30.64065631,-25.23771685,,,,,,,,,,,,,,,,,,,,
YRK37544,30.63911325,-25.23963188,,,,,,,,,,,,,,,,,,,,
YRK37545,30.64053326,-25.24419606,,,,,,,,,,,,,,,,,,,,
YRK37546,30.6389448,-25.2439282,,,,,,,,,,,,,,,,,,,,
YRK37548,30.63670205,-25.24076289,,,,,,,,,,,,,,,,,,,,
YRK37549,30.63595713,-25.24424118,,,,,,,,,,,,,,,,,,,,
YRK37552,30.63659456,-25.23130969,,,,,,,,,,,,,,,,,,,,
YRK37553,30.63642666,-25.22610717,,,,,,,,,,,,,,,,,,,,
YRK37558,30.63140598,-25.23277229,,,,,,,,,,,,,,,,,,,,
YRK37561,30.63289185,-25.23007692,,,,,,,,,,,,,,,,,,,,
YRK37562,30.63460094,-25.22775267,,,,,,,,,,,,,,,,,,,,
YRK37563,30.63590657,-25.22517438,,,,,,,,,,,,,,,,,,,,
YRK37564,30.63713405,-25.22311586,,,,,,,,,,,,,,,,,,,,
YRK37565,30.62512593,-25.23922882,,,,,,,,,,,,,,,,,,,,
YRK37566,30.62371532,-25.23754969,,,,,,,,,,,,,,,,,,,,
YRK37567,30.62113988,-25.23843311,,,,,,,,,,,,,,,,,,,,
YRK37568,30.62084951,-25.23554411,,,,,,,,,,,,,,,,,,,,
YRK37569,30.62514935,-25.23513949,,,,,,,,,,,,,,,,,,,,
YRK37570,30.62490209,-25.23322261,,,,,,,,,,,,,,,,,,,,
YRK37571,30.62944654,-25.23218744,,,,,,,,,,,,,,,,,,,,
YRK37573,30.63084634,-25.22931672,,,,,,,,,,,,,,,,,,,,
YRK37574,30.63336235,-25.22728144,,,,,,,,,,,,,,,,,,,,
YRK37575,30.63512765,-25.22542355,,,,,,,,,,,,,,,,,,,,
YRK37576,30.62833445,-25.23117032,,,,,,,,,,,,,,,,,,,,
YRK37577,30.6287006,-25.22935213,,,,,,,,,,,,,,,,,,,,
YRK37578,30.6270665,-25.23043688,,,,,,,,,,,,,,,,,,,,
YRK37579,30.62189105,-25.23136549,,,,,,,,,,,,,,,,,,,,
YRK37580,30.6256765,-25.23100917,,,,,,,,,,,,,,,,,,,,
YRK37581,30.62506968,-25.23141418,,,,,,,,,,,,,,,,,,,,
YRK37582,30.62726463,-25.23314465,,,,,,,,,,,,,,,,,,,,
YRK37583,30.61979123,-25.23653155,,,,,,,,,,,,,,,,,,,,
YRK37584,30.62048651,-25.2425898,,,,,,,,,,,,,,,,,,,,
YRK37585,30.61907188,-25.2427506,,,,,,,,,,,,,,,,,,,,
YRK37586,30.61709557,-25.24276691,,,,,,,,,,,,,,,,,,,,
YRK37587,30.61744588,-25.24031025,,,,,,,,,,,,,,,,,,,,
YRK37588,30.61724384,-25.23459112,,,,,,,,,,,,,,,,,,,,
YRK37590,30.61998604,-25.23076528,,,,,,,,,,,,,,,,,,,,
YRK37591,30.61955606,-25.22917133,,,,,,,,,,,,,,,,,,,,
YRK37592,30.62175057,-25.23059033,,,,,,,,,,,,,,,,,,,,
YRK37593,30.62279415,-25.22990963,,,,,,,,,,,,,,,,,,,,
YRK37594,30.61847305,-25.23044505,,,,,,,,,,,,,,,,,,,,
YRK37595,30.61663737,-25.23215221,,,,,,,,,,,,,,,,,,,,
YRK37596,30.61271607,-25.2366148,,,,,,,,,,,,,,,,,,,,
YRK37597,30.61417401,-25.23710542,,,,,,,,,,,,,,,,,,,,
YRK37598,30.61476545,-25.23917878,,,,,,,,,,,,,,,,,,,,
YRK37599,30.61514227,-25.24135051,,,,,,,,,,,,,,,,,,,,
YRK37600,30.6131269,-25.2398501,,,,,,,,,,,,,,,,,,,,
YRK37601,30.61570652,-25.24264475,,,,,,,,,,,,,,,,,,,,
YRK37602,30.61540745,-25.24366634,,,,,,,,,,,,,,,,,,,,
YRK37603,30.61770947,-25.22909874,,,,,,,,,,,,,,,,,,,,
YRK37604,30.61475394,-25.23177331,,,,,,,,,,,,,,,,,,,,
YRK37605,30.61357293,-25.23351392,,,,,,,,,,,,,,,,,,,,
YRK37606,30.61271823,-25.23342505,,,,,,,,,,,,,,,,,,,,
YRK37607,30.61244783,-25.23536453,,,,,,,,,,,,,,,,,,,,
YRK37608,30.61134597,-25.23828036,,,,,,,,,,,,,,,,,,,,
YRK37609,30.61412197,-25.24289382,,,,,,,,,,,,,,,,,,,,
YRK37610,30.68627398,-25.2224494,,,,,,,,,,,,,,,,,,,,
YRK37616,30.69884495,-25.21903718,,,,,,,,,,,,,,,,,,,,
YRK37617,30.69397139,-25.21897248,,,,,,,,,,,,,,,,,,,,
YRK37620,30.68132654,-25.22233879,,,,,,,,,,,,,,,,,,,,
YRK37622,30.68150891,-25.21922635,,,,,,,,,,,,,,,,,,,,
YRK37623,30.6823517,-25.21525595,,,,,,,,,,,,,,,,,,,,
YRK37624,30.68066591,-25.20784097,,,,,,,,,,,,,,,,,,,,
YRK37625,30.68071137,-25.212333,,,,,,,,,,,,,,,,,,,,
YRK37626,30.68835992,-25.20898034,,,,,,,,,,,,,,,,,,,,
YRK37627,30.68592223,-25.21209913,,,,,,,,,,,,,,,,,,,,
YRK37628,30.68462835,-25.20705881,,,,,,,,,,,,,,,,,,,,
YRK37629,30.69229551,-25.20899644,,,,,,,,,,,,,,,,,,,,
YRK37630,30.69188955,-25.21238158,,,,,,,,,,,,,,,,,,,,
YRK37631,30.69247701,-25.21583855,,,,,,,,,,,,,,,,,,,,
YRK37632,30.69469554,-25.20877072,,,,,,,,,,,,,,,,,,,,
YRK37633,30.69502503,-25.2101664,,,,,,,,,,,,,,,,,,,,
YRK37634,30.70011299,-25.21233673,,,,,,,,,,,,,,,,,,,,
YRK37636,30.68113372,-25.20558004,,,,,,,,,,,,,,,,,,,,
YRK37637,30.70092286,-25.20248557,,,,,,,,,,,,,,,,,,,,
YRK37638,30.69751251,-25.20516408,,,,,,,,,,,,,,,,,,,,
YRK37639,30.69403207,-25.20042143,,,,,,,,,,,,,,,,,,,,
YRK37640,30.69381015,-25.20363515,,,,,,,,,,,,,,,,,,,,
YRK37641,30.6938227,-25.20649175,,,,,,,,,,,,,,,,,,,,
YRK37642,30.68494676,-25.20443132,,,,,,,,,,,,,,,,,,,,
YRK37644,30.69082095,-25.20492278,,,,,,,,,,,,,,,,,,,,
YRK37645,30.68392997,-25.20031361,,,,,,,,,,,,,,,,,,,,
YRK37647,30.68839407,-25.2020514,,,,,,,,,,,,,,,,,,,,
YRK37649,30.69420922,-25.19914384,,,,,,,,,,,,,,,,,,,,
YRK37650,30.69877039,-25.19899598,,,,,,,,,,,,,,,,,,,,
YRK37651,30.68407518,-25.19478312,,,,,,,,,,,,,,,,,,,,
YRK37652,30.68697011,-25.19800253,,,,,,,,,,,,,,,,,,,,
YRK37653,30.68966445,-25.19497316,,,,,,,,,,,,,,,,,,,,
YRK37654,30.69436106,-25.19457718,,,,,,,,,,,,,,,,,,,,
YRK37655,30.69973689,-25.19492005,,,,,,,,,,,,,,,,,,,,
YRK37657,30.69865808,-25.18952439,,,,,,,,,,,,,,,,,,,,
YRK37659,30.70151268,-25.18974409,,,,,,,,,,,,,,,,,,,,
YRK37661,30.6980659,-25.18725383,,,,,,,,,,,,,,,,,,,,
YRK37662,30.69878625,-25.1919254,,,,,,,,,,,,,,,,,,,,
YRK37663,30.69942741,-25.18290149,,,,,,,,,,,,,,,,,,,,
YRK37664,30.70223225,-25.18606406,,,,,,,,,,,,,,,,,,,,
YRK37665,30.70035061,-25.18409427,,,,,,,,,,,,,,,,,,,,
YRK37666,30.68725992,-25.19198685,,,,,,,,,,,,,,,,,,,,
YRK37667,30.69044782,-25.1927715,,,,,,,,,,,,,,,,,,,,
YRK37668,30.68225682,-25.19186121,,,,,,,,,,,,,,,,,,,,
YRK37670,30.69024265,-25.18822539,,,,,,,,,,,,,,,,,,,,
YRK37671,30.69286403,-25.18554793,,,,,,,,,,,,,,,,,,,,
YRK37672,30.68778613,-25.18850178,,,,,,,,,,,,,,,,,,,,
YRK37675,30.69502845,-25.18177735,,,,,,,,,,,,,,,,,,,,
YRK37676,30.69643541,-25.18554709,,,,,,,,,,,,,,,,,,,,
YRK37679,30.67617171,-25.19588443,,,,,,,,,,,,,,,,,,,,
YRK37680,30.676858,-25.20000851,,,,,,,,,,,,,,,,,,,,
YRK37681,30.6804329,-25.19663179,,,,,,,,,,,,,,,,,,,,
YRK37682,30.66088874,-25.19851149,,,,,,,,,,,,,,,,,,,,
YRK37683,30.66718993,-25.1979341,,,,,,,,,,,,,,,,,,,,
YRK37684,30.60315523,-25.196584,,,,,,,,,,,,,,,,,,,,
YRK37685,30.6096352,-25.19156114,,,,,,,,,,,,,,,,,,,,
YRK37686,30.61638112,-25.20438424,,,,,,,,,,,,,,,,,,,,
YRK37687,30.60685826,-25.210276,,,,,,,,,,,,,,,,,,,,
YRK37688,30.60888711,-25.21989522,,,,,,,,,,,,,,,,,,,,
YRK37689,30.59832661,-25.22341484,,,,,,,,,,,,,,,,,,,,
YRK37690,30.59804889,-25.20134003,,,,,,,,,,,,,,,,,,,,
YRK37691,30.59959399,-25.20684524,,,,,,,,,,,,,,,,,,,,
YRK37692,30.58827918,-25.20358148,,,,,,,,,,,,,,,,,,,,
YRK37693,30.59250392,-25.20530412,,,,,,,,,,,,,,,,,,,,
YRK37694,30.58916291,-25.20980169,,,,,,,,,,,,,,,,,,,,
YRK37695,30.59622518,-25.21099289,,,,,,,,,,,,,,,,,,,,
YRK37696,30.59197989,-25.21657706,,,,,,,,,,,,,,,,,,,,
YRK37697,30.59128114,-25.22736379,,,,,,,,,,,,,,,,,,,,
YRK37698,30.58434076,-25.22685178,,,,,,,,,,,,,,,,,,,,
YRK37699,30.62646437,-25.27000476,,,,,,,,,,,,,,,,,,,,
YRK37700,30.64351213,-25.26030565,,,,,,,,,,,,,,,,,,,,
YRK37701,30.65068879,-25.27006216,,,,,,,,,,,,,,,,,,,,
YRK37702,30.63924454,-25.27924062,,,,,,,,,,,,,,,,,,,,
YRK37704,30.64211554,-25.27007822,,,,,,,,,,,,,,,,,,,,
YRK37705,30.58837739,-25.22306422,,,,,,,,,,,,,,,,,,,,
YRK37706,30.58029124,-25.22052775,,,,,,,,,,,,,,,,,,,,
YRK37707,30.62766794,-25.28226809,,,,,,,,,,,,,,,,,,,,
YRK37709,30.62936344,-25.27750864,,,,,,,,,,,,,,,,,,,,
YRK37710,30.64025944,-25.28824052,,,,,,,,,,,,,,,,,,,,
YRK37711,30.66969171,-25.20455827,,,,,,,,,,,,,,,,,,,,
YRK37712,30.66543892,-25.20178684,,,,,,,,,,,,,,,,,,,,
YRK37713,30.66671069,-25.20549204,,,,,,,,,,,,,,,,,,,,
YRK37714,30.66857636,-25.1908258,,,,,,,,,,,,,,,,,,,,
YRK37715,30.6653725,-25.18221011,,,,,,,,,,,,,,,,,,,,
YRK37716,30.66406207,-25.17891825,,,,,,,,,,,,,,,,,,,,
YRK37717,30.66256777,-25.18915061,,,,,,,,,,,,,,,,,,,,
YRK37718,30.67386172,-25.20363152,,,,,,,,,,,,,,,,,,,,
YRK37720,30.66810584,-25.17915588,,,,,,,,,,,,,,,,,,,,
YRK37721,30.67408784,-25.20629256,,,,,,,,,,,,,,,,,,,,
YRK37722,30.67078609,-25.18339961,,,,,,,,,,,,,,,,,,,,
YRK37723,30.65041712,-25.27772683,,,,,,,,,,,,,,,,,,,,
YRK37724,30.65753955,-25.27253972,,,,,,,,,,,,,,,,,,,,
YRK37725,30.67142612,-25.28737052,,,,,,,,,,,,,,,,,,,,
YRK37726,30.66719039,-25.28799251,,,,,,,,,,,,,,,,,,,,
YRK37727,30.6725917,-25.29299217,,,,,,,,,,,,,,,,,,,,
YRK37728,30.6895966,-25.26908913,,,,,,,,,,,,,,,,,,,,
YRK37729,30.6969853,-25.28431577,,,,,,,,,,,,,,,,,,,,
YRK37730,30.69927433,-25.29203609,,,,,,,,,,,,,,,,,,,,
YRK37731,30.68701278,-25.27646103,,,,,,,,,,,,,,,,,,,,
YRK37732,30.68212319,-25.27781424,,,,,,,,,,,,,,,,,,,,
YRK37733,30.67971599,-25.28322969,,,,,,,,,,,,,,,,,,,,
YRK37734,30.68243394,-25.28809133,,,,,,,,,,,,,,,,,,,,
YRK37735,30.68475028,-25.28353854,,,,,,,,,,,,,,,,,,,,
YRK37736,30.67808616,-25.29501339,,,,,,,,,,,,,,,,,,,,
YRK37738,30.68575475,-25.29403094,,,,,,,,,,,,,,,,,,,,
YRK37739,30.67726235,-25.3059114,,,,,,,,,,,,,,,,,,,,
YRK37740,30.68430079,-25.30180599,,,,,,,,,,,,,,,,,,,,
YRK37741,30.69214522,-25.30173084,,,,,,,,,,,,,,,,,,,,
YRK37742,30.69309712,-25.3040993,,,,,,,,,,,,,,,,,,,,
YRK37743,30.66749624,-25.29519146,,,,,,,,,,,,,,,,,,,,
YRK37744,30.67413884,-25.29666422,,,,,,,,,,,,,,,,,,,,
YRK37745,30.67331406,-25.30094106,,,,,,,,,,,,,,,,,,,,
YRK37746,30.64974019,-25.28467033,,,,,,,,,,,,,,,,,,,,
YRK37747,30.66077236,-25.2822804,,,,,,,,,,,,,,,,,,,,
YRK37748,30.65203102,-25.29280535,,,,,,,,,,,,,,,,,,,,
YRK37749,30.65970603,-25.28985779,,,,,,,,,,,,,,,,,,,,
YRK37750,30.65726986,-25.30022402,,,,,,,,,,,,,,,,,,,,
YRK37751,30.6618822,-25.30532103,,,,,,,,,,,,,,,,,,,,
YRK37752,30.66872293,-25.30022841,,,,,,,,,,,,,,,,,,,,
YRK37753,30.66840522,-25.30666868,,,,,,,,,,,,,,,,,,,,
YRK37754,30.64337516,-25.29988863,,,,,,,,,,,,,,,,,,,,
YRK37755,30.64729949,-25.30325543,,,,,,,,,,,,,,,,,,,,
YRK37756,30.68718644,-25.24380215,,,,,,,,,,,,,,,,,,,,
YRK37757,30.67439465,-25.23612038,,,,,,,,,,,,,,,,,,,,
YRK37758,30.67718774,-25.24167698,,,,,,,,,,,,,,,,,,,,
YRK37759,30.68427096,-25.24426269,,,,,,,,,,,,,,,,,,,,
YRK37760,30.68669291,-25.2581175,,,,,,,,,,,,,,,,,,,,
YRK37761,30.68396266,-25.24930431,,,,,,,,,,,,,,,,,,,,
YRK37762,30.68662652,-25.25423992,,,,,,,,,,,,,,,,,,,,
YRK37763,30.68909197,-25.26255886,,,,,,,,,,,,,,,,,,,,
YRK37765,30.69651695,-25.25087993,,,,,,,,,,,,,,,,,,,,
YRK37766,30.69085599,-25.24020165,,,,,,,,,,,,,,,,,,,,
YRK37767,30.70427884,-25.24847833,,,,,,,,,,,,,,,,,,,,
YRK37768,30.6231153,-25.20913893,,,,,,,,,,,,,,,,,,,,
YRK37769,30.62118228,-25.16151055,,,,,,,,,,,,,,,,,,,,
YRK37770,30.61479386,-25.16406755,,,,,,,,,,,,,,,,,,,,
YRK37772,30.6210881,-25.16793763,,,,,,,,,,,,,,,,,,,,
YRK37774,30.62172659,-25.16956385,,,,,,,,,,,,,,,,,,,,
YRK37775,30.62779323,-25.16432472,,,,,,,,,,,,,,,,,,,,
YRK37776,30.6273681,-25.16703252,,,,,,,,,,,,,,,,,,,,
YRK37777,30.63354019,-25.17250765,,,,,,,,,,,,,,,,,,,,
YRK37778,30.63796067,-25.16917296,,,,,,,,,,,,,,,,,,,,
YRK37779,30.64414193,-25.17331589,,,,,,,,,,,,,,,,,,,,
YRK37780,30.63242706,-25.18166253,,,,,,,,,,,,,,,,,,,,
YRK37782,30.62681444,-25.17770496,,,,,,,,,,,,,,,,,,,,
YRK37783,30.69820322,-25.30443274,,,,,,,,,,,,,,,,,,,,
YRK37784,30.70734853,-25.29775818,,,,,,,,,,,,,,,,,,,,
YRK37785,30.71002866,-25.29895396,,,,,,,,,,,,,,,,,,,,
YRK37787,30.70543598,-25.28906004,,,,,,,,,,,,,,,,,,,,
YRK37788,30.7102279,-25.294332,,,,,,,,,,,,,,,,,,,,
YRK37789,30.70384899,-25.29404553,,,,,,,,,,,,,,,,,,,,
YRK37790,30.68825341,-25.26406704,,,,,,,,,,,,,,,,,,,,
YRK37791,30.69849488,-25.24883682,,,,,,,,,,,,,,,,,,,,
YRK37792,30.69917255,-25.24617355,,,,,,,,,,,,,,,,,,,,
YRK37793,30.70439646,-25.24183711,,,,,,,,,,,,,,,,,,,,
YRK37794,30.70844951,-25.23401567,,,,,,,,,,,,,,,,,,,,
YRK37795,30.70053198,-25.23779099,,,,,,,,,,,,,,,,,,,,
YRK37796,30.69662713,-25.23393248,,,,,,,,,,,,,,,,,,,,
YRK37797,30.69230552,-25.23354388,,,,,,,,,,,,,,,,,,,,
YRK37798,30.68604022,-25.23407116,,,,,,,,,,,,,,,,,,,,
YRK37799,30.68509946,-25.2339721,,,,,,,,,,,,,,,,,,,,
YRK37800,30.68088099,-25.22783209,,,,,,,,,,,,,,,,,,,,
YRK37801,30.68795311,-25.22809483,,,,,,,,,,,,,,,,,,,,
YRK37802,30.66804982,-25.2202686,,,,,,,,,,,,,,,,,,,,
YRK37804,30.6615322,-25.22428655,,,,,,,,,,,,,,,,,,,,
YRK37805,30.66801648,-25.22532194,,,,,,,,,,,,,,,,,,,,
YRK37806,30.67342236,-25.2217975,,,,,,,,,,,,,,,,,,,,
YRK37807,30.66999372,-25.22616691,,,,,,,,,,,,,,,,,,,,
YRK37808,30.66669243,-25.22788835,,,,,,,,,,,,,,,,,,,,
YRK37810,30.6167889,-25.17064332,,,,,,,,,,,,,,,,,,,,
YRK37811,30.62302339,-25.17179208,,,,,,,,,,,,,,,,,,,,
YRK37812,30.60436423,-25.17610005,,,,,,,,,,,,,,,,,,,,
YRK37813,30.60390815,-25.18303093,,,,,,,,,,,,,,,,,,,,
YRK37814,30.6110091,-25.18028531,,,,,,,,,,,,,,,,,,,,
YRK37815,30.61440396,-25.17575411,,,,,,,,,,,,,,,,,,,,
YRK37816,30.61219848,-25.1786968,,,,,,,,,,,,,,,,,,,,
YRK37818,30.62338474,-25.18371856,,,,,,,,,,,,,,,,,,,,
YRK37819,30.61398411,-25.18190781,,,,,,,,,,,,,,,,,,,,
YRK37820,30.61137529,-25.1862507,,,,,,,,,,,,,,,,,,,,
YRK37821,30.61864634,-25.18686483,,,,,,,,,,,,,,,,,,,,
YRK37822,30.62195956,-25.19522296,,,,,,,,,,,,,,,,,,,,
YRK37823,30.62505093,-25.18949357,,,,,,,,,,,,,,,,,,,,
YRK37824,30.60932788,-25.16715315,,,,,,,,,,,,,,,,,,,,
YRK37825,30.61265216,-25.16398424,,,,,,,,,,,,,,,,,,,,
YRK37826,30.61538231,-25.15987362,,,,,,,,,,,,,,,,,,,,
YRK37827,30.59615289,-25.19091317,,,,,,,,,,,,,,,,,,,,
YRK37828,30.66752849,-25.23060822,,,,,,,,,,,,,,,,,,,,
YRK37829,30.67011363,-25.247352,,,,,,,,,,,,,,,,,,,,
YRK37830,30.68754565,-25.26833248,,,,,,,,,,,,,,,,,,,,
YRK37831,30.59296114,-25.19529211,,,,,,,,,,,,,,,,,,,,
YRK37832,30.67813075,-25.27220728,,,,,,,,,,,,,,,,,,,,
YRK37833,30.67534372,-25.27566679,,,,,,,,,,,,,,,,,,,,
YRK37834,30.67540275,-25.26736927,,,,,,,,,,,,,,,,,,,,
YRK37835,30.68736701,-25.32630155,,,,,,,,,,,,,,,,,,,,
YRK37837,30.68687187,-25.32109838,,,,,,,,,,,,,,,,,,,,
YRK37838,30.68164621,-25.32378786,,,,,,,,,,,,,,,,,,,,
YRK37839,30.68624686,-25.31841501,,,,,,,,,,,,,,,,,,,,
YRK37840,30.67801466,-25.30982685,,,,,,,,,,,,,,,,,,,,
YRK37842,30.68299088,-25.31860172,,,,,,,,,,,,,,,,,,,,
YRK37843,30.68207929,-25.32088004,,,,,,,,,,,,,,,,,,,,
YRK37844,30.67161999,-25.30408686,,,,,,,,,,,,,,,,,,,,
YRK37845,30.66400258,-25.31353611,,,,,,,,,,,,,,,,,,,,
YRK37846,30.65621707,-25.31355975,,,,,,,,,,,,,,,,,,,,
YRK37847,30.67607083,-25.31677352,,,,,,,,,,,,,,,,,,,,
YRK37848,30.67882745,-25.31613495,,,,,,,,,,,,,,,,,,,,
YRK37849,30.68179208,-25.3134357,,,,,,,,,,,,,,,,,,,,
YRK37850,30.67727602,-25.33151379,,,,,,,,,,,,,,,,,,,,
YRK37851,30.67916485,-25.32631251,,,,,,,,,,,,,,,,,,,,
YRK37852,30.68292126,-25.33200517,,,,,,,,,,,,,,,,,,,,
YRK37853,30.6749733,-25.19141136,,,,,,,,,,,,,,,,,,,,
YRK37855,30.67762054,-25.18409397,,,,,,,,,,,,,,,,,,,,
YRK37857,30.68329037,-25.18515167,,,,,,,,,,,,,,,,,,,,
YRK37859,30.69027188,-25.1689535,,,,,,,,,,,,,,,,,,,,
YRK37860,30.69994104,-25.18154978,,,,,,,,,,,,,,,,,,,,
YRK37861,30.68041615,-25.16401197,,,,,,,,,,,,,,,,,,,,
YRK37862,30.68716522,-25.17385093,,,,,,,,,,,,,,,,,,,,
YRK37863,30.68097709,-25.16633987,,,,,,,,,,,,,,,,,,,,
YRK37864,30.67783603,-25.17463959,,,,,,,,,,,,,,,,,,,,
YRK37865,30.67684855,-25.17158664,,,,,,,,,,,,,,,,,,,,
YRK37866,30.68810263,-25.17908738,,,,,,,,,,,,,,,,,,,,
YRK37868,30.67229286,-25.18145349,,,,,,,,,,,,,,,,,,,,
YRK37869,30.6730754,-25.17529753,,,,,,,,,,,,,,,,,,,,
YRK37870,30.674777,-25.26323567,,,,,,,,,,,,,,,,,,,,
YRK37871,30.66409314,-25.24980613,,,,,,,,,,,,,,,,,,,,
YRK37872,30.65824066,-25.25834122,,,,,,,,,,,,,,,,,,,,
YRK37873,30.66110031,-25.27073675,,,,,,,,,,,,,,,,,,,,
YRK37874,30.6690111,-25.17430948,,,,,,,,,,,,,,,,,,,,
YRK37875,30.66848573,-25.17273769,,,,,,,,,,,,,,,,,,,,
YRK37876,30.6780228,-25.16459525,,,,,,,,,,,,,,,,,,,,
YRK37879,30.68973377,-25.22072816,,,,,,,,,,,,,,,,,,,,
YRK37880,30.683369,-25.21678851,,,,,,,,,,,,,,,,,,,,
YRK37881,30.67819758,-25.21511629,,,,,,,,,,,,,,,,,,,,
YRK37882,30.67824561,-25.21233274,,,,,,,,,,,,,,,,,,,,
YRK37883,30.683972,-25.20944876,,,,,,,,,,,,,,,,,,,,
YRK37884,30.69342597,-25.21073914,,,,,,,,,,,,,,,,,,,,
YRK37885,30.70252171,-25.20331991,,,,,,,,,,,,,,,,,,,,
YRK37886,30.6920302,-25.20394887,,,,,,,,,,,,,,,,,,,,
YRK37887,30.6780523,-25.20263615,,,,,,,,,,,,,,,,,,,,
YRK37888,30.68388617,-25.19808541,,,,,,,,,,,,,,,,,,,,
YRK37889,30.69058567,-25.19707139,,,,,,,,,,,,,,,,,,,,
YRK37890,30.70297819,-25.19701272,,,,,,,,,,,,,,,,,,,,
YRK37891,30.69843311,-25.18899839,,,,,,,,,,,,,,,,,,,,
YRK37892,30.70104173,-25.18170971,,,,,,,,,,,,,,,,,,,,
YRK37893,30.68354582,-25.18982451,,,,,,,,,,,,,,,,,,,,
YRK37894,30.69283875,-25.18614681,,,,,,,,,,,,,,,,,,,,
YRK37895,30.67787839,-25.19697787,,,,,,,,,,,,,,,,,,,,
YRK37897,30.61148537,-25.24212362,,,,,,,,,,,,,,,,,,,,
YRK37898,30.64356238,-25.1790304,,,,,,,,,,,,,,,,,,,,
YRK37900,30.64793328,-25.17431941,,,,,,,,,,,,,,,,,,,,
YRK37901,30.63959579,-25.20056573,,,,,,,,,,,,,,,,,,,,
YRK37902,30.63793621,-25.20752899,,,,,,,,,,,,,,,,,,,,
YRK37903,30.63795267,-25.21184534,,,,,,,,,,,,,,,,,,,,
YRK37904,30.63534028,-25.22301194,,,,,,,,,,,,,,,,,,,,
YRK37905,30.63311978,-25.21810484,,,,,,,,,,,,,,,,,,,,
YRK37906,30.63644568,-25.21271306,,,,,,,,,,,,,,,,,,,,
YRK37907,30.63173508,-25.21444244,,,,,,,,,,,,,,,,,,,,
YRK37908,30.62464866,-25.21925113,,,,,,,,,,,,,,,,,,,,
YRK37909,30.62602481,-25.21668975,,,,,,,,,,,,,,,,,,,,
YRK37910,30.62178529,-25.22171624,,,,,,,,,,,,,,,,,,,,
YRK37911,30.62827739,-25.24255626,,,,,,,,,,,,,,,,,,,,
YRK37912,30.62677275,-25.2278463,,,,,,,,,,,,,,,,,,,,
YRK37913,30.61937264,-25.23452996,,,,,,,,,,,,,,,,,,,,
YRK37914,30.61977822,-25.23998879,,,,,,,,,,,,,,,,,,,,
YRK37915,30.6168181,-25.23575767,,,,,,,,,,,,,,,,,,,,
YRK37916,30.61603707,-25.24412479,,,,,,,,,,,,,,,,,,,,
YRK37917,30.61571538,-25.24220368,,,,,,,,,,,,,,,,,,,,
YRK37918,30.61562726,-25.2430844,,,,,,,,,,,,,,,,,,,,
YRK37919,30.64653429,-25.21692354,,,,,,,,,,,,,,,,,,,,
YRK37920,30.64029903,-25.22116156,,,,,,,,,,,,,,,,,,,,
YRK37921,30.64571274,-25.22971522,,,,,,,,,,,,,,,,,,,,
YRK37922,30.64548033,-25.2359781,,,,,,,,,,,,,,,,,,,,
YRK37923,30.65378304,-25.22919163,,,,,,,,,,,,,,,,,,,,
YRK37924,30.65393514,-25.22423605,,,,,,,,,,,,,,,,,,,,
YRK37925,30.65313911,-25.23936806,,,,,,,,,,,,,,,,,,,,
YRK37926,30.64334871,-25.24695548,,,,,,,,,,,,,,,,,,,,
YRK37927,30.64104622,-25.23119405,,,,,,,,,,,,,,,,,,,,
YRK37928,30.63940019,-25.24122608,,,,,,,,,,,,,,,,,,,,
YRK37929,30.63591591,-25.24580158,,,,,,,,,,,,,,,,,,,,
YRK38151,30.72497099,-26.4034518,,,,,,,,,,,,,,,,,,,,
YRK38152,30.71621946,-26.40030111,,,,,,,,,,,,,,,,,,,,
YRK38155,30.7173708,-26.40564278,,,,,,,,,,,,,,,,,,,,
YRK38156,30.72109261,-26.40631127,,,,,,,,,,,,,,,,,,,,
YRK38157,30.72428104,-26.40745315,,,,,,,,,,,,,,,,,,,,
YRK38158,30.71815436,-26.41044992,,,,,,,,,,,,,,,,,,,,
YRK38159,30.71769093,-26.41275062,,,,,,,,,,,,,,,,,,,,
YRK38160,30.72629358,-26.41249207,,,,,,,,,,,,,,,,,,,,
YRK38161,30.72823995,-26.41209988,,,,,,,,,,,,,,,,,,,,
YRK38162,30.73097087,-26.41105521,,,,,,,,,,,,,,,,,,,,
YRK38163,30.73118785,-26.40971786,,,,,,,,,,,,,,,,,,,,
YRK38164,30.73145495,-26.41290127,,,,,,,,,,,,,,,,,,,,
YRK38165,30.73458538,-26.40973026,,,,,,,,,,,,,,,,,,,,
YRK38166,30.73371819,-26.40743871,,,,,,,,,,,,,,,,,,,,
YRK38168,30.73632803,-26.41228104,,,,,,,,,,,,,,,,,,,,
YRK38169,30.73915818,-26.41239303,,,,,,,,,,,,,,,,,,,,
YRK38170,30.72169593,-26.39152012,,,,,,,,,,,,,,,,,,,,
YRK38171,30.7247759,-26.39363633,,,,,,,,,,,,,,,,,,,,
YRK38172,30.72584512,-26.39611014,,,,,,,,,,,,,,,,,,,,
YRK38173,30.72932272,-26.39396229,,,,,,,,,,,,,,,,,,,,
YRK38174,30.73308821,-26.39452415,,,,,,,,,,,,,,,,,,,,
YRK38175,30.73740366,-26.39510912,,,,,,,,,,,,,,,,,,,,
YRK38176,30.72985023,-26.39639689,,,,,,,,,,,,,,,,,,,,
YRK38177,30.72478385,-26.39851301,,,,,,,,,,,,,,,,,,,,
YRK38178,30.72836502,-26.39860319,,,,,,,,,,,,,,,,,,,,
YRK38179,30.7284441,-26.40099231,,,,,,,,,,,,,,,,,,,,
YRK38180,30.73773489,-26.40953784,,,,,,,,,,,,,,,,,,,,
YRK38181,30.74193815,-26.41042536,,,,,,,,,,,,,,,,,,,,
YRK38182,30.73758498,-26.4062985,,,,,,,,,,,,,,,,,,,,
YRK38184,30.74615698,-26.40360987,,,,,,,,,,,,,,,,,,,,
YRK38185,30.74680305,-26.39999991,,,,,,,,,,,,,,,,,,,,
YRK38186,30.74035499,-26.40136021,,,,,,,,,,,,,,,,,,,,
YRK38187,30.74387885,-26.39983889,,,,,,,,,,,,,,,,,,,,
YRK38188,30.74754986,-26.39600159,,,,,,,,,,,,,,,,,,,,
YRK38189,30.74109631,-26.39724049,,,,,,,,,,,,,,,,,,,,
YRK38190,30.74430655,-26.39427961,,,,,,,,,,,,,,,,,,,,
YRK38191,30.73958796,-26.39447374,,,,,,,,,,,,,,,,,,,,
YRK38192,30.74285575,-26.39520941,,,,,,,,,,,,,,,,,,,,
YRK38193,30.74242419,-26.39372633,,,,,,,,,,,,,,,,,,,,
YRK38194,30.76368539,-26.40922269,,,,,,,,,,,,,,,,,,,,
YRK38195,30.76557913,-26.41158783,,,,,,,,,,,,,,,,,,,,
YRK38196,30.75986452,-26.40760889,,,,,,,,,,,,,,,,,,,,
YRK38197,30.76034883,-26.41064263,,,,,,,,,,,,,,,,,,,,
YRK38198,30.75922034,-26.40487627,,,,,,,,,,,,,,,,,,,,
YRK38199,30.75750847,-26.40988642,,,,,,,,,,,,,,,,,,,,
YRK38200,30.75535771,-26.41186646,,,,,,,,,,,,,,,,,,,,
YRK38201,30.75250022,-26.41255897,,,,,,,,,,,,,,,,,,,,
YRK38202,30.75296418,-26.40607966,,,,,,,,,,,,,,,,,,,,
YRK38203,30.74986589,-26.40949164,,,,,,,,,,,,,,,,,,,,
YRK38204,30.7477836,-26.4118988,,,,,,,,,,,,,,,,,,,,
YRK38205,30.74822232,-26.41068734,,,,,,,,,,,,,,,,,,,,
YRK38206,30.74851391,-26.40953234,,,,,,,,,,,,,,,,,,,,
YRK38207,30.74998078,-26.40338491,,,,,,,,,,,,,,,,,,,,
YRK38211,30.7516454,-26.40060487,,,,,,,,,,,,,,,,,,,,
YRK38212,30.7538551,-26.39987039,,,,,,,,,,,,,,,,,,,,
YRK38214,30.75703422,-26.40100951,,,,,,,,,,,,,,,,,,,,
YRK38217,30.75530865,-26.4077001,,,,,,,,,,,,,,,,,,,,
YRK38218,30.75679431,-26.40776922,,,,,,,,,,,,,,,,,,,,
YRK38219,30.75843773,-26.40541421,,,,,,,,,,,,,,,,,,,,
YRK38220,30.75723686,-26.40189844,,,,,,,,,,,,,,,,,,,,
YRK38221,30.76152422,-26.40326612,,,,,,,,,,,,,,,,,,,,
YRK38223,30.76071181,-26.40062429,,,,,,,,,,,,,,,,,,,,
YRK38224,30.75863997,-26.39934335,,,,,,,,,,,,,,,,,,,,
YRK38225,30.75804987,-26.39764272,,,,,,,,,,,,,,,,,,,,
YRK38226,30.75775746,-26.39599133,,,,,,,,,,,,,,,,,,,,
YRK38227,30.75311254,-26.39602926,,,,,,,,,,,,,,,,,,,,
YRK38228,30.75158632,-26.39200122,,,,,,,,,,,,,,,,,,,,
YRK38229,30.75577191,-26.39325409,,,,,,,,,,,,,,,,,,,,
YRK38230,30.75412392,-26.39147621,,,,,,,,,,,,,,,,,,,,
YRK38233,30.75121211,-26.39027394,,,,,,,,,,,,,,,,,,,,
YRK38234,30.74941869,-26.38044675,,,,,,,,,,,,,,,,,,,,
YRK38235,30.74708717,-26.38117592,,,,,,,,,,,,,,,,,,,,
YRK38236,30.74881446,-26.38210774,,,,,,,,,,,,,,,,,,,,
YRK38237,30.74862372,-26.38497455,,,,,,,,,,,,,,,,,,,,
YRK38238,30.74473304,-26.38374085,,,,,,,,,,,,,,,,,,,,
YRK38239,30.74365888,-26.38609567,,,,,,,,,,,,,,,,,,,,
YRK38240,30.74491403,-26.38568053,,,,,,,,,,,,,,,,,,,,
YRK38241,30.7455277,-26.38588538,,,,,,,,,,,,,,,,,,,,
YRK38243,30.74810496,-26.38843599,,,,,,,,,,,,,,,,,,,,
YRK38244,30.74604323,-26.3883393,,,,,,,,,,,,,,,,,,,,
YRK38245,30.74693535,-26.3898343,,,,,,,,,,,,,,,,,,,,
YRK38246,30.74980149,-26.39065763,,,,,,,,,,,,,,,,,,,,
YRK38247,30.74674341,-26.3889451,,,,,,,,,,,,,,,,,,,,
YRK38248,30.74498287,-26.39243306,,,,,,,,,,,,,,,,,,,,
YRK38249,30.74793026,-26.39378511,,,,,,,,,,,,,,,,,,,,
YRK38250,30.72205239,-26.37789157,,,,,,,,,,,,,,,,,,,,
YRK38251,30.72585295,-26.37739557,,,,,,,,,,,,,,,,,,,,
YRK38252,30.73207006,-26.3811404,,,,,,,,,,,,,,,,,,,,
YRK38253,30.72817927,-26.37917775,,,,,,,,,,,,,,,,,,,,
YRK38254,30.73529314,-26.38379863,,,,,,,,,,,,,,,,,,,,
YRK38255,30.72336846,-26.38533753,,,,,,,,,,,,,,,,,,,,
YRK38256,30.72645203,-26.38628976,,,,,,,,,,,,,,,,,,,,
YRK38257,30.72990798,-26.3907934,,,,,,,,,,,,,,,,,,,,
YRK38258,30.7264206,-26.38782719,,,,,,,,,,,,,,,,,,,,
YRK38259,30.7356208,-26.39139276,,,,,,,,,,,,,,,,,,,,
YRK38260,30.74024975,-26.38989892,,,,,,,,,,,,,,,,,,,,
YRK38261,30.72194147,-26.39926341,,,,,,,,,,,,,,,,,,,,
YRK38262,30.71784142,-26.39862345,,,,,,,,,,,,,,,,,,,,
YRK38263,30.72144864,-26.39684244,,,,,,,,,,,,,,,,,,,,
YRK38264,30.7182073,-26.39575599,,,,,,,,,,,,,,,,,,,,
YRK38265,30.7198631,-26.38994107,,,,,,,,,,,,,,,,,,,,
YRK38266,30.71571316,-26.38770484,,,,,,,,,,,,,,,,,,,,
YRK38268,30.72121671,-26.38816079,,,,,,,,,,,,,,,,,,,,
YRK38269,30.72204777,-26.38863915,,,,,,,,,,,,,,,,,,,,
YRK38270,30.71890923,-26.38643377,,,,,,,,,,,,,,,,,,,,
YRK38271,30.71523242,-26.37090652,,,,,,,,,,,,,,,,,,,,
YRK38278,30.71415086,-26.37805023,,,,,,,,,,,,,,,,,,,,
YRK38280,30.71346314,-26.37454192,,,,,,,,,,,,,,,,,,,,
YRK38282,30.71323179,-26.36531699,,,,,,,,,,,,,,,,,,,,
YRK38283,30.71306536,-26.37115229,,,,,,,,,,,,,,,,,,,,
YRK38284,30.71756665,-26.36705942,,,,,,,,,,,,,,,,,,,,
YRK38285,30.7180842,-26.37122935,,,,,,,,,,,,,,,,,,,,
YRK38286,30.7153326,-26.36252693,,,,,,,,,,,,,,,,,,,,
YRK38287,30.71971137,-26.36405079,,,,,,,,,,,,,,,,,,,,
YRK38289,30.72255469,-26.36509115,,,,,,,,,,,,,,,,,,,,
YRK38291,30.74750019,-26.37669249,,,,,,,,,,,,,,,,,,,,
YRK38292,30.74473804,-26.38002103,,,,,,,,,,,,,,,,,,,,
YRK38293,30.74089136,-26.37808768,,,,,,,,,,,,,,,,,,,,
YRK38294,30.74165565,-26.38233405,,,,,,,,,,,,,,,,,,,,
YRK38295,30.73437161,-26.37487804,,,,,,,,,,,,,,,,,,,,
YRK38296,30.7423501,-26.37518771,,,,,,,,,,,,,,,,,,,,
YRK38297,30.73832801,-26.37114421,,,,,,,,,,,,,,,,,,,,
YRK38299,30.74692313,-26.37432437,,,,,,,,,,,,,,,,,,,,
YRK38300,30.73514803,-26.36897411,,,,,,,,,,,,,,,,,,,,
YRK38302,30.73077043,-26.37035994,,,,,,,,,,,,,,,,,,,,
YRK38303,30.728663,-26.37381492,,,,,,,,,,,,,,,,,,,,
YRK38304,30.72885167,-26.3754773,,,,,,,,,,,,,,,,,,,,
YRK38305,30.73465829,-26.37942542,,,,,,,,,,,,,,,,,,,,
YRK38306,30.72679307,-26.36919606,,,,,,,,,,,,,,,,,,,,
YRK38307,30.72532938,-26.3649548,,,,,,,,,,,,,,,,,,,,
YRK38308,30.73061972,-26.36727033,,,,,,,,,,,,,,,,,,,,
YRK38312,30.72609963,-26.36186954,,,,,,,,,,,,,,,,,,,,
YRK38313,30.7278522,-26.36132086,,,,,,,,,,,,,,,,,,,,
YRK38314,30.72266094,-26.36114795,,,,,,,,,,,,,,,,,,,,
YRK38315,30.72300524,-26.35579465,,,,,,,,,,,,,,,,,,,,
YRK38316,30.72419882,-26.34469871,,,,,,,,,,,,,,,,,,,,
YRK38318,30.73121818,-26.35770259,,,,,,,,,,,,,,,,,,,,
YRK38319,30.72841653,-26.35584152,,,,,,,,,,,,,,,,,,,,
YRK38320,30.72797115,-26.35782684,,,,,,,,,,,,,,,,,,,,
YRK38321,30.73241412,-26.35410757,,,,,,,,,,,,,,,,,,,,
YRK38322,30.7320729,-26.34865807,,,,,,,,,,,,,,,,,,,,
YRK38323,30.73414589,-26.35477964,,,,,,,,,,,,,,,,,,,,
YRK38325,30.73892176,-26.35457675,,,,,,,,,,,,,,,,,,,,
YRK38326,30.72826107,-26.35256424,,,,,,,,,,,,,,,,,,,,
YRK38327,30.72646967,-26.34674521,,,,,,,,,,,,,,,,,,,,
YRK38328,30.73011014,-26.35093398,,,,,,,,,,,,,,,,,,,,
YRK38329,30.72762922,-26.34274874,,,,,,,,,,,,,,,,,,,,
YRK38332,30.73338619,-26.34761952,,,,,,,,,,,,,,,,,,,,
YRK38333,30.73642321,-26.34800915,,,,,,,,,,,,,,,,,,,,
YRK38334,30.73939245,-26.34861616,,,,,,,,,,,,,,,,,,,,
YRK38335,30.74087021,-26.34639813,,,,,,,,,,,,,,,,,,,,
YRK38336,30.7422766,-26.35014772,,,,,,,,,,,,,,,,,,,,
YRK38337,30.74036947,-26.35309965,,,,,,,,,,,,,,,,,,,,
YRK38338,30.73779808,-26.35130607,,,,,,,,,,,,,,,,,,,,
YRK38339,30.71589428,-26.36025796,,,,,,,,,,,,,,,,,,,,
YRK38340,30.71500333,-26.35664893,,,,,,,,,,,,,,,,,,,,
YRK38341,30.72110009,-26.3537709,,,,,,,,,,,,,,,,,,,,
YRK38342,30.72203162,-26.3488744,,,,,,,,,,,,,,,,,,,,
YRK38343,30.71909984,-26.34805117,,,,,,,,,,,,,,,,,,,,
YRK38344,30.71660277,-26.34939341,,,,,,,,,,,,,,,,,,,,
YRK38346,30.71205189,-26.35579639,,,,,,,,,,,,,,,,,,,,
YRK38347,30.71121635,-26.3532499,,,,,,,,,,,,,,,,,,,,
YRK38349,30.71739584,-26.35134603,,,,,,,,,,,,,,,,,,,,
YRK38351,30.70953772,-26.34966127,,,,,,,,,,,,,,,,,,,,
YRK38352,30.70958283,-26.35339674,,,,,,,,,,,,,,,,,,,,
YRK38353,30.71185565,-26.34790951,,,,,,,,,,,,,,,,,,,,
YRK38354,30.71119186,-26.35255137,,,,,,,,,,,,,,,,,,,,
YRK38355,30.71524135,-26.34393041,,,,,,,,,,,,,,,,,,,,
YRK38356,30.71442867,-26.34702389,,,,,,,,,,,,,,,,,,,,
YRK38357,30.7174707,-26.34563873,,,,,,,,,,,,,,,,,,,,
YRK38358,30.70892634,-26.34635066,,,,,,,,,,,,,,,,,,,,
YRK38359,30.70583744,-26.34475014,,,,,,,,,,,,,,,,,,,,
YRK38360,30.70762105,-26.34775445,,,,,,,,,,,,,,,,,,,,
YRK38361,30.71235808,-26.34284715,,,,,,,,,,,,,,,,,,,,
YRK38362,30.70851271,-26.34300833,,,,,,,,,,,,,,,,,,,,
YRK38363,30.74261272,-26.34346791,,,,,,,,,,,,,,,,,,,,
YRK38364,30.74325739,-26.34127116,,,,,,,,,,,,,,,,,,,,
YRK38366,30.73095241,-26.33500695,,,,,,,,,,,,,,,,,,,,
YRK38367,30.73371847,-26.33126138,,,,,,,,,,,,,,,,,,,,
YRK38370,30.73631939,-26.33172765,,,,,,,,,,,,,,,,,,,,
YRK38371,30.73691708,-26.33788535,,,,,,,,,,,,,,,,,,,,
YRK38372,30.73747494,-26.33403571,,,,,,,,,,,,,,,,,,,,
YRK38373,30.73952843,-26.33355983,,,,,,,,,,,,,,,,,,,,
YRK38375,30.742853,-26.33740017,,,,,,,,,,,,,,,,,,,,
YRK38376,30.74595785,-26.33967497,,,,,,,,,,,,,,,,,,,,
YRK38377,30.74952855,-26.34015949,,,,,,,,,,,,,,,,,,,,
YRK38378,30.75219675,-26.33587081,,,,,,,,,,,,,,,,,,,,
YRK38379,30.75185335,-26.33147779,,,,,,,,,,,,,,,,,,,,
YRK38380,30.74829891,-26.32827524,,,,,,,,,,,,,,,,,,,,
YRK38381,30.74392108,-26.32734326,,,,,,,,,,,,,,,,,,,,
YRK38384,30.73983606,-26.33167243,,,,,,,,,,,,,,,,,,,,
YRK38385,30.73466073,-26.31954287,,,,,,,,,,,,,,,,,,,,
YRK38386,30.73887095,-26.32298583,,,,,,,,,,,,,,,,,,,,
YRK38387,30.74079817,-26.32330006,,,,,,,,,,,,,,,,,,,,
YRK38388,30.73798346,-26.32080946,,,,,,,,,,,,,,,,,,,,
YRK38389,30.7365762,-26.32514004,,,,,,,,,,,,,,,,,,,,
YRK38390,30.73222945,-26.32445587,,,,,,,,,,,,,,,,,,,,
YRK38391,30.7292742,-26.32973806,,,,,,,,,,,,,,,,,,,,
YRK38392,30.72365945,-26.32889834,,,,,,,,,,,,,,,,,,,,
YRK38393,30.72601111,-26.33431264,,,,,,,,,,,,,,,,,,,,
YRK38394,30.72042444,-26.3301283,,,,,,,,,,,,,,,,,,,,
YRK38395,30.72021168,-26.32937419,,,,,,,,,,,,,,,,,,,,
YRK38396,30.71608788,-26.32367725,,,,,,,,,,,,,,,,,,,,
YRK38397,30.71726136,-26.33260841,,,,,,,,,,,,,,,,,,,,
YRK38398,30.72110116,-26.33364103,,,,,,,,,,,,,,,,,,,,
YRK38399,30.71529837,-26.33274526,,,,,,,,,,,,,,,,,,,,
YRK38400,30.71570757,-26.33560276,,,,,,,,,,,,,,,,,,,,
YRK38401,30.72261607,-26.33658469,,,,,,,,,,,,,,,,,,,,
YRK38402,30.72058537,-26.33483429,,,,,,,,,,,,,,,,,,,,
YRK38403,30.72023926,-26.33409965,,,,,,,,,,,,,,,,,,,,
YRK38404,30.72325166,-26.33833579,,,,,,,,,,,,,,,,,,,,
YRK38405,30.72692273,-26.33989641,,,,,,,,,,,,,,,,,,,,
YRK38406,30.72096836,-26.34204917,,,,,,,,,,,,,,,,,,,,
YRK38407,30.71592525,-26.34207985,,,,,,,,,,,,,,,,,,,,
YRK38410,30.71432285,-26.33914047,,,,,,,,,,,,,,,,,,,,
YRK38411,30.71746253,-26.33778422,,,,,,,,,,,,,,,,,,,,
YRK38412,30.7174627,-26.33938954,,,,,,,,,,,,,,,,,,,,
YRK38413,30.71263412,-26.33145986,,,,,,,,,,,,,,,,,,,,
YRK38414,30.71768661,-26.32888673,,,,,,,,,,,,,,,,,,,,
YRK38415,30.71510412,-26.32379281,,,,,,,,,,,,,,,,,,,,
YRK38417,30.72076445,-26.32260184,,,,,,,,,,,,,,,,,,,,
YRK38418,30.71506649,-26.31325523,,,,,,,,,,,,,,,,,,,,
YRK38419,30.72255714,-26.31603257,,,,,,,,,,,,,,,,,,,,
YRK38420,30.72507343,-26.31834325,,,,,,,,,,,,,,,,,,,,
YRK38421,30.72779872,-26.31728121,,,,,,,,,,,,,,,,,,,,
YRK38422,30.73049415,-26.3204124,,,,,,,,,,,,,,,,,,,,
YRK38423,30.64958851,-26.30189378,,,,,,,,,,,,,,,,,,,,
YRK38424,30.64344238,-26.29125913,,,,,,,,,,,,,,,,,,,,
YRK38426,30.65053362,-26.29796074,,,,,,,,,,,,,,,,,,,,
YRK38427,30.64807191,-26.29749297,,,,,,,,,,,,,,,,,,,,
YRK38428,30.64820054,-26.29151518,,,,,,,,,,,,,,,,,,,,
YRK38429,30.6494986,-26.28506533,,,,,,,,,,,,,,,,,,,,
YRK38430,30.65267204,-26.29836305,,,,,,,,,,,,,,,,,,,,
YRK38431,30.64295739,-26.28761596,,,,,,,,,,,,,,,,,,,,
YRK38432,30.64324699,-26.28559325,,,,,,,,,,,,,,,,,,,,
YRK38433,30.64720292,-26.28721009,,,,,,,,,,,,,,,,,,,,
YRK38434,30.64468369,-26.28432879,,,,,,,,,,,,,,,,,,,,
YRK38435,30.64255811,-26.28102135,,,,,,,,,,,,,,,,,,,,
YRK38436,30.63980418,-26.27914658,,,,,,,,,,,,,,,,,,,,
YRK38437,30.6418345,-26.28631282,,,,,,,,,,,,,,,,,,,,
YRK38438,30.63806691,-26.28705634,,,,,,,,,,,,,,,,,,,,
YRK38439,30.64040127,-26.28712639,,,,,,,,,,,,,,,,,,,,
YRK38440,30.63485138,-26.28011705,,,,,,,,,,,,,,,,,,,,
YRK38441,30.63464424,-26.28645252,,,,,,,,,,,,,,,,,,,,
YRK38442,30.63352428,-26.29168436,,,,,,,,,,,,,,,,,,,,
YRK38443,30.63301424,-26.29459439,,,,,,,,,,,,,,,,,,,,
YRK38444,30.63480897,-26.29866901,,,,,,,,,,,,,,,,,,,,
YRK38445,30.63884791,-26.29091363,,,,,,,,,,,,,,,,,,,,
YRK38446,30.63732045,-26.29439495,,,,,,,,,,,,,,,,,,,,
YRK38447,30.63880762,-26.29419336,,,,,,,,,,,,,,,,,,,,
YRK38448,30.64284636,-26.29473146,,,,,,,,,,,,,,,,,,,,
YRK38449,30.64481827,-26.29821102,,,,,,,,,,,,,,,,,,,,
YRK38450,30.64366161,-26.29889707,,,,,,,,,,,,,,,,,,,,
YRK38451,30.64073399,-26.29856111,,,,,,,,,,,,,,,,,,,,
YRK38452,30.63719242,-26.30101348,,,,,,,,,,,,,,,,,,,,
YRK38453,30.63686763,-26.30436439,,,,,,,,,,,,,,,,,,,,
YRK38454,30.63881974,-26.30770796,,,,,,,,,,,,,,,,,,,,
YRK38455,30.63772288,-26.30793109,,,,,,,,,,,,,,,,,,,,
YRK38456,30.63503821,-26.30711809,,,,,,,,,,,,,,,,,,,,
YRK38457,30.6328936,-26.30778877,,,,,,,,,,,,,,,,,,,,
YRK38458,30.63365627,-26.30663292,,,,,,,,,,,,,,,,,,,,
YRK38459,30.63443551,-26.30560719,,,,,,,,,,,,,,,,,,,,
YRK38460,30.63356565,-26.30340321,,,,,,,,,,,,,,,,,,,,
YRK38461,30.6375492,-26.30381952,,,,,,,,,,,,,,,,,,,,
YRK38462,30.63370189,-26.30883231,,,,,,,,,,,,,,,,,,,,
YRK38463,30.6399051,-26.30420889,,,,,,,,,,,,,,,,,,,,
YRK38464,30.64394368,-26.30161404,,,,,,,,,,,,,,,,,,,,
YRK38465,30.6415342,-26.30413019,,,,,,,,,,,,,,,,,,,,
YRK38466,30.64157912,-26.30728503,,,,,,,,,,,,,,,,,,,,
YRK38467,30.64508128,-26.30613785,,,,,,,,,,,,,,,,,,,,
YRK38468,30.64434843,-26.3038043,,,,,,,,,,,,,,,,,,,,
YRK38469,30.64833688,-26.30471991,,,,,,,,,,,,,,,,,,,,
YRK38470,30.65356384,-26.30434191,,,,,,,,,,,,,,,,,,,,
YRK38471,30.65802237,-26.30302969,,,,,,,,,,,,,,,,,,,,
YRK38473,30.6537718,-26.29973902,,,,,,,,,,,,,,,,,,,,
YRK38474,30.65896183,-26.29983001,,,,,,,,,,,,,,,,,,,,
YRK38483,30.65640062,-26.27235358,,,,,,,,,,,,,,,,,,,,
YRK38484,30.65992187,-26.27598113,,,,,,,,,,,,,,,,,,,,
YRK38485,30.65729192,-26.2764265,,,,,,,,,,,,,,,,,,,,
YRK38486,30.65464982,-26.27559972,,,,,,,,,,,,,,,,,,,,
YRK38488,30.63825069,-26.27212315,,,,,,,,,,,,,,,,,,,,
YRK38489,30.63819368,-26.27581307,,,,,,,,,,,,,,,,,,,,
YRK38490,30.63963906,-26.27599698,,,,,,,,,,,,,,,,,,,,
YRK38491,30.64293507,-26.27589962,,,,,,,,,,,,,,,,,,,,
YRK38492,30.6448141,-26.27695061,,,,,,,,,,,,,,,,,,,,
YRK38493,30.63513856,-26.27752967,,,,,,,,,,,,,,,,,,,,
YRK38494,30.64049517,-26.27803389,,,,,,,,,,,,,,,,,,,,
YRK38495,30.64529282,-26.27487675,,,,,,,,,,,,,,,,,,,,
YRK38496,30.65006649,-26.27920916,,,,,,,,,,,,,,,,,,,,
YRK38497,30.6340814,-26.31294544,,,,,,,,,,,,,,,,,,,,
YRK38498,30.64241189,-26.31063241,,,,,,,,,,,,,,,,,,,,
YRK38499,30.64561139,-26.31267032,,,,,,,,,,,,,,,,,,,,
YRK38500,30.6474762,-26.3125859,,,,,,,,,,,,,,,,,,,,
YRK38501,30.6468674,-26.31414982,,,,,,,,,,,,,,,,,,,,
YRK38503,30.63770826,-26.32020929,,,,,,,,,,,,,,,,,,,,
YRK38504,30.64800226,-26.31598842,,,,,,,,,,,,,,,,,,,,
YRK38505,30.64600752,-26.31878359,,,,,,,,,,,,,,,,,,,,
YRK38506,30.65205713,-26.31743858,,,,,,,,,,,,,,,,,,,,
YRK38507,30.64997526,-26.32141513,,,,,,,,,,,,,,,,,,,,
YRK38508,30.64445967,-26.32370483,,,,,,,,,,,,,,,,,,,,
YRK38510,30.64837067,-26.32460829,,,,,,,,,,,,,,,,,,,,
YRK38511,30.63913507,-26.32471402,,,,,,,,,,,,,,,,,,,,
YRK38512,30.63676928,-26.32652506,,,,,,,,,,,,,,,,,,,,
YRK38514,30.63424046,-26.32649081,,,,,,,,,,,,,,,,,,,,
YRK38515,30.64860936,-26.32727273,,,,,,,,,,,,,,,,,,,,
YRK38516,30.64876546,-26.33140153,,,,,,,,,,,,,,,,,,,,
YRK38517,30.6395171,-26.33230006,,,,,,,,,,,,,,,,,,,,
YRK38518,30.6369397,-26.33025349,,,,,,,,,,,,,,,,,,,,
YRK38519,30.63623725,-26.33304617,,,,,,,,,,,,,,,,,,,,
YRK38520,30.64146754,-26.33631837,,,,,,,,,,,,,,,,,,,,
YRK38521,30.64349985,-26.33635935,,,,,,,,,,,,,,,,,,,,
YRK38522,30.64509354,-26.33602391,,,,,,,,,,,,,,,,,,,,
YRK38525,30.64357624,-26.34314012,,,,,,,,,,,,,,,,,,,,
YRK38526,30.64823603,-26.34230236,,,,,,,,,,,,,,,,,,,,
YRK38527,30.64895621,-26.3425028,,,,,,,,,,,,,,,,,,,,
YRK38530,30.65578676,-26.33574986,,,,,,,,,,,,,,,,,,,,
YRK38531,30.65367549,-26.33416534,,,,,,,,,,,,,,,,,,,,
YRK38532,30.65329872,-26.33978637,,,,,,,,,,,,,,,,,,,,
YRK38534,30.64690211,-26.34495442,,,,,,,,,,,,,,,,,,,,
YRK38535,30.64939299,-26.34436773,,,,,,,,,,,,,,,,,,,,
YRK38536,30.65397009,-26.34305291,,,,,,,,,,,,,,,,,,,,
YRK38537,30.65450674,-26.28256705,,,,,,,,,,,,,,,,,,,,
YRK38539,30.65231642,-26.28810017,,,,,,,,,,,,,,,,,,,,
YRK38540,30.65363721,-26.28835145,,,,,,,,,,,,,,,,,,,,
YRK38541,30.65505836,-26.28911213,,,,,,,,,,,,,,,,,,,,
YRK38543,30.65780987,-26.2994089,,,,,,,,,,,,,,,,,,,,
YRK38544,30.65642132,-26.28545218,,,,,,,,,,,,,,,,,,,,
YRK38545,30.65952036,-26.28516661,,,,,,,,,,,,,,,,,,,,
YRK38546,30.65671596,-26.28958671,,,,,,,,,,,,,,,,,,,,
YRK38547,30.65706137,-26.29151687,,,,,,,,,,,,,,,,,,,,
YRK38548,30.65727612,-26.29311357,,,,,,,,,,,,,,,,,,,,
YRK38549,30.66008894,-26.28812945,,,,,,,,,,,,,,,,,,,,
YRK38551,30.66765982,-26.28524414,,,,,,,,,,,,,,,,,,,,
YRK38552,30.66227349,-26.28536421,,,,,,,,,,,,,,,,,,,,
YRK38553,30.66630576,-26.28801969,,,,,,,,,,,,,,,,,,,,
YRK38554,30.66342783,-26.28778499,,,,,,,,,,,,,,,,,,,,
YRK38555,30.66263414,-26.29076177,,,,,,,,,,,,,,,,,,,,
YRK38556,30.66588018,-26.29253368,,,,,,,,,,,,,,,,,,,,
YRK38557,30.66950955,-26.29195361,,,,,,,,,,,,,,,,,,,,
YRK38558,30.66959465,-26.2868624,,,,,,,,,,,,,,,,,,,,
YRK38559,30.66639811,-26.28656231,,,,,,,,,,,,,,,,,,,,
YRK38560,30.66732249,-26.28914401,,,,,,,,,,,,,,,,,,,,
YRK38561,30.67144038,-26.28959196,,,,,,,,,,,,,,,,,,,,
YRK38562,30.66284177,-26.29411066,,,,,,,,,,,,,,,,,,,,
YRK38563,30.66320587,-26.29600543,,,,,,,,,,,,,,,,,,,,
YRK38564,30.66089145,-26.29805671,,,,,,,,,,,,,,,,,,,,
YRK38565,30.66569665,-26.29813764,,,,,,,,,,,,,,,,,,,,
YRK38566,30.66159567,-26.29574016,,,,,,,,,,,,,,,,,,,,
YRK38567,30.65685899,-26.29859858,,,,,,,,,,,,,,,,,,,,
YRK38568,30.65826008,-26.29452355,,,,,,,,,,,,,,,,,,,,
YRK38569,30.65650294,-26.29402447,,,,,,,,,,,,,,,,,,,,
YRK38570,30.67244818,-26.29904855,,,,,,,,,,,,,,,,,,,,
YRK38571,30.66720725,-26.29946681,,,,,,,,,,,,,,,,,,,,
YRK38572,30.6656243,-26.29444779,,,,,,,,,,,,,,,,,,,,
YRK38573,30.666147,-26.29551098,,,,,,,,,,,,,,,,,,,,
YRK38574,30.671514,-26.29202717,,,,,,,,,,,,,,,,,,,,
YRK38575,30.67285913,-26.29434414,,,,,,,,,,,,,,,,,,,,
YRK38576,30.67138848,-26.28831004,,,,,,,,,,,,,,,,,,,,
YRK38577,30.67683853,-26.29749009,,,,,,,,,,,,,,,,,,,,
YRK38578,30.67891833,-26.2973644,,,,,,,,,,,,,,,,,,,,
YRK38579,30.6831294,-26.3026441,,,,,,,,,,,,,,,,,,,,
YRK38580,30.67749483,-26.30116257,,,,,,,,,,,,,,,,,,,,
YRK38581,30.67848752,-26.3040596,,,,,,,,,,,,,,,,,,,,
YRK38582,30.68413545,-26.30480009,,,,,,,,,,,,,,,,,,,,
YRK38583,30.66626398,-26.33106495,,,,,,,,,,,,,,,,,,,,
YRK38584,30.66432175,-26.33051802,,,,,,,,,,,,,,,,,,,,
YRK38585,30.66275557,-26.32868228,,,,,,,,,,,,,,,,,,,,
YRK38586,30.65911876,-26.33043594,,,,,,,,,,,,,,,,,,,,
YRK38587,30.65713297,-26.33084409,,,,,,,,,,,,,,,,,,,,
YRK38588,30.65821716,-26.32806326,,,,,,,,,,,,,,,,,,,,
YRK38589,30.64366534,-26.34628378,,,,,,,,,,,,,,,,,,,,
YRK38590,30.6424663,-26.35075686,,,,,,,,,,,,,,,,,,,,
YRK38591,30.645667,-26.34836495,,,,,,,,,,,,,,,,,,,,
YRK38592,30.64503738,-26.34987844,,,,,,,,,,,,,,,,,,,,
YRK38593,30.64693789,-26.35399946,,,,,,,,,,,,,,,,,,,,
YRK38594,30.64334035,-26.35762507,,,,,,,,,,,,,,,,,,,,
YRK38595,30.64746851,-26.35686572,,,,,,,,,,,,,,,,,,,,
YRK38596,30.64764102,-26.35823226,,,,,,,,,,,,,,,,,,,,
YRK38597,30.6509481,-26.35522418,,,,,,,,,,,,,,,,,,,,
YRK38598,30.64945205,-26.3600966,,,,,,,,,,,,,,,,,,,,
YRK38599,30.65404022,-26.35780494,,,,,,,,,,,,,,,,,,,,
YRK38600,30.6423911,-26.3581367,,,,,,,,,,,,,,,,,,,,
YRK38601,30.64329939,-26.36197666,,,,,,,,,,,,,,,,,,,,
YRK38602,30.64059371,-26.35053421,,,,,,,,,,,,,,,,,,,,
YRK38603,30.64057088,-26.34596907,,,,,,,,,,,,,,,,,,,,
YRK38604,30.65349342,-26.34694071,,,,,,,,,,,,,,,,,,,,
YRK38605,30.65952966,-26.34558764,,,,,,,,,,,,,,,,,,,,
YRK38606,30.66003431,-26.3543114,,,,,,,,,,,,,,,,,,,,
YRK38607,30.65950301,-26.36031357,,,,,,,,,,,,,,,,,,,,
YRK38608,30.64997141,-26.36221097,,,,,,,,,,,,,,,,,,,,
YRK38609,30.67536994,-26.33332723,,,,,,,,,,,,,,,,,,,,
YRK38610,30.6710547,-26.33426178,,,,,,,,,,,,,,,,,,,,
YRK38612,30.67548316,-26.33830193,,,,,,,,,,,,,,,,,,,,
YRK38613,30.67112924,-26.3385322,,,,,,,,,,,,,,,,,,,,
YRK38614,30.67668946,-26.33912819,,,,,,,,,,,,,,,,,,,,
YRK38615,30.67673057,-26.34211452,,,,,,,,,,,,,,,,,,,,
YRK38616,30.67852124,-26.34364079,,,,,,,,,,,,,,,,,,,,
YRK38617,30.68324846,-26.34250064,,,,,,,,,,,,,,,,,,,,
YRK38618,30.68548413,-26.33095916,,,,,,,,,,,,,,,,,,,,
YRK38619,30.67903414,-26.33262522,,,,,,,,,,,,,,,,,,,,
YRK38620,30.68221861,-26.32939817,,,,,,,,,,,,,,,,,,,,
YRK38621,30.68889432,-26.33406752,,,,,,,,,,,,,,,,,,,,
YRK38625,30.68791392,-26.33962405,,,,,,,,,,,,,,,,,,,,
YRK38626,30.69411785,-26.33778739,,,,,,,,,,,,,,,,,,,,
YRK38627,30.6914186,-26.33846227,,,,,,,,,,,,,,,,,,,,
YRK38629,30.68969501,-26.34089074,,,,,,,,,,,,,,,,,,,,
YRK38630,30.69705058,-26.33965916,,,,,,,,,,,,,,,,,,,,
YRK38631,30.69713208,-26.33658675,,,,,,,,,,,,,,,,,,,,
YRK38632,30.69211371,-26.33311024,,,,,,,,,,,,,,,,,,,,
YRK38633,30.69933053,-26.33517449,,,,,,,,,,,,,,,,,,,,
YRK38634,30.69035166,-26.32690334,,,,,,,,,,,,,,,,,,,,
YRK38637,30.68891219,-26.32986775,,,,,,,,,,,,,,,,,,,,
YRK38639,30.69494941,-26.32461194,,,,,,,,,,,,,,,,,,,,
YRK38640,30.66850466,-26.34572137,,,,,,,,,,,,,,,,,,,,
YRK38641,30.67204914,-26.34574838,,,,,,,,,,,,,,,,,,,,
YRK38642,30.66856041,-26.34172318,,,,,,,,,,,,,,,,,,,,
YRK38643,30.66355525,-26.33906307,,,,,,,,,,,,,,,,,,,,
YRK38644,30.66681252,-26.33540181,,,,,,,,,,,,,,,,,,,,
YRK38645,30.66374764,-26.3421008,,,,,,,,,,,,,,,,,,,,
YRK38646,30.66457687,-26.34565271,,,,,,,,,,,,,,,,,,,,
YRK38647,30.66228192,-26.34746675,,,,,,,,,,,,,,,,,,,,
YRK38648,30.6607963,-26.34553813,,,,,,,,,,,,,,,,,,,,
YRK38649,30.65862017,-26.33823811,,,,,,,,,,,,,,,,,,,,
YRK38650,30.65804114,-26.33609008,,,,,,,,,,,,,,,,,,,,
YRK38651,30.67998105,-26.3110486,,,,,,,,,,,,,,,,,,,,
YRK38652,30.68057093,-26.30644687,,,,,,,,,,,,,,,,,,,,
YRK38653,30.68573254,-26.30746271,,,,,,,,,,,,,,,,,,,,
YRK38655,30.68428896,-26.31315988,,,,,,,,,,,,,,,,,,,,
YRK38656,30.6868639,-26.30892004,,,,,,,,,,,,,,,,,,,,
YRK38657,30.68865646,-26.31133615,,,,,,,,,,,,,,,,,,,,
YRK38658,30.68707324,-26.31518054,,,,,,,,,,,,,,,,,,,,
YRK38659,30.69152137,-26.32130965,,,,,,,,,,,,,,,,,,,,
YRK38660,30.68943431,-26.32057634,,,,,,,,,,,,,,,,,,,,
YRK38661,30.68264896,-26.31679125,,,,,,,,,,,,,,,,,,,,
YRK38662,30.68008595,-26.31538414,,,,,,,,,,,,,,,,,,,,
YRK38663,30.67662919,-26.31801791,,,,,,,,,,,,,,,,,,,,
YRK38664,30.67994545,-26.31842624,,,,,,,,,,,,,,,,,,,,
YRK38665,30.68115662,-26.32125758,,,,,,,,,,,,,,,,,,,,
YRK38666,30.68558358,-26.32611263,,,,,,,,,,,,,,,,,,,,
YRK38667,30.6724705,-26.32381809,,,,,,,,,,,,,,,,,,,,
YRK38668,30.67825778,-26.32103294,,,,,,,,,,,,,,,,,,,,
YRK38670,30.67427791,-26.32484278,,,,,,,,,,,,,,,,,,,,
YRK38671,30.67278952,-26.32872539,,,,,,,,,,,,,,,,,,,,
YRK38673,30.68069935,-26.32267759,,,,,,,,,,,,,,,,,,,,
YRK38674,30.68100143,-26.30846317,,,,,,,,,,,,,,,,,,,,
YRK38675,30.67198458,-26.3092784,,,,,,,,,,,,,,,,,,,,
YRK38676,30.67757522,-26.30894819,,,,,,,,,,,,,,,,,,,,
YRK38677,30.67573483,-26.31044922,,,,,,,,,,,,,,,,,,,,
YRK38678,30.67693227,-26.31377847,,,,,,,,,,,,,,,,,,,,
YRK38679,30.67238147,-26.31211931,,,,,,,,,,,,,,,,,,,,
YRK38680,30.66983469,-26.31344843,,,,,,,,,,,,,,,,,,,,
YRK38681,30.67118314,-26.31589984,,,,,,,,,,,,,,,,,,,,
YRK38682,30.67313684,-26.31682534,,,,,,,,,,,,,,,,,,,,
YRK38683,30.67023276,-26.31081138,,,,,,,,,,,,,,,,,,,,
YRK38684,30.66560026,-26.30826331,,,,,,,,,,,,,,,,,,,,
YRK38685,30.66441868,-26.31081088,,,,,,,,,,,,,,,,,,,,
YRK38686,30.66978284,-26.30838585,,,,,,,,,,,,,,,,,,,,
YRK38687,30.65599607,-26.3113628,,,,,,,,,,,,,,,,,,,,
YRK38688,30.65542156,-26.31024024,,,,,,,,,,,,,,,,,,,,
YRK38689,30.65500104,-26.31203957,,,,,,,,,,,,,,,,,,,,
YRK38690,30.6578605,-26.31295137,,,,,,,,,,,,,,,,,,,,
YRK38692,30.65737403,-26.32122173,,,,,,,,,,,,,,,,,,,,
YRK38693,30.65163052,-26.31372565,,,,,,,,,,,,,,,,,,,,
YRK38694,30.65794062,-26.31793194,,,,,,,,,,,,,,,,,,,,
YRK38695,30.66381781,-26.31454097,,,,,,,,,,,,,,,,,,,,
YRK38696,30.66486587,-26.31952958,,,,,,,,,,,,,,,,,,,,
YRK38697,30.66223143,-26.32484575,,,,,,,,,,,,,,,,,,,,
YRK38698,30.66516279,-26.32783998,,,,,,,,,,,,,,,,,,,,
YRK38699,30.65519696,-26.32627637,,,,,,,,,,,,,,,,,,,,
YRK38700,30.65040718,-26.30948091,,,,,,,,,,,,,,,,,,,,
YRK38701,30.65282152,-26.30880457,,,,,,,,,,,,,,,,,,,,
YRK38702,30.66008364,-26.30488871,,,,,,,,,,,,,,,,,,,,
YRK38703,30.66783988,-26.30337598,,,,,,,,,,,,,,,,,,,,
YRK38704,30.65979923,-26.30742483,,,,,,,,,,,,,,,,,,,,
YRK38705,30.66899044,-26.3052724,,,,,,,,,,,,,,,,,,,,
YRK38706,30.67058062,-26.30739969,,,,,,,,,,,,,,,,,,,,
YRK38707,30.67422916,-26.3062272,,,,,,,,,,,,,,,,,,,,
YRK38708,30.66955084,-26.3598413,,,,,,,,,,,,,,,,,,,,
YRK38709,30.67394225,-26.35917477,,,,,,,,,,,,,,,,,,,,
YRK38710,30.67494243,-26.35569184,,,,,,,,,,,,,,,,,,,,
YRK38711,30.66879797,-26.36130114,,,,,,,,,,,,,,,,,,,,
YRK38712,30.66971311,-26.36085614,,,,,,,,,,,,,,,,,,,,
YRK38713,30.6777742,-26.35437929,,,,,,,,,,,,,,,,,,,,
YRK38714,30.68067808,-26.35462334,,,,,,,,,,,,,,,,,,,,
YRK38716,30.68148393,-26.35977308,,,,,,,,,,,,,,,,,,,,
YRK38717,30.68354833,-26.35749392,,,,,,,,,,,,,,,,,,,,
YRK38718,30.6860083,-26.35007451,,,,,,,,,,,,,,,,,,,,
YRK38719,30.68411041,-26.34957158,,,,,,,,,,,,,,,,,,,,
YRK38720,30.68258496,-26.35061163,,,,,,,,,,,,,,,,,,,,
YRK38721,30.68778771,-26.35994429,,,,,,,,,,,,,,,,,,,,
YRK38722,30.68611769,-26.35241143,,,,,,,,,,,,,,,,,,,,
YRK38726,30.70828467,-26.33197447,,,,,,,,,,,,,,,,,,,,
YRK38727,30.7107999,-26.32669456,,,,,,,,,,,,,,,,,,,,
YRK38728,30.70318099,-26.3318569,,,,,,,,,,,,,,,,,,,,
YRK38729,30.70273106,-26.32636574,,,,,,,,,,,,,,,,,,,,
YRK38730,30.71100754,-26.32287961,,,,,,,,,,,,,,,,,,,,
YRK38731,30.70635479,-26.32277553,,,,,,,,,,,,,,,,,,,,
YRK38733,30.69884713,-26.32166973,,,,,,,,,,,,,,,,,,,,
YRK38734,30.70714934,-26.32007229,,,,,,,,,,,,,,,,,,,,
YRK38735,30.71217495,-26.31921265,,,,,,,,,,,,,,,,,,,,
YRK38736,30.71528508,-26.31676242,,,,,,,,,,,,,,,,,,,,
YRK38737,30.71256224,-26.31782448,,,,,,,,,,,,,,,,,,,,
YRK38738,30.71327107,-26.31885806,,,,,,,,,,,,,,,,,,,,
YRK38739,30.71203861,-26.31369078,,,,,,,,,,,,,,,,,,,,
YRK38740,30.70885965,-26.3124106,,,,,,,,,,,,,,,,,,,,
YRK38744,30.70607446,-26.31358861,,,,,,,,,,,,,,,,,,,,
YRK38745,30.70449124,-26.31383518,,,,,,,,,,,,,,,,,,,,
YRK38746,30.69819871,-26.31493703,,,,,,,,,,,,,,,,,,,,
YRK38747,30.6944791,-26.31651807,,,,,,,,,,,,,,,,,,,,
YRK38748,30.69457096,-26.31242657,,,,,,,,,,,,,,,,,,,,
YRK38749,30.70024778,-26.31297292,,,,,,,,,,,,,,,,,,,,
YRK38750,30.69748836,-26.30929071,,,,,,,,,,,,,,,,,,,,
YRK38751,30.70521905,-26.30925972,,,,,,,,,,,,,,,,,,,,
YRK38752,30.69050012,-26.30779745,,,,,,,,,,,,,,,,,,,,
YRK38755,30.70346725,-26.3093848,,,,,,,,,,,,,,,,,,,,
YRK38756,30.71885024,-26.3295257,,,,,,,,,,,,,,,,,,,,
YRK38758,30.72591349,-26.32487342,,,,,,,,,,,,,,,,,,,,
YRK38759,30.72864783,-26.32759975,,,,,,,,,,,,,,,,,,,,
YRK38762,30.74464286,-26.33112309,,,,,,,,,,,,,,,,,,,,
YRK38763,30.74048474,-26.33464627,,,,,,,,,,,,,,,,,,,,
YRK38764,30.73683251,-26.32983274,,,,,,,,,,,,,,,,,,,,
YRK38766,30.74295945,-26.35091532,,,,,,,,,,,,,,,,,,,,
YRK38768,30.74391621,-26.34538757,,,,,,,,,,,,,,,,,,,,
YRK38769,30.73667054,-26.34250285,,,,,,,,,,,,,,,,,,,,
YRK38770,30.73277621,-26.33604905,,,,,,,,,,,,,,,,,,,,
YRK38771,30.72234047,-26.34249296,,,,,,,,,,,,,,,,,,,,
YRK38772,30.63764833,-26.30533693,,,,,,,,,,,,,,,,,,,,
YRK38773,30.72040014,-26.33548885,,,,,,,,,,,,,,,,,,,,
YRK38774,30.72349015,-26.35476309,,,,,,,,,,,,,,,,,,,,
YRK38775,30.72783079,-26.35008659,,,,,,,,,,,,,,,,,,,,
YRK38776,30.72948768,-26.35026629,,,,,,,,,,,,,,,,,,,,
YRK38778,30.72838682,-26.35539881,,,,,,,,,,,,,,,,,,,,
YRK38779,30.73045485,-26.35551768,,,,,,,,,,,,,,,,,,,,
YRK38780,30.73346819,-26.34745352,,,,,,,,,,,,,,,,,,,,
YRK38781,30.73238272,-26.35139513,,,,,,,,,,,,,,,,,,,,
YRK38782,30.73142671,-26.35481104,,,,,,,,,,,,,,,,,,,,
YRK38783,30.71878054,-26.36023061,,,,,,,,,,,,,,,,,,,,
YRK38784,30.72136502,-26.36661449,,,,,,,,,,,,,,,,,,,,
YRK38785,30.71639359,-26.37025994,,,,,,,,,,,,,,,,,,,,
YRK38786,30.71338745,-26.37087025,,,,,,,,,,,,,,,,,,,,
YRK38788,30.71401333,-26.37569306,,,,,,,,,,,,,,,,,,,,
YRK38789,30.71755737,-26.3739658,,,,,,,,,,,,,,,,,,,,
YRK38790,30.75053905,-26.38159126,,,,,,,,,,,,,,,,,,,,
YRK38791,30.72216662,-26.37635541,,,,,,,,,,,,,,,,,,,,
YRK38792,30.72809689,-26.38092121,,,,,,,,,,,,,,,,,,,,
YRK38793,30.74590053,-26.38944285,,,,,,,,,,,,,,,,,,,,
YRK38794,30.71023879,-26.33937404,,,,,,,,,,,,,,,,,,,,
YRK38795,30.74782704,-26.38991261,,,,,,,,,,,,,,,,,,,,
YRK38796,30.74764125,-26.38566235,,,,,,,,,,,,,,,,,,,,
YRK38797,30.74800578,-26.38138409,,,,,,,,,,,,,,,,,,,,
YRK38798,30.75590512,-26.39312225,,,,,,,,,,,,,,,,,,,,
YRK38799,30.72770594,-26.38920133,,,,,,,,,,,,,,,,,,,,
YRK38800,30.72824806,-26.38864395,,,,,,,,,,,,,,,,,,,,
YRK38801,30.75458205,-26.39883878,,,,,,,,,,,,,,,,,,,,
YRK38802,30.75155389,-26.39816609,,,,,,,,,,,,,,,,,,,,
YRK38803,30.75669115,-26.39905808,,,,,,,,,,,,,,,,,,,,
YRK38804,30.75387515,-26.39768861,,,,,,,,,,,,,,,,,,,,
YRK38805,30.75480905,-26.40151477,,,,,,,,,,,,,,,,,,,,
YRK38806,30.74799074,-26.39370286,,,,,,,,,,,,,,,,,,,,
YRK38807,30.74413657,-26.39171647,,,,,,,,,,,,,,,,,,,,
YRK38808,30.74248479,-26.39178395,,,,,,,,,,,,,,,,,,,,
YRK38809,30.74154474,-26.39017978,,,,,,,,,,,,,,,,,,,,
YRK38810,30.74258757,-26.38880454,,,,,,,,,,,,,,,,,,,,
YRK38811,30.74648964,-26.39516038,,,,,,,,,,,,,,,,,,,,
YRK38812,30.72607959,-26.38035315,,,,,,,,,,,,,,,,,,,,
YRK38813,30.72210466,-26.37962954,,,,,,,,,,,,,,,,,,,,
YRK38814,30.722869,-26.37577708,,,,,,,,,,,,,,,,,,,,
YRK38815,30.73707581,-26.38121902,,,,,,,,,,,,,,,,,,,,
YRK38816,30.73484094,-26.38572483,,,,,,,,,,,,,,,,,,,,
YRK38817,30.71773313,-26.3894693,,,,,,,,,,,,,,,,,,,,
YRK38818,30.71841427,-26.38651894,,,,,,,,,,,,,,,,,,,,
YRK38819,30.71833375,-26.38791396,,,,,,,,,,,,,,,,,,,,
YRK38822,30.71573379,-26.40259002,,,,,,,,,,,,,,,,,,,,
YRK38823,30.71889144,-26.40765053,,,,,,,,,,,,,,,,,,,,
YRK38824,30.72292059,-26.40871221,,,,,,,,,,,,,,,,,,,,
YRK38825,30.72364004,-26.40846147,,,,,,,,,,,,,,,,,,,,
YRK38826,30.72419644,-26.40452739,,,,,,,,,,,,,,,,,,,,
YRK38827,30.73245319,-26.39105325,,,,,,,,,,,,,,,,,,,,
YRK38828,30.73590823,-26.39481034,,,,,,,,,,,,,,,,,,,,
YRK38829,30.73058534,-26.38790971,,,,,,,,,,,,,,,,,,,,
YRK38830,30.74232623,-26.38260195,,,,,,,,,,,,,,,,,,,,
YRK38831,30.73846983,-26.37991446,,,,,,,,,,,,,,,,,,,,
YRK38833,30.74533856,-26.38022694,,,,,,,,,,,,,,,,,,,,
YRK38834,30.75086835,-26.39000261,,,,,,,,,,,,,,,,,,,,
YRK38835,30.7520035,-26.3905962,,,,,,,,,,,,,,,,,,,,
YRK38837,30.75995645,-26.40225303,,,,,,,,,,,,,,,,,,,,
YRK38838,30.76053291,-26.39903303,,,,,,,,,,,,,,,,,,,,
YRK38839,30.75863182,-26.4000145,,,,,,,,,,,,,,,,,,,,
YRK38840,30.7594355,-26.40546977,,,,,,,,,,,,,,,,,,,,
YRK38841,30.64431204,-26.3362912,,,,,,,,,,,,,,,,,,,,
YRK38842,30.71873704,-26.3405934,,,,,,,,,,,,,,,,,,,,
YRK38843,30.75723318,-26.40712865,,,,,,,,,,,,,,,,,,,,
YRK38844,30.75823317,-26.40097311,,,,,,,,,,,,,,,,,,,,
YRK38845,30.75912681,-26.39769166,,,,,,,,,,,,,,,,,,,,
YRK38846,30.7566311,-26.39776289,,,,,,,,,,,,,,,,,,,,
YRK38847,30.75740752,-26.39890324,,,,,,,,,,,,,,,,,,,,
YRK38848,30.75799713,-26.39518914,,,,,,,,,,,,,,,,,,,,
YRK38849,30.75684306,-26.39656325,,,,,,,,,,,,,,,,,,,,
YRK38850,30.74830511,-26.39669313,,,,,,,,,,,,,,,,,,,,
YRK38851,30.74625741,-26.40171217,,,,,,,,,,,,,,,,,,,,
YRK38852,30.73977987,-26.4106095,,,,,,,,,,,,,,,,,,,,
YRK38853,30.74284099,-26.41079178,,,,,,,,,,,,,,,,,,,,
YRK38854,30.75258332,-26.33144965,,,,,,,,,,,,,,,,,,,,
YRK38855,30.75519163,-26.40737596,,,,,,,,,,,,,,,,,,,,
YRK38856,30.75635278,-26.40319788,,,,,,,,,,,,,,,,,,,,
YRK38857,30.73851303,-26.39780109,,,,,,,,,,,,,,,,,,,,
YRK38858,30.74282367,-26.39789023,,,,,,,,,,,,,,,,,,,,
YRK38859,30.74525397,-26.39440619,,,,,,,,,,,,,,,,,,,,
YRK38860,30.73811732,-26.4009316,,,,,,,,,,,,,,,,,,,,
YRK38861,30.74200438,-26.3943242,,,,,,,,,,,,,,,,,,,,
YRK38862,30.75271763,-26.33266088,,,,,,,,,,,,,,,,,,,,
YRK38863,30.73900772,-26.39442,,,,,,,,,,,,,,,,,,,,
YRK38864,30.74021824,-26.40120581,,,,,,,,,,,,,,,,,,,,
YRK38865,30.75278691,-26.40403817,,,,,,,,,,,,,,,,,,,,
YRK38866,30.75376293,-26.33259103,,,,,,,,,,,,,,,,,,,,
YRK38867,30.73030175,-26.33579932,,,,,,,,,,,,,,,,,,,,
YRK38868,30.74818116,-26.41210492,,,,,,,,,,,,,,,,,,,,
YRK38869,30.71711122,-26.33434793,,,,,,,,,,,,,,,,,,,,
YRK38870,30.70639236,-26.34136146,,,,,,,,,,,,,,,,,,,,
YRK38871,30.71001587,-26.34520788,,,,,,,,,,,,,,,,,,,,
YRK38873,30.71804694,-26.34916783,,,,,,,,,,,,,,,,,,,,
YRK38874,30.71622983,-26.35372161,,,,,,,,,,,,,,,,,,,,
YRK38875,30.72069127,-26.34860626,,,,,,,,,,,,,,,,,,,,
YRK38876,30.72846184,-26.34926022,,,,,,,,,,,,,,,,,,,,
YRK38877,30.73667248,-26.35598878,,,,,,,,,,,,,,,,,,,,
YRK38878,30.73628496,-26.35304012,,,,,,,,,,,,,,,,,,,,
YRK38879,30.71874222,-26.35868749,,,,,,,,,,,,,,,,,,,,
YRK38880,30.71495842,-26.36128143,,,,,,,,,,,,,,,,,,,,
YRK38882,30.71467336,-26.37036311,,,,,,,,,,,,,,,,,,,,
YRK38883,30.72480666,-26.3725344,,,,,,,,,,,,,,,,,,,,
YRK38884,30.72977965,-26.37668599,,,,,,,,,,,,,,,,,,,,
YRK38885,30.74153942,-26.3729846,,,,,,,,,,,,,,,,,,,,
YRK38886,30.73446926,-26.37232639,,,,,,,,,,,,,,,,,,,,
YRK38887,30.7405514,-26.3705793,,,,,,,,,,,,,,,,,,,,
YRK38888,30.73895116,-26.38285961,,,,,,,,,,,,,,,,,,,,
YRK38889,30.73630658,-26.38784998,,,,,,,,,,,,,,,,,,,,
YRK38890,30.72826009,-26.38487315,,,,,,,,,,,,,,,,,,,,
YRK38891,30.72618096,-26.38290015,,,,,,,,,,,,,,,,,,,,
YRK38892,30.72019969,-26.38786998,,,,,,,,,,,,,,,,,,,,
YRK38893,30.72303639,-26.38452711,,,,,,,,,,,,,,,,,,,,
YRK38894,30.71826656,-26.37769073,,,,,,,,,,,,,,,,,,,,
YRK38895,30.71958561,-26.36896372,,,,,,,,,,,,,,,,,,,,
YRK38896,30.71195742,-26.37637888,,,,,,,,,,,,,,,,,,,,
YRK38898,30.72284691,-26.39253967,,,,,,,,,,,,,,,,,,,,
YRK38899,30.72600891,-26.38987974,,,,,,,,,,,,,,,,,,,,
YRK38901,30.74945516,-26.39195712,,,,,,,,,,,,,,,,,,,,
YRK38902,30.75719042,-26.39172263,,,,,,,,,,,,,,,,,,,,
YRK38903,30.7589525,-26.3963739,,,,,,,,,,,,,,,,,,,,
YRK38904,30.74854506,-26.39853868,,,,,,,,,,,,,,,,,,,,
YRK38905,30.74080571,-26.39908351,,,,,,,,,,,,,,,,,,,,
YRK38906,30.73913536,-26.4040936,,,,,,,,,,,,,,,,,,,,
YRK38907,30.74695471,-26.40692689,,,,,,,,,,,,,,,,,,,,
YRK38908,30.75955886,-26.40047704,,,,,,,,,,,,,,,,,,,,
YRK38909,30.76165117,-26.40678534,,,,,,,,,,,,,,,,,,,,
YRK38910,30.75678883,-26.40570831,,,,,,,,,,,,,,,,,,,,
YRK38911,30.75236758,-26.41061375,,,,,,,,,,,,,,,,,,,,
YRK38912,30.64710312,-26.30010468,,,,,,,,,,,,,,,,,,,,
YRK38915,30.73334751,-26.41170361,,,,,,,,,,,,,,,,,,,,
YRK38916,30.74432493,-26.4134811,,,,,,,,,,,,,,,,,,,,
YRK38917,30.65636974,-26.28226319,,,,,,,,,,,,,,,,,,,,
YRK38919,30.64568167,-26.30156172,,,,,,,,,,,,,,,,,,,,
YRK38920,30.63904424,-26.29913537,,,,,,,,,,,,,,,,,,,,
YRK38921,30.6401602,-26.29833894,,,,,,,,,,,,,,,,,,,,
YRK38922,30.64244478,-26.29859009,,,,,,,,,,,,,,,,,,,,
YRK38924,30.66809564,-26.29850864,,,,,,,,,,,,,,,,,,,,
YRK38925,30.66401312,-26.29750736,,,,,,,,,,,,,,,,,,,,
YRK38926,30.67752645,-26.321515,,,,,,,,,,,,,,,,,,,,
YRK38927,30.68334467,-26.32691259,,,,,,,,,,,,,,,,,,,,
YRK38928,30.68933499,-26.33720537,,,,,,,,,,,,,,,,,,,,
YRK38929,30.71189323,-26.31140549,,,,,,,,,,,,,,,,,,,,
YRK38930,30.71371394,-26.31701949,,,,,,,,,,,,,,,,,,,,
YRK38931,30.68028392,-26.33909047,,,,,,,,,,,,,,,,,,,,
YRK38932,30.68496936,-26.33707734,,,,,,,,,,,,,,,,,,,,
YRK38933,30.71603754,-26.31999326,,,,,,,,,,,,,,,,,,,,
YRK38934,30.72711821,-26.33083736,,,,,,,,,,,,,,,,,,,,
YRK38935,30.73203559,-26.33056114,,,,,,,,,,,,,,,,,,,,
YRK38936,30.74738735,-26.34326565,,,,,,,,,,,,,,,,,,,,
YRK38939,30.74842166,-26.37605534,,,,,,,,,,,,,,,,,,,,
YRK38940,30.72372464,-26.41112935,,,,,,,,,,,,,,,,,,,,
YRK38941,30.75212809,-26.38515191,,,,,,,,,,,,,,,,,,,,
YRK38942,30.72927987,-26.40632952,,,,,,,,,,,,,,,,,,,,
YRK38944,30.73714746,-26.40739127,,,,,,,,,,,,,,,,,,,,
YRK38945,30.65881589,-26.2955424,,,,,,,,,,,,,,,,,,,,
YRK38946,30.73129013,-26.36170194,,,,,,,,,,,,,,,,,,,,
YRK38947,30.69088219,-26.30944251,,,,,,,,,,,,,,,,,,,,
YRK38949,30.64268316,-26.34202283,,,,,,,,,,,,,,,,,,,,
YRK38950,30.6404152,-26.34454556,,,,,,,,,,,,,,,,,,,,
YRK38951,30.67868724,-26.31759407,,,,,,,,,,,,,,,,,,,,
YRK38952,30.68930897,-26.31242082,,,,,,,,,,,,,,,,,,,,
YRK38953,30.68713866,-26.31210811,,,,,,,,,,,,,,,,,,,,
YRK38954,30.64385851,-26.33161002,,,,,,,,,,,,,,,,,,,,
YRK38957,30.6633972,-26.33190557,,,,,,,,,,,,,,,,,,,,
YRK38958,30.68335556,-26.35012704,,,,,,,,,,,,,,,,,,,,
YRK38959,30.6540977,-26.33096582,,,,,,,,,,,,,,,,,,,,
YRK38960,30.65277536,-26.33112061,,,,,,,,,,,,,,,,,,,,
YRK38961,30.69195466,-26.33225398,,,,,,,,,,,,,,,,,,,,
YRK38963,30.7082665,-26.31469843,,,,,,,,,,,,,,,,,,,,
YRK38965,30.72184035,-26.38869384,,,,,,,,,,,,,,,,,,,,
YRK38966,30.74119972,-26.4122682,,,,,,,,,,,,,,,,,,,,
YRK38967,30.74433419,-26.38185137,,,,,,,,,,,,,,,,,,,,
YRK38968,30.75021485,-26.40863941,,,,,,,,,,,,,,,,,,,,
YRK38969,30.6614471,-26.29409157,,,,,,,,,,,,,,,,,,,,
YRK38970,30.66729769,-26.29382614,,,,,,,,,,,,,,,,,,,,
YRK38971,30.6662327,-26.29453143,,,,,,,,,,,,,,,,,,,,
YRK38972,30.67159563,-26.2956335,,,,,,,,,,,,,,,,,,,,
YRK38973,30.67306835,-26.28998421,,,,,,,,,,,,,,,,,,,,
YRK38974,30.65689265,-26.29858179,,,,,,,,,,,,,,,,,,,,
YRK38975,30.65596585,-26.29948289,,,,,,,,,,,,,,,,,,,,
YRK38976,30.65365467,-26.29639839,,,,,,,,,,,,,,,,,,,,
YRK38977,30.65491781,-26.29071406,,,,,,,,,,,,,,,,,,,,
YRK38978,30.64897378,-26.29434881,,,,,,,,,,,,,,,,,,,,
YRK38980,30.64169905,-26.33751019,,,,,,,,,,,,,,,,,,,,
YRK38981,30.64255313,-26.33617535,,,,,,,,,,,,,,,,,,,,
YRK38982,30.71517218,-26.32248796,,,,,,,,,,,,,,,,,,,,
YRK38984,30.71597898,-26.32387383,,,,,,,,,,,,,,,,,,,,
YRK38985,30.7193709,-26.33094764,,,,,,,,,,,,,,,,,,,,
YRK38986,30.76040237,-26.40949803,,,,,,,,,,,,,,,,,,,,
YRK38987,30.72323083,-26.36406275,,,,,,,,,,,,,,,,,,,,
YRK38988,30.64668098,-26.29143132,,,,,,,,,,,,,,,,,,,,
YRK38989,30.63881836,-26.26964001,,,,,,,,,,,,,,,,,,,,
YRK38990,30.63572081,-26.27395133,,,,,,,,,,,,,,,,,,,,
YRK38991,30.64106385,-26.27448152,,,,,,,,,,,,,,,,,,,,
YRK38994,30.72208435,-26.36511879,,,,,,,,,,,,,,,,,,,,
YRK38995,30.63243671,-26.31722641,,,,,,,,,,,,,,,,,,,,
YRK38996,30.63483225,-26.28223886,,,,,,,,,,,,,,,,,,,,
YRK38997,30.635851,-26.27684065,,,,,,,,,,,,,,,,,,,,
YRK38998,30.63793072,-26.29055721,,,,,,,,,,,,,,,,,,,,
YRK38999,30.63884419,-26.29302258,,,,,,,,,,,,,,,,,,,,
YRK39000,30.64060245,-26.29051857,,,,,,,,,,,,,,,,,,,,
YRK39001,30.65048812,-26.28065887,,,,,,,,,,,,,,,,,,,,
YRK39002,30.72764708,-26.31584272,,,,,,,,,,,,,,,,,,,,
YRK39003,30.64974323,-26.2694537,,,,,,,,,,,,,,,,,,,,
YRK39004,30.71811673,-26.31735058,,,,,,,,,,,,,,,,,,,,
YRK39005,30.67300289,-26.32953894,,,,,,,,,,,,,,,,,,,,
YRK39006,30.64975407,-26.27608466,,,,,,,,,,,,,,,,,,,,
YRK39007,30.64670455,-26.28157101,,,,,,,,,,,,,,,,,,,,
YRK39008,30.6415688,-26.2768419,,,,,,,,,,,,,,,,,,,,
YRK39009,30.76706655,-26.41295012,,,,,,,,,,,,,,,,,,,,
YRK39010,30.63631299,-26.29896102,,,,,,,,,,,,,,,,,,,,
YRK39011,30.63593617,-26.28650589,,,,,,,,,,,,,,,,,,,,
YRK39012,30.6413706,-26.28868537,,,,,,,,,,,,,,,,,,,,
YRK39013,30.66825425,-26.29001095,,,,,,,,,,,,,,,,,,,,
YRK39014,30.65739428,-26.27508175,,,,,,,,,,,,,,,,,,,,
YRK39015,30.65360018,-26.27943979,,,,,,,,,,,,,,,,,,,,
YRK39016,30.66022728,-26.28468611,,,,,,,,,,,,,,,,,,,,
YRK39017,30.66465886,-26.28473599,,,,,,,,,,,,,,,,,,,,
YRK39019,30.64256869,-26.30309755,,,,,,,,,,,,,,,,,,,,
YRK39020,30.65422282,-26.29357061,,,,,,,,,,,,,,,,,,,,
YRK39022,30.7285553,-26.36636755,,,,,,,,,,,,,,,,,,,,
YRK39023,30.70941496,-26.33439294,,,,,,,,,,,,,,,,,,,,
YRK39026,30.65047342,-26.30446034,,,,,,,,,,,,,,,,,,,,
YRK39027,30.66185825,-26.31598213,,,,,,,,,,,,,,,,,,,,
YRK39029,30.65548059,-26.31248402,,,,,,,,,,,,,,,,,,,,
YRK39030,30.65811707,-26.31338683,,,,,,,,,,,,,,,,,,,,
YRK39031,30.66419604,-26.30317114,,,,,,,,,,,,,,,,,,,,
YRK39032,30.64112995,-26.32513141,,,,,,,,,,,,,,,,,,,,
YRK39033,30.68714575,-26.31701985,,,,,,,,,,,,,,,,,,,,
YRK39034,30.64122863,-26.33364629,,,,,,,,,,,,,,,,,,,,
YRK39035,30.64016765,-26.33071958,,,,,,,,,,,,,,,,,,,,
YRK39036,30.64376176,-26.34979387,,,,,,,,,,,,,,,,,,,,
YRK39037,30.65794408,-26.33804144,,,,,,,,,,,,,,,,,,,,
YRK39038,30.66043291,-26.34656714,,,,,,,,,,,,,,,,,,,,
YRK39039,30.64775077,-26.29673543,,,,,,,,,,,,,,,,,,,,
YRK39040,30.64065418,-26.29481648,,,,,,,,,,,,,,,,,,,,
YRK39041,30.63364531,-26.29095477,,,,,,,,,,,,,,,,,,,,
YRK39042,30.63581606,-26.30530712,,,,,,,,,,,,,,,,,,,,
YRK39043,30.63751355,-26.2733686,,,,,,,,,,,,,,,,,,,,
YRK39044,30.66153305,-26.29236724,,,,,,,,,,,,,,,,,,,,
YRK39045,30.63933854,-26.28072968,,,,,,,,,,,,,,,,,,,,
YRK39046,30.672158,-26.30144261,,,,,,,,,,,,,,,,,,,,
YRK39048,30.68037401,-26.30157086,,,,,,,,,,,,,,,,,,,,
YRK39049,30.67500382,-26.29383734,,,,,,,,,,,,,,,,,,,,
YRK39050,30.67868907,-26.30720318,,,,,,,,,,,,,,,,,,,,
YRK39054,30.6391746,-26.31572066,,,,,,,,,,,,,,,,,,,,
YRK39055,30.63716292,-26.34039861,,,,,,,,,,,,,,,,,,,,
YRK39056,30.64497857,-26.32194299,,,,,,,,,,,,,,,,,,,,
YRK39057,30.64863305,-26.31846469,,,,,,,,,,,,,,,,,,,,
YRK39058,30.67379842,-26.35810124,,,,,,,,,,,,,,,,,,,,
YRK39059,30.67187054,-26.34457585,,,,,,,,,,,,,,,,,,,,
YRK39060,30.66106721,-26.34159442,,,,,,,,,,,,,,,,,,,,
YRK39061,30.66163375,-26.33795333,,,,,,,,,,,,,,,,,,,,
YRK39062,30.66410227,-26.3349196,,,,,,,,,,,,,,,,,,,,
YRK39063,30.67554932,-26.34469789,,,,,,,,,,,,,,,,,,,,
YRK39064,30.68010853,-26.3431191,,,,,,,,,,,,,,,,,,,,
YRK39065,30.6807336,-26.34189148,,,,,,,,,,,,,,,,,,,,
YRK39067,30.76447422,-26.40696677,,,,,,,,,,,,,,,,,,,,
YRK39068,30.68036607,-26.3336935,,,,,,,,,,,,,,,,,,,,
YRK39069,30.67772078,-26.33579581,,,,,,,,,,,,,,,,,,,,
YRK39070,30.68768625,-26.34105665,,,,,,,,,,,,,,,,,,,,
YRK39071,30.68335496,-26.33129642,,,,,,,,,,,,,,,,,,,,
YRK39072,30.68238328,-26.33689157,,,,,,,,,,,,,,,,,,,,
YRK39074,30.69700548,-26.31014809,,,,,,,,,,,,,,,,,,,,
YRK39076,30.69710187,-26.31423864,,,,,,,,,,,,,,,,,,,,
YRK39077,30.65367576,-26.31895551,,,,,,,,,,,,,,,,,,,,
YRK39078,30.64883802,-26.31142822,,,,,,,,,,,,,,,,,,,,
YRK39079,30.65300939,-26.31281319,,,,,,,,,,,,,,,,,,,,
YRK39080,30.66224261,-26.31292795,,,,,,,,,,,,,,,,,,,,
YRK39081,30.66571581,-26.31303214,,,,,,,,,,,,,,,,,,,,
YRK39083,30.66490075,-26.30446822,,,,,,,,,,,,,,,,,,,,
YRK39084,30.66997478,-26.30714875,,,,,,,,,,,,,,,,,,,,
YRK39085,30.66775991,-26.31815269,,,,,,,,,,,,,,,,,,,,
YRK39086,30.66985452,-26.32014779,,,,,,,,,,,,,,,,,,,,
YRK39087,30.67435508,-26.31803956,,,,,,,,,,,,,,,,,,,,
YRK39088,30.68240895,-26.31385133,,,,,,,,,,,,,,,,,,,,
YRK39089,30.68405249,-26.31830337,,,,,,,,,,,,,,,,,,,,
YRK39090,30.68477104,-26.32444645,,,,,,,,,,,,,,,,,,,,
YRK39091,30.68242401,-26.32287353,,,,,,,,,,,,,,,,,,,,
YRK39092,30.68401424,-26.32127434,,,,,,,,,,,,,,,,,,,,
YRK39093,30.68682066,-26.32336564,,,,,,,,,,,,,,,,,,,,
YRK39094,30.68175379,-26.32727564,,,,,,,,,,,,,,,,,,,,
YRK39095,30.66798292,-26.32611848,,,,,,,,,,,,,,,,,,,,
YRK39098,30.73598558,-26.32026892,,,,,,,,,,,,,,,,,,,,
YRK39099,30.71889736,-26.32093112,,,,,,,,,,,,,,,,,,,,
YRK39100,30.72243667,-26.32391555,,,,,,,,,,,,,,,,,,,,
YRK39101,30.74303576,-26.37999332,,,,,,,,,,,,,,,,,,,,
YRK39102,30.71185075,-26.34120362,,,,,,,,,,,,,,,,,,,,
YRK39103,30.71870078,-26.33238864,,,,,,,,,,,,,,,,,,,,
YRK39104,30.71447301,-26.33547541,,,,,,,,,,,,,,,,,,,,
YRK39105,30.72272409,-26.33280145,,,,,,,,,,,,,,,,,,,,
YRK39106,30.72407029,-26.33044313,,,,,,,,,,,,,,,,,,,,
YRK39107,30.71800712,-26.32461591,,,,,,,,,,,,,,,,,,,,
YRK39108,30.72104973,-26.32555698,,,,,,,,,,,,,,,,,,,,
YRK39109,30.72778116,-26.33059319,,,,,,,,,,,,,,,,,,,,
YRK39110,30.71879643,-26.32449334,,,,,,,,,,,,,,,,,,,,
YRK39111,30.73011647,-26.32913608,,,,,,,,,,,,,,,,,,,,
YRK39112,30.73550537,-26.33405943,,,,,,,,,,,,,,,,,,,,
YRK39114,30.74448907,-26.32744222,,,,,,,,,,,,,,,,,,,,
YRK39115,30.67227141,-26.33747927,,,,,,,,,,,,,,,,,,,,
YRK39116,30.66115433,-26.33380922,,,,,,,,,,,,,,,,,,,,
YRK39117,30.65884806,-26.33408865,,,,,,,,,,,,,,,,,,,,
YRK39118,30.64039198,-26.32962454,,,,,,,,,,,,,,,,,,,,
YRK39119,30.65966728,-26.34722792,,,,,,,,,,,,,,,,,,,,
YRK39120,30.64862455,-26.33823217,,,,,,,,,,,,,,,,,,,,
YRK39121,30.64081264,-26.34031237,,,,,,,,,,,,,,,,,,,,
YRK39125,30.64512012,-26.28547604,,,,,,,,,,,,,,,,,,,,
YRK39126,30.6638969,-26.36227376,,,,,,,,,,,,,,,,,,,,
YRK39128,30.66324345,-26.35571627,,,,,,,,,,,,,,,,,,,,
YRK39131,30.68623349,-26.35115116,,,,,,,,,,,,,,,,,,,,
YRK39132,30.67536349,-26.35847056,,,,,,,,,,,,,,,,,,,,
YRK39133,30.67823445,-26.35272684,,,,,,,,,,,,,,,,,,,,
YRK39134,30.74468351,-26.33980101,,,,,,,,,,,,,,,,,,,,
YRK39135,30.74499635,-26.3387204,,,,,,,,,,,,,,,,,,,,
YRK39136,30.74558698,-26.33705568,,,,,,,,,,,,,,,,,,,,
YRK39137,30.74841865,-26.33904377,,,,,,,,,,,,,,,,,,,,
YRK39138,30.71437328,-26.33897749,,,,,,,,,,,,,,,,,,,,
YRK39139,30.71661867,-26.33825369,,,,,,,,,,,,,,,,,,,,
YRK39140,30.71406795,-26.3440793,,,,,,,,,,,,,,,,,,,,
YRK39141,30.72012634,-26.33790336,,,,,,,,,,,,,,,,,,,,
YRK39142,30.72430525,-26.33888212,,,,,,,,,,,,,,,,,,,,
YRK39143,30.72252422,-26.34943907,,,,,,,,,,,,,,,,,,,,
YRK39145,30.72133753,-26.34504712,,,,,,,,,,,,,,,,,,,,
YRK39146,30.71326138,-26.34733677,,,,,,,,,,,,,,,,,,,,
YRK39147,30.7157165,-26.34595295,,,,,,,,,,,,,,,,,,,,
YRK39148,30.71252822,-26.35019429,,,,,,,,,,,,,,,,,,,,
YRK39149,30.72971633,-26.33816541,,,,,,,,,,,,,,,,,,,,
YRK39150,30.71012916,-26.35097991,,,,,,,,,,,,,,,,,,,,
YRK39151,30.70781974,-26.34898804,,,,,,,,,,,,,,,,,,,,
YRK39152,30.72566369,-26.34076388,,,,,,,,,,,,,,,,,,,,
YRK39153,30.66509296,-26.34812337,,,,,,,,,,,,,,,,,,,,
YRK39155,30.68782603,-26.3427507,,,,,,,,,,,,,,,,,,,,
YRK39156,30.69502366,-26.33360386,,,,,,,,,,,,,,,,,,,,
YRK39157,30.69872769,-26.33198309,,,,,,,,,,,,,,,,,,,,
YRK39158,30.64318925,-26.28675508,,,,,,,,,,,,,,,,,,,,
YRK39159,30.70865247,-26.32930768,,,,,,,,,,,,,,,,,,,,
YRK39160,30.70721688,-26.33012325,,,,,,,,,,,,,,,,,,,,
YRK39161,30.70104032,-26.32131967,,,,,,,,,,,,,,,,,,,,
YRK39162,30.66150441,-26.28704165,,,,,,,,,,,,,,,,,,,,
YRK39163,30.69433728,-26.32632795,,,,,,,,,,,,,,,,,,,,
YRK39164,30.68712566,-26.32903015,,,,,,,,,,,,,,,,,,,,
YRK39165,30.68918723,-26.32486724,,,,,,,,,,,,,,,,,,,,
YRK39166,30.68966774,-26.30983279,,,,,,,,,,,,,,,,,,,,
YRK39169,30.63900187,-26.30020362,,,,,,,,,,,,,,,,,,,,
YRK39170,30.70841154,-26.32245608,,,,,,,,,,,,,,,,,,,,
YRK39172,30.7283988,-26.33920231,,,,,,,,,,,,,,,,,,,,
YRK39173,30.72393352,-26.3530769,,,,,,,,,,,,,,,,,,,,
YRK39174,30.72304519,-26.3508685,,,,,,,,,,,,,,,,,,,,
YRK39175,30.72470162,-26.35185282,,,,,,,,,,,,,,,,,,,,
YRK39176,30.72532,-26.35007852,,,,,,,,,,,,,,,,,,,,
YRK39177,30.72480462,-26.34752095,,,,,,,,,,,,,,,,,,,,
YRK39178,30.72465433,-26.34510875,,,,,,,,,,,,,,,,,,,,
YRK39179,30.72308222,-26.34512754,,,,,,,,,,,,,,,,,,,,
YRK39180,30.74378711,-26.3484907,,,,,,,,,,,,,,,,,,,,
YRK39181,30.73726866,-26.35237699,,,,,,,,,,,,,,,,,,,,
YRK39182,30.74073638,-26.35027147,,,,,,,,,,,,,,,,,,,,
YRK39183,30.73808746,-26.3477447,,,,,,,,,,,,,,,,,,,,
YRK39184,30.73804473,-26.35061048,,,,,,,,,,,,,,,,,,,,
YRK39185,30.73623016,-26.34889491,,,,,,,,,,,,,,,,,,,,
YRK39186,30.73776204,-26.34926832,,,,,,,,,,,,,,,,,,,,
YRK39187,30.7289512,-26.33547438,,,,,,,,,,,,,,,,,,,,
YRK39188,30.71140896,-26.35580838,,,,,,,,,,,,,,,,,,,,
YRK39190,30.72249871,-26.3542261,,,,,,,,,,,,,,,,,,,,
YRK39191,30.73025994,-26.33723341,,,,,,,,,,,,,,,,,,,,
YRK39192,30.75096021,-26.40656899,,,,,,,,,,,,,,,,,,,,
YRK39193,30.74709163,-26.33469099,,,,,,,,,,,,,,,,,,,,
YRK39194,30.74180254,-26.35061874,,,,,,,,,,,,,,,,,,,,
YRK39195,30.73360787,-26.35616475,,,,,,,,,,,,,,,,,,,,
YRK39198,30.65429962,-26.27126877,,,,,,,,,,,,,,,,,,,,
YRK39200,30.64099291,-26.27936794,,,,,,,,,,,,,,,,,,,,
YRK39201,30.65247637,-26.2825703,,,,,,,,,,,,,,,,,,,,
YRK39202,30.66733445,-26.28480366,,,,,,,,,,,,,,,,,,,,
YRK39203,30.64836812,-26.29102646,,,,,,,,,,,,,,,,,,,,
YRK39204,30.67106032,-26.29783892,,,,,,,,,,,,,,,,,,,,
YRK39205,30.63373063,-26.30063766,,,,,,,,,,,,,,,,,,,,
YRK39206,30.63618577,-26.30129838,,,,,,,,,,,,,,,,,,,,
YRK39207,30.63589135,-26.30850081,,,,,,,,,,,,,,,,,,,,
YRK39208,30.6371781,-26.33054096,,,,,,,,,,,,,,,,,,,,
YRK39209,30.65130278,-26.34576713,,,,,,,,,,,,,,,,,,,,
YRK39211,30.68422848,-26.31173804,,,,,,,,,,,,,,,,,,,,
YRK39212,30.68507835,-26.31402675,,,,,,,,,,,,,,,,,,,,
YRK39213,30.69167915,-26.32311536,,,,,,,,,,,,,,,,,,,,
YRK39214,30.69231222,-26.32783595,,,,,,,,,,,,,,,,,,,,
YRK39215,30.6957469,-26.33033322,,,,,,,,,,,,,,,,,,,,
YRK39216,30.70046204,-26.32297307,,,,,,,,,,,,,,,,,,,,
YRK39217,30.70879898,-26.33101039,,,,,,,,,,,,,,,,,,,,
YRK39218,30.64335284,-26.35746666,,,,,,,,,,,,,,,,,,,,
YRK39219,30.76943456,-25.17911045,,,,,,,,,,,,,,,,,,,,
YRK39220,30.7671097,-25.16196543,,,,,,,,,,,,,,,,,,,,
YRK39225,30.85044754,-24.67523757,,,,,,,,,,,,,,,,,,,,
YRK39226,30.85226318,-24.6741874,,,,,,,,,,,,,,,,,,,,
YRK39227,30.85461873,-24.67423056,,,,,,,,,,,,,,,,,,,,
YRK39228,30.85371771,-24.67806024,,,,,,,,,,,,,,,,,,,,
YRK39229,30.85137271,-24.67784128,,,,,,,,,,,,,,,,,,,,
YRK39230,30.85528602,-24.67957628,,,,,,,,,,,,,,,,,,,,
YRK39231,30.85693939,-24.68072813,,,,,,,,,,,,,,,,,,,,
YRK39232,30.85764101,-24.68227368,,,,,,,,,,,,,,,,,,,,
YRK39233,30.85742531,-24.68438432,,,,,,,,,,,,,,,,,,,,
YRK39234,30.85892282,-24.68505331,,,,,,,,,,,,,,,,,,,,
YRK39235,30.85889233,-24.68708241,,,,,,,,,,,,,,,,,,,,
YRK39236,30.85955841,-24.6894919,,,,,,,,,,,,,,,,,,,,
YRK39237,30.85972757,-24.69058255,,,,,,,,,,,,,,,,,,,,
YRK39238,30.86061709,-24.68410602,,,,,,,,,,,,,,,,,,,,
YRK39239,30.85006024,-24.66901663,,,,,,,,,,,,,,,,,,,,
YRK39240,30.84956431,-24.67229358,,,,,,,,,,,,,,,,,,,,
YRK39241,30.85161484,-24.67151969,,,,,,,,,,,,,,,,,,,,
YRK39242,30.83023719,-24.68025472,,,,,,,,,,,,,,,,,,,,
YRK39243,30.8306307,-24.67758713,,,,,,,,,,,,,,,,,,,,
YRK39244,30.83677091,-24.6804109,,,,,,,,,,,,,,,,,,,,
YRK39245,30.83875646,-24.67643325,,,,,,,,,,,,,,,,,,,,
YRK39246,30.83536584,-24.67676808,,,,,,,,,,,,,,,,,,,,
YRK39247,30.83350629,-24.68251639,,,,,,,,,,,,,,,,,,,,
YRK39248,30.8414238,-24.67650648,,,,,,,,,,,,,,,,,,,,
YRK39249,30.8439899,-24.67402953,,,,,,,,,,,,,,,,,,,,
YRK39250,30.84660195,-24.67291639,,,,,,,,,,,,,,,,,,,,
YRK39251,30.84231295,-24.67924752,,,,,,,,,,,,,,,,,,,,
YRK39252,30.84416086,-24.68157437,,,,,,,,,,,,,,,,,,,,
YRK39253,30.84584927,-24.68405288,,,,,,,,,,,,,,,,,,,,
YRK39254,30.83880583,-24.68447024,,,,,,,,,,,,,,,,,,,,
YRK39255,30.84373023,-24.66964134,,,,,,,,,,,,,,,,,,,,
YRK39256,30.84750268,-24.67074148,,,,,,,,,,,,,,,,,,,,
YRK39257,30.84444248,-24.68612941,,,,,,,,,,,,,,,,,,,,
YRK39258,30.8201671,-24.70678995,,,,,,,,,,,,,,,,,,,,
YRK39259,30.85779134,-24.69334596,,,,,,,,,,,,,,,,,,,,
YRK39260,30.85478243,-24.69707204,,,,,,,,,,,,,,,,,,,,
YRK39261,30.82454614,-24.70362079,,,,,,,,,,,,,,,,,,,,
YRK39262,30.8527915,-24.68259885,,,,,,,,,,,,,,,,,,,,
YRK39263,30.85172212,-24.68328069,,,,,,,,,,,,,,,,,,,,
YRK39264,30.8509783,-24.68461399,,,,,,,,,,,,,,,,,,,,
YRK39265,30.84853476,-24.68452599,,,,,,,,,,,,,,,,,,,,
YRK39266,30.84836028,-24.68916688,,,,,,,,,,,,,,,,,,,,
YRK39267,30.85206836,-24.68897744,,,,,,,,,,,,,,,,,,,,
YRK39269,30.85715293,-24.68929654,,,,,,,,,,,,,,,,,,,,
YRK39270,30.85587983,-24.68789437,,,,,,,,,,,,,,,,,,,,
YRK39271,30.85247451,-24.69666772,,,,,,,,,,,,,,,,,,,,
YRK39272,30.85330309,-24.69803421,,,,,,,,,,,,,,,,,,,,
YRK39274,30.84990757,-24.69364339,,,,,,,,,,,,,,,,,,,,
YRK39275,30.84032751,-24.67205429,,,,,,,,,,,,,,,,,,,,
YRK39276,30.85498448,-24.68983589,,,,,,,,,,,,,,,,,,,,
YRK39277,30.84545813,-24.69493317,,,,,,,,,,,,,,,,,,,,
YRK39278,30.8415503,-24.69321588,,,,,,,,,,,,,,,,,,,,
YRK39279,30.84154709,-24.69649127,,,,,,,,,,,,,,,,,,,,
YRK39280,30.84880438,-24.69958151,,,,,,,,,,,,,,,,,,,,
YRK39281,30.84800423,-24.69738039,,,,,,,,,,,,,,,,,,,,
YRK39282,30.85141388,-24.70154717,,,,,,,,,,,,,,,,,,,,
YRK39283,30.84570316,-24.70284247,,,,,,,,,,,,,,,,,,,,
YRK39284,30.84834325,-24.70270021,,,,,,,,,,,,,,,,,,,,
YRK39285,30.84929455,-24.70381153,,,,,,,,,,,,,,,,,,,,
YRK39286,30.84646932,-24.70610095,,,,,,,,,,,,,,,,,,,,
YRK39287,30.85061405,-24.70478162,,,,,,,,,,,,,,,,,,,,
YRK39288,30.8419173,-24.69986473,,,,,,,,,,,,,,,,,,,,
YRK39289,30.83772191,-24.70069063,,,,,,,,,,,,,,,,,,,,
YRK39290,30.84228007,-24.70356908,,,,,,,,,,,,,,,,,,,,
YRK39291,30.83779795,-24.70677542,,,,,,,,,,,,,,,,,,,,
YRK39292,30.84046633,-24.70801873,,,,,,,,,,,,,,,,,,,,
YRK39293,30.85563066,-24.69441617,,,,,,,,,,,,,,,,,,,,
YRK39294,30.8343908,-24.69173783,,,,,,,,,,,,,,,,,,,,
YRK39295,30.83308323,-24.6947457,,,,,,,,,,,,,,,,,,,,
YRK39296,30.83335148,-24.6973074,,,,,,,,,,,,,,,,,,,,
YRK39297,30.83402807,-24.7019022,,,,,,,,,,,,,,,,,,,,
YRK39299,30.82947619,-24.70506651,,,,,,,,,,,,,,,,,,,,
YRK39300,30.824008,-24.70583072,,,,,,,,,,,,,,,,,,,,
YRK39301,30.82754434,-24.69870344,,,,,,,,,,,,,,,,,,,,
YRK39304,30.82625271,-24.69212288,,,,,,,,,,,,,,,,,,,,
YRK39305,30.82770624,-24.69135352,,,,,,,,,,,,,,,,,,,,
YRK39307,30.82391473,-24.68017069,,,,,,,,,,,,,,,,,,,,
YRK39308,30.82638667,-24.67971947,,,,,,,,,,,,,,,,,,,,
YRK39309,30.82831273,-24.67911247,,,,,,,,,,,,,,,,,,,,
YRK39310,30.8294253,-24.67452356,,,,,,,,,,,,,,,,,,,,
YRK39311,30.83240952,-24.67556066,,,,,,,,,,,,,,,,,,,,
YRK39312,30.83575096,-24.67440809,,,,,,,,,,,,,,,,,,,,
YRK39313,30.83235009,-24.7072968,,,,,,,,,,,,,,,,,,,,
YRK39315,30.82905415,-24.70579194,,,,,,,,,,,,,,,,,,,,
YRK39316,30.8318149,-24.7061358,,,,,,,,,,,,,,,,,,,,
YRK39318,30.82936694,-24.70838706,,,,,,,,,,,,,,,,,,,,
YRK39319,30.82900455,-24.70912287,,,,,,,,,,,,,,,,,,,,
YRK39320,30.83523749,-24.70959135,,,,,,,,,,,,,,,,,,,,
YRK39321,30.83308949,-24.672879,,,,,,,,,,,,,,,,,,,,
YRK39322,30.84595685,-24.71012623,,,,,,,,,,,,,,,,,,,,
YRK39323,30.85062783,-24.75364813,,,,,,,,,,,,,,,,,,,,
YRK39324,30.84456588,-24.74482676,,,,,,,,,,,,,,,,,,,,
YRK39325,30.84217163,-24.74210945,,,,,,,,,,,,,,,,,,,,
YRK39326,30.84194792,-24.74421239,,,,,,,,,,,,,,,,,,,,
YRK39327,30.83914412,-24.73771478,,,,,,,,,,,,,,,,,,,,
YRK39328,30.84157428,-24.73624417,,,,,,,,,,,,,,,,,,,,
YRK39329,30.85254827,-24.75035412,,,,,,,,,,,,,,,,,,,,
YRK39331,30.85162429,-24.7453224,,,,,,,,,,,,,,,,,,,,
YRK39332,30.84810186,-24.74552411,,,,,,,,,,,,,,,,,,,,
YRK39333,30.8494441,-24.7336574,,,,,,,,,,,,,,,,,,,,
YRK39334,30.84724146,-24.73994463,,,,,,,,,,,,,,,,,,,,
YRK39337,30.84632194,-24.73570238,,,,,,,,,,,,,,,,,,,,
YRK39339,30.8475803,-24.73168619,,,,,,,,,,,,,,,,,,,,
YRK39340,30.84367279,-24.73327767,,,,,,,,,,,,,,,,,,,,
YRK39342,30.83624708,-24.72826942,,,,,,,,,,,,,,,,,,,,
YRK39343,30.83868836,-24.7303564,,,,,,,,,,,,,,,,,,,,
YRK39344,30.83950995,-24.73100141,,,,,,,,,,,,,,,,,,,,
YRK39345,30.83925947,-24.74008374,,,,,,,,,,,,,,,,,,,,
YRK39346,30.83899549,-24.73158717,,,,,,,,,,,,,,,,,,,,
YRK39347,30.83428399,-24.73154117,,,,,,,,,,,,,,,,,,,,
YRK39348,30.8339174,-24.72786435,,,,,,,,,,,,,,,,,,,,
YRK39349,30.83052106,-24.72897075,,,,,,,,,,,,,,,,,,,,
YRK39350,30.8316128,-24.72880982,,,,,,,,,,,,,,,,,,,,
YRK39351,30.82851347,-24.72308739,,,,,,,,,,,,,,,,,,,,
YRK39352,30.82370975,-24.72211016,,,,,,,,,,,,,,,,,,,,
YRK39353,30.82434025,-24.7201819,,,,,,,,,,,,,,,,,,,,
YRK39354,30.82480524,-24.71847846,,,,,,,,,,,,,,,,,,,,
YRK39355,30.82032528,-24.71515454,,,,,,,,,,,,,,,,,,,,
YRK39357,30.81952243,-24.71709739,,,,,,,,,,,,,,,,,,,,
YRK39358,30.85820957,-24.74284297,,,,,,,,,,,,,,,,,,,,
YRK39359,30.85775454,-24.74609404,,,,,,,,,,,,,,,,,,,,
YRK39360,30.85630257,-24.74556669,,,,,,,,,,,,,,,,,,,,
YRK39361,30.86046623,-24.74831853,,,,,,,,,,,,,,,,,,,,
YRK39362,30.8433815,-24.7293122,,,,,,,,,,,,,,,,,,,,
YRK39363,30.84040535,-24.7260536,,,,,,,,,,,,,,,,,,,,
YRK39364,30.84418769,-24.72568667,,,,,,,,,,,,,,,,,,,,
YRK39365,30.8500665,-24.75449618,,,,,,,,,,,,,,,,,,,,
YRK39366,30.85029476,-24.75175491,,,,,,,,,,,,,,,,,,,,
YRK39367,30.84543493,-24.74352964,,,,,,,,,,,,,,,,,,,,
YRK39369,30.83774688,-24.73984161,,,,,,,,,,,,,,,,,,,,
YRK39371,30.84089843,-24.72924881,,,,,,,,,,,,,,,,,,,,
YRK39372,30.84854813,-24.66938932,,,,,,,,,,,,,,,,,,,,
YRK39373,30.85376872,-24.67142187,,,,,,,,,,,,,,,,,,,,
YRK39403,30.48699115,-26.19760135,,,,,,,,,,,,,,,,,,,,
YRK39407,30.81799216,-25.21327435,,,,,,,,,,,,,,,,,,,,
YRK39408,30.45767345,-26.08697862,,,,,,,,,,,,,,,,,,,,
YRK40373,30.68416741,-25.2521293,,,,,,,,,,,,,,,,,,,,
YRK40374,30.68853122,-25.25153086,,,,,,,,,,,,,,,,,,,,
YRK40411,30.70914313,-26.29846419,,,,,,,,,,,,,,,,,,,,
YRK40412,30.7132203,-26.29784888,,,,,,,,,,,,,,,,,,,,
YRK40670,30.73640159,-25.02671214,,,,,,,,,,,,,,,,,,,,
YRK40682,30.46832058,-26.15861707,,,,,,,,,,,,,,,,,,,,
YRK40683,30.46324943,-26.16111953,,,,,,,,,,,,,,,,,,,,
YRK40684,30.47689756,-26.16894459,,,,,,,,,,,,,,,,,,,,
YRK40685,30.47847216,-26.18791971,,,,,,,,,,,,,,,,,,,,
YRK40686,30.48077681,-26.15324206,,,,,,,,,,,,,,,,,,,,
YRK40687,30.48653166,-26.15008229,,,,,,,,,,,,,,,,,,,,
YRK40688,30.48382702,-26.15442386,,,,,,,,,,,,,,,,,,,,
YRK40689,30.48446318,-26.15175552,,,,,,,,,,,,,,,,,,,,
YRK40690,30.50327665,-26.14302201,,,,,,,,,,,,,,,,,,,,
YRK40691,30.4998348,-26.16368475,,,,,,,,,,,,,,,,,,,,
YRK40692,30.50470485,-26.16247446,,,,,,,,,,,,,,,,,,,,
YRK40693,30.50268054,-26.16152963,,,,,,,,,,,,,,,,,,,,
YRK40694,30.50588185,-26.1681692,,,,,,,,,,,,,,,,,,,,
YRK40695,30.46880438,-26.24494108,,,,,,,,,,,,,,,,,,,,
YRK40696,30.48678359,-26.23937638,,,,,,,,,,,,,,,,,,,,
YRK40697,30.48414577,-26.24391845,,,,,,,,,,,,,,,,,,,,
YRK40698,30.48325168,-26.24789498,,,,,,,,,,,,,,,,,,,,
YRK40699,30.47768457,-26.25787689,,,,,,,,,,,,,,,,,,,,
YRK40700,30.46312123,-26.26853462,,,,,,,,,,,,,,,,,,,,
YRK40701,30.47540147,-26.23847539,,,,,,,,,,,,,,,,,,,,
YRK40702,30.49104213,-26.20219556,,,,,,,,,,,,,,,,,,,,
YRK40703,30.49624354,-26.19409585,,,,,,,,,,,,,,,,,,,,
YRK40704,30.5027527,-26.18316581,,,,,,,,,,,,,,,,,,,,
YRK40705,30.50463471,-26.25081656,,,,,,,,,,,,,,,,,,,,
YRK40706,30.51027293,-26.24210528,,,,,,,,,,,,,,,,,,,,
YRK40939,30.87506369,-24.79659584,,,,,,,,,,,,,,,,,,,,
YRK40940,30.87160969,-24.78936129,,,,,,,,,,,,,,,,,,,,
YRK40942,30.43219506,-26.13065651,,,,,,,,,,,,,,,,,,,,
YRK40944,30.87407142,-24.79179868,,,,,,,,,,,,,,,,,,,,
YRK41006,30.87041489,-24.79077829,,,,,,,,,,,,,,,,,,,,
YRK41007,30.86962994,-24.79250979,,,,,,,,,,,,,,,,,,,,
YRK41069,30.41565111,-26.1168415,,,,,,,,,,,,,,,,,,,,
YRK41071,30.40709631,-26.12044824,,,,,,,,,,,,,,,,,,,,
YRK41073,30.41522707,-26.12262283,,,,,,,,,,,,,,,,,,,,
YRK41074,30.42192851,-26.10600511,,,,,,,,,,,,,,,,,,,,
YRK41076,30.41754047,-26.16042215,,,,,,,,,,,,,,,,,,,,
YRK41077,30.46975985,-26.12861907,,,,,,,,,,,,,,,,,,,,
YRK41078,30.4681884,-26.12747541,,,,,,,,,,,,,,,,,,,,
YRK41079,30.45467787,-26.13196383,,,,,,,,,,,,,,,,,,,,
YRK41081,30.4626648,-26.11390847,,,,,,,,,,,,,,,,,,,,
YRK41082,30.46523801,-26.10432075,,,,,,,,,,,,,,,,,,,,
YRK41207,30.82528249,-24.90819374,,,,,,,,,,,,,,,,,,,,
YRK41208,30.82964646,-24.90831445,,,,,,,,,,,,,,,,,,,,
YRK41209,30.82910605,-24.91093853,,,,,,,,,,,,,,,,,,,,
YRK41210,30.8331855,-24.90981927,,,,,,,,,,,,,,,,,,,,
YRK41213,30.83250985,-24.9108731,,,,,,,,,,,,,,,,,,,,
YRK41287,30.82705682,-24.90904472,,,,,,,,,,,,,,,,,,,,
YRK41325,30.72615671,-26.13762882,,,,,,,,,,,,,,,,,,,,
YRK41415,30.68131787,-26.33333158,,,,,,,,,,,,,,,,,,,,
YRK41416,30.6689785,-26.29549362,,,,,,,,,,,,,,,,,,,,
YRK41418,30.73038179,-26.34719856,,,,,,,,,,,,,,,,,,,,
YRK41419,30.73680953,-26.37274738,,,,,,,,,,,,,,,,,,,,
YRK41420,30.74168148,-26.39082868,,,,,,,,,,,,,,,,,,,,
YRK41452,30.7227432,-26.41187149,,,,,,,,,,,,,,,,,,,,
YRK42152,30.78907475,-25.20201288,,,,,,,,,,,,,,,,,,,,
YRK42428,30.7567227,-25.13502211,,,,,,,,,,,,,,,,,,,,
YRK42497,30.79290092,-24.88448154,,,,,,,,,,,,,,,,,,,,
YRK42498,30.81514039,-24.88206514,,,,,,,,,,,,,,,,,,,,
YRK42499,30.8116542,-24.88621214,,,,,,,,,,,,,,,,,,,,
YRK42598,30.86039561,-24.80062596,,,,,,,,,,,,,,,,,,,,
YRK44273,30.61497957,-25.23334447,,,,,,,,,,,,,,,,,,,,
YRK44274,30.77694414,-24.88827923,,,,,,,,,,,,,,,,,,,,
YRK44275,30.73895017,-25.02535794,,,,,,,,,,,,,,,,,,,,
YRK44611,30.71432769,-26.30782836,,,,,,,,,,,,,,,,,,,,
YRK45251,30.7706247,-25.19405569,,,,,,,,,,,,,,,,,,,,
YRK45252,30.77317198,-25.19275178,,,,,,,,,,,,,,,,,,,,
YRK45253,30.77061274,-25.18563097,,,,,,,,,,,,,,,,,,,,
YRK45256,30.77093913,-25.19012727,,,,,,,,,,,,,,,,,,,,
YRK45257,30.68540877,-25.29192689,,,,,,,,,,,,,,,,,,,,
YRK45259,30.4489363,-26.12481137,,,,,,,,,,,,,,,,,,,,
YRK45261,30.50267034,-26.23245668,,,,,,,,,,,,,,,,,,,,
YRK45262,30.50177656,-26.23071453,,,,,,,,,,,,,,,,,,,,
YRK45263,30.50268672,-26.21435949,,,,,,,,,,,,,,,,,,,,
YRK45265,30.50736707,-26.22888116,,,,,,,,,,,,,,,,,,,,
YRK45267,30.50821353,-26.25249706,,,,,,,,,,,,,,,,,,,,
YRK45268,30.4220118,-26.19203764,,,,,,,,,,,,,,,,,,,,
YRK45269,30.47398587,-26.23233102,,,,,,,,,,,,,,,,,,,,
YRK45270,30.77944944,-24.95972126,,,,,,,,,,,,,,,,,,,,
YRK45271,30.77793264,-25.20337739,,,,,,,,,,,,,,,,,,,,
YRK45272,30.79924035,-25.24783401,,,,,,,,,,,,,,,,,,,,
YRK45273,30.79882501,-25.2591607,,,,,,,,,,,,,,,,,,,,
YRK45274,30.76717754,-26.41252305,,,,,,,,,,,,,,,,,,,,
YRK45275,30.76778042,-26.41229902,,,,,,,,,,,,,,,,,,,,
YRK45276,30.63456729,-26.29647991,,,,,,,,,,,,,,,,,,,,
YRK45277,30.63317208,-26.29274354,,,,,,,,,,,,,,,,,,,,
YRK45278,30.65717125,-26.30646879,,,,,,,,,,,,,,,,,,,,
YRK45282,30.41457108,-26.19064091,,,,,,,,,,,,,,,,,,,,
YRK45283,30.3952623,-26.1780454,,,,,,,,,,,,,,,,,,,,
YRK45285,30.42228614,-26.19429216,,,,,,,,,,,,,,,,,,,,
YRK45286,30.41703961,-26.19143329,,,,,,,,,,,,,,,,,,,,
YRK45287,30.44649696,-26.10644337,,,,,,,,,,,,,,,,,,,,
YRK45288,30.47411759,-26.12168626,,,,,,,,,,,,,,,,,,,,
YRK45289,30.42969318,-26.13195539,,,,,,,,,,,,,,,,,,,,
YRK45290,30.64292343,-26.26621028,,,,,,,,,,,,,,,,,,,,
YRK45292,30.68765654,-26.35434957,,,,,,,,,,,,,,,,,,,,
YRK45293,30.68364513,-26.35429771,,,,,,,,,,,,,,,,,,,,
YRK45294,30.71624459,-26.32653268,,,,,,,,,,,,,,,,,,,,
YRK45295,30.72274225,-26.3482777,,,,,,,,,,,,,,,,,,,,
YRK45296,30.63298134,-26.29090698,,,,,,,,,,,,,,,,,,,,
YRK45297,30.61438748,-26.14498067,,,,,,,,,,,,,,,,,,,,
YRK45298,30.62578097,-26.15056214,,,,,,,,,,,,,,,,,,,,
YRK45299,30.63943402,-26.16199249,,,,,,,,,,,,,,,,,,,,
YRK45300,30.65650243,-26.17459795,,,,,,,,,,,,,,,,,,,,
YRK45301,30.76239614,-26.23089985,,,,,,,,,,,,,,,,,,,,
YRK45302,30.7572265,-26.23451817,,,,,,,,,,,,,,,,,,,,
YRK45303,30.77588328,-26.21827382,,,,,,,,,,,,,,,,,,,,
YRK45304,30.78564645,-26.20200775,,,,,,,,,,,,,,,,,,,,
YRK45305,30.78413586,-26.20757379,,,,,,,,,,,,,,,,,,,,
YRK45306,30.65683961,-26.20929019,,,,,,,,,,,,,,,,,,,,
YRK45307,30.66036792,-26.20986422,,,,,,,,,,,,,,,,,,,,
YRK45308,30.65183628,-26.20412503,,,,,,,,,,,,,,,,,,,,
YRK45309,30.77004774,-26.14672114,,,,,,,,,,,,,,,,,,,,
YRK45310,30.75199707,-26.19963207,,,,,,,,,,,,,,,,,,,,
YRK45311,30.66168667,-26.21758397,,,,,,,,,,,,,,,,,,,,
YRK45312,30.69434012,-26.2876389,,,,,,,,,,,,,,,,,,,,
YRK45313,30.68472066,-26.29646856,,,,,,,,,,,,,,,,,,,,
YRK45314,30.75711253,-25.14596887,,,,,,,,,,,,,,,,,,,,
YRK45315,30.75930926,-25.14090305,,,,,,,,,,,,,,,,,,,,
YRK45316,30.77805185,-24.8956661,,,,,,,,,,,,,,,,,,,,
YRK45317,30.77559764,-24.89492455,,,,,,,,,,,,,,,,,,,,
YRK45318,30.77241365,-24.92724031,,,,,,,,,,,,,,,,,,,,
YRK45319,30.77841466,-24.92898752,,,,,,,,,,,,,,,,,,,,
YRK45320,30.7239664,-24.99272276,,,,,,,,,,,,,,,,,,,,
YRK45321,30.83476465,-25.02059723,,,,,,,,,,,,,,,,,,,,
YRK45322,30.83459396,-25.02306702,,,,,,,,,,,,,,,,,,,,
YRK45323,30.8282364,-25.02309074,,,,,,,,,,,,,,,,,,,,
YRK45324,30.82555517,-25.02495268,,,,,,,,,,,,,,,,,,,,
YRK45325,30.8251166,-25.03087507,,,,,,,,,,,,,,,,,,,,
YRK45326,30.82578496,-25.03409292,,,,,,,,,,,,,,,,,,,,
YRK45327,30.75946976,-25.2233533,,,,,,,,,,,,,,,,,,,,
YRK45328,30.76307022,-25.21548598,,,,,,,,,,,,,,,,,,,,
YRK45329,30.7685682,-25.21974027,,,,,,,,,,,,,,,,,,,,
YRK45334,30.76108393,-25.11169445,,,,,,,,,,,,,,,,,,,,
YRK45335,30.77320064,-25.13118741,,,,,,,,,,,,,,,,,,,,
YRK45336,30.71361278,-25.16167127,,,,,,,,,,,,,,,,,,,,
YRK45337,30.72282546,-25.14055679,,,,,,,,,,,,,,,,,,,,
YRK45338,30.7149882,-25.14544841,,,,,,,,,,,,,,,,,,,,
YRK45339,30.73510847,-25.15351061,,,,,,,,,,,,,,,,,,,,
YRK45340,30.74095154,-25.15409856,,,,,,,,,,,,,,,,,,,,
YRK45341,30.73050493,-25.14713745,,,,,,,,,,,,,,,,,,,,
YRK45342,30.72819891,-25.14498769,,,,,,,,,,,,,,,,,,,,
YRK45343,30.72746447,-25.14525617,,,,,,,,,,,,,,,,,,,,
YRK45344,30.73104798,-25.1166235,,,,,,,,,,,,,,,,,,,,
YRK45345,30.76769747,-25.16045201,,,,,,,,,,,,,,,,,,,,
YRK45346,30.76654293,-25.14612389,,,,,,,,,,,,,,,,,,,,
YRK45347,30.63164098,-25.20486896,,,,,,,,,,,,,,,,,,,,
YRK45348,30.61702116,-25.22647207,,,,,,,,,,,,,,,,,,,,
YRK45349,30.63882781,-25.19268584,,,,,,,,,,,,,,,,,,,,
YRK45350,30.63684353,-25.19690213,,,,,,,,,,,,,,,,,,,,
YRK45351,30.63779491,-25.19051302,,,,,,,,,,,,,,,,,,,,
YRK45352,30.63576809,-25.19630259,,,,,,,,,,,,,,,,,,,,
YRK45353,30.63758177,-25.1892216,,,,,,,,,,,,,,,,,,,,
YRK45356,30.63469992,-25.28996687,,,,,,,,,,,,,,,,,,,,
YRK45357,30.70348884,-25.25409073,,,,,,,,,,,,,,,,,,,,
YRK45358,30.71148924,-25.24879435,,,,,,,,,,,,,,,,,,,,
YRK45359,30.70720418,-25.25164472,,,,,,,,,,,,,,,,,,,,
YRK45361,30.68210752,-25.23319902,,,,,,,,,,,,,,,,,,,,
YRK45362,30.68676752,-25.23118388,,,,,,,,,,,,,,,,,,,,
YRK45363,30.67702567,-25.22350875,,,,,,,,,,,,,,,,,,,,
YRK45364,30.67367529,-25.19004815,,,,,,,,,,,,,,,,,,,,
YRK45365,30.67721355,-25.19412117,,,,,,,,,,,,,,,,,,,,
YRK45367,30.66802152,-25.20499056,,,,,,,,,,,,,,,,,,,,
YRK45368,30.66576958,-25.20501543,,,,,,,,,,,,,,,,,,,,
YRK45369,30.65857471,-25.18114578,,,,,,,,,,,,,,,,,,,,
YRK45370,30.65873844,-25.1858813,,,,,,,,,,,,,,,,,,,,
YRK45372,30.46761086,-26.24914958,,,,,,,,,,,,,,,,,,,,
YRK45375,30.43182161,-26.06838107,,,,,,,,,,,,,,,,,,,,
YRK45376,30.43254932,-26.21717314,,,,,,,,,,,,,,,,,,,,
YRK45377,30.52040133,-26.22085595,,,,,,,,,,,,,,,,,,,,
YRK45383,30.44762743,-26.13201411,,,,,,,,,,,,,,,,,,,,
YRK45384,30.48550321,-26.14871831,,,,,,,,,,,,,,,,,,,,
YRK141452,30.47462929,-26.16018989,,,,,,,,,,,,,,,,,,,,
YRK141832,30.67082652,-26.28689259,,,,,,,,,,,,,,,,,,,,
YRK141833,30.69305279,-26.30755621,,,,,,,,,,,,,,,,,,,,
YRK141834,30.74333366,-26.32402344,,,,,,,,,,,,,,,,,,,,
YRK141835,30.64309513,-26.1555372,,,,,,,,,,,,,,,,,,,,
YRK141836,30.63109639,-26.15644732,,,,,,,,,,,,,,,,,,,,
YRK141837,30.62843629,-26.20526247,,,,,,,,,,,,,,,,,,,,
YRK141983,30.7718194,-24.9297524,,,,,,,,,,,,,,,,,,,,
YRK141984,30.63717084,-26.21304377,,,,,,,,,,,,,,,,,,,,
YRK141985,30.63872386,-26.20887876,,,,,,,,,,,,,,,,,,,,
YRK141986,30.63887993,-26.20566504,,,,,,,,,,,,,,,,,,,,
YRK141987,30.66360734,-26.19737586,,,,,,,,,,,,,,,,,,,,
YRK141988,30.6660851,-26.19826737,,,,,,,,,,,,,,,,,,,,
YRK141990,30.67022102,-26.19368359,,,,,,,,,,,,,,,,,,,,
YRK141991,30.69664359,-26.1880818,,,,,,,,,,,,,,,,,,,,
YRK141992,30.69547666,-26.18856295,,,,,,,,,,,,,,,,,,,,
YRK141993,30.63336731,-26.17992348,,,,,,,,,,,,,,,,,,,,
YRK141994,30.66487787,-26.13586285,,,,,,,,,,,,,,,,,,,,
YRK141995,30.68577018,-26.11867789,,,,,,,,,,,,,,,,,,,,
YRK141996,30.74234221,-26.14163219,,,,,,,,,,,,,,,,,,,,
YRK141997,30.72890008,-26.14994267,,,,,,,,,,,,,,,,,,,,
YRK141998,30.72894726,-26.15201412,,,,,,,,,,,,,,,,,,,,
YRK141999,30.76049909,-26.15475468,,,,,,,,,,,,,,,,,,,,
YRK142054,30.87208536,-24.79439247,,,,,,,,,,,,,,,,,,,,
YRK142092,30.6864278,-26.2258249,,,,,,,,,,,,,,,,,,,,
YRK142094,30.66787509,-26.23311743,,,,,,,,,,,,,,,,,,,,
YRK142095,30.80007236,-26.19911973,,,,,,,,,,,,,,,,,,,,
YRK142096,30.80229714,-26.20540362,,,,,,,,,,,,,,,,,,,,
YRK142097,30.80843345,-26.21036884,,,,,,,,,,,,,,,,,,,,
YRK142098,30.80522521,-26.21007885,,,,,,,,,,,,,,,,,,,,
YRK142100,30.71041002,-26.30932906,,,,,,,,,,,,,,,,,,,,
YRK142101,30.70571076,-26.30757075,,,,,,,,,,,,,,,,,,,,
YRK142102,30.71111465,-26.3009659,,,,,,,,,,,,,,,,,,,,
YRK142103,30.7516321,-26.15207822,,,,,,,,,,,,,,,,,,,,
YRK142107,30.62215981,-25.22383681,,,,,,,,,,,,,,,,,,,,
YRK142178,30.8268408,-25.04344503,,,,,,,,,,,,,,,,,,,,
YRK142220,30.83248406,-25.04347976,,,,,,,,,,,,,,,,,,,,
YRK142262,30.7678242,-24.97349781,,,,,,,,,,,,,,,,,,,,
YRK142339,30.76535181,-26.21973266,,,,,,,,,,,,,,,,,,,,
YRK142344,30.47757625,-26.22377189,,,,,,,,,,,,,,,,,,,,
YRK142345,30.51702032,-26.13827505,,,,,,,,,,,,,,,,,,,,
YRK142380,30.67747718,-25.2448156,,,,,,,,,,,,,,,,,,,,
YRK142414,30.49198786,-26.16089793,,,,,,,,,,,,,,,,,,,,
YRK142417,30.50142746,-26.21481322,,,,,,,,,,,,,,,,,,,,
YRK142446,30.75953828,-25.06936308,,,,,,,,,,,,,,,,,,,,
YRK142474,30.70306086,-25.29652333,,,,,,,,,,,,,,,,,,,,
YRK142476,30.82692647,-25.19006856,,,,,,,,,,,,,,,,,,,,
YRK142478,30.49576483,-26.18333691,,,,,,,,,,,,,,,,,,,,
YRK142479,30.49771147,-26.18415758,,,,,,,,,,,,,,,,,,,,
YRK142480,30.49981473,-26.1932151,,,,,,,,,,,,,,,,,,,,
YRK142481,30.50115771,-26.19250078,,,,,,,,,,,,,,,,,,,,
YRK142482,30.50042167,-26.18736771,,,,,,,,,,,,,,,,,,,,
YRK142483,30.71860453,-26.35675032,,,,,,,,,,,,,,,,,,,,
YRK142485,30.71888709,-26.33240368,,,,,,,,,,,,,,,,,,,,
YRK142486,30.64255453,-26.26863713,,,,,,,,,,,,,,,,,,,,
YRK142487,30.773214,-26.14701574,,,,,,,,,,,,,,,,,,,,
YRK142488,30.65107018,-26.20955082,,,,,,,,,,,,,,,,,,,,
YRK142489,30.6486358,-26.20526389,,,,,,,,,,,,,,,,,,,,
YRK142490,30.50892173,-26.25258587,,,,,,,,,,,,,,,,,,,,
YRK142549,30.47774122,-26.24690757,,,,,,,,,,,,,,,,,,,,
YRK142550,30.48181073,-26.18905778,,,,,,,,,,,,,,,,,,,,
YRK142551,30.45420584,-26.19652208,,,,,,,,,,,,,,,,,,,,
YRK142552,30.42324419,-26.16177367,,,,,,,,,,,,,,,,,,,,
YRK142553,30.42501541,-26.14710219,,,,,,,,,,,,,,,,,,,,
YRK142554,30.48910796,-26.23314372,,,,,,,,,,,,,,,,,,,,
YRK142555,30.45659347,-26.13208805,,,,,,,,,,,,,,,,,,,,
YRK142556,30.45446787,-26.13220977,,,,,,,,,,,,,,,,,,,,
YRK142557,30.45505822,-26.13247562,,,,,,,,,,,,,,,,,,,,
YRK142559,30.44862305,-26.09769094,,,,,,,,,,,,,,,,,,,,
YRK169654,30.697964,-25.25782261,,,,,,,,,,,,,,,,,,,,
YRK169655,30.44267428,-26.20195129,,,,,,,,,,,,,,,,,,,,
YRK169656,30.43608843,-26.20194506,,,,,,,,,,,,,,,,,,,,
YRK169657,30.44810175,-26.19431526,,,,,,,,,,,,,,,,,,,,
YRK169658,30.42642664,-26.12078199,,,,,,,,,,,,,,,,,,,,
YRK169659,30.41285033,-26.11182615,,,,,,,,,,,,,,,,,,,,
YRK169660,30.41659084,-26.1142549,,,,,,,,,,,,,,,,,,,,
YRK169661,30.42031767,-26.11557212,,,,,,,,,,,,,,,,,,,,
YRK169662,30.42380082,-26.11776353,,,,,,,,,,,,,,,,,,,,
YRK169663,30.42943382,-26.12128967,,,,,,,,,,,,,,,,,,,,
YRK169664,30.8773867,-24.78348765,,,,,,,,,,,,,,,,,,,,
YRK169665,30.83744055,-25.06008762,,,,,,,,,,,,,,,,,,,,
YRK169666,30.44591189,-26.13205157,,,,,,,,,,,,,,,,,,,,
YRK169667,30.40040508,-26.16560095,,,,,,,,,,,,,,,,,,,,
YRK169669,30.40141756,-26.17325444,,,,,,,,,,,,,,,,,,,,
YRK169670,30.406783,-26.1777253,,,,,,,,,,,,,,,,,,,,
YRK169675,30.42183113,-26.09247244,,,,,,,,,,,,,,,,,,,,
YRK169676,30.42049521,-26.09318292,,,,,,,,,,,,,,,,,,,,
YRK169677,30.65118116,-25.26004087,,,,,,,,,,,,,,,,,,,,
YRK169722,30.69027309,-25.27285812,,,,,,,,,,,,,,,,,,,,
YRK169723,30.71257587,-25.29494279,,,,,,,,,,,,,,,,,,,,
YRK169724,30.62519409,-25.27976009,,,,,,,,,,,,,,,,,,,,
YRK169725,30.62257733,-25.27754675,,,,,,,,,,,,,,,,,,,,
YRK169726,30.6957498,-25.17885067,,,,,,,,,,,,,,,,,,,,
YRK169727,30.64830631,-25.30463532,,,,,,,,,,,,,,,,,,,,
YRK169728,30.64491308,-25.30120492,,,,,,,,,,,,,,,,,,,,
YRK169729,30.6456314,-25.30218207,,,,,,,,,,,,,,,,,,,,
YRK169730,30.69265795,-25.27252652,,,,,,,,,,,,,,,,,,,,
YRK169731,30.69954936,-25.28032033,,,,,,,,,,,,,,,,,,,,
YRK169732,30.71262842,-25.30172591,,,,,,,,,,,,,,,,,,,,
YRK169733,30.70763735,-25.28938403,,,,,,,,,,,,,,,,,,,,
YRK169734,30.68288777,-25.22563662,,,,,,,,,,,,,,,,,,,,
YRK169735,30.66831966,-25.22624466,,,,,,,,,,,,,,,,,,,,
YRK169736,30.67420601,-25.19464951,,,,,,,,,,,,,,,,,,,,
YRK169737,30.67520094,-25.20980919,,,,,,,,,,,,,,,,,,,,
YRK169738,30.67398061,-25.209954,,,,,,,,,,,,,,,,,,,,
YRK169739,30.63133697,-25.1689286,,,,,,,,,,,,,,,,,,,,
YRK169740,30.6211837,-25.17048662,,,,,,,,,,,,,,,,,,,,
YRK169741,30.6237751,-25.18217911,,,,,,,,,,,,,,,,,,,,
YRK169742,30.61732515,-25.16111565,,,,,,,,,,,,,,,,,,,,
YRK169743,30.57969604,-25.22633213,,,,,,,,,,,,,,,,,,,,
YRK169744,30.61438225,-25.23824018,,,,,,,,,,,,,,,,,,,,
YRK169745,30.61482431,-25.24065109,,,,,,,,,,,,,,,,,,,,
YRK169746,30.63406555,-25.20425632,,,,,,,,,,,,,,,,,,,,
YRK169747,30.65028653,-25.17826361,,,,,,,,,,,,,,,,,,,,
YRK169748,30.64494159,-25.20537423,,,,,,,,,,,,,,,,,,,,
YRK169749,30.62476802,-25.21976753,,,,,,,,,,,,,,,,,,,,
YRK169750,30.70408653,-25.18283945,,,,,,,,,,,,,,,,,,,,
YRK169751,30.67943739,-25.20126817,,,,,,,,,,,,,,,,,,,,
YRK169752,30.63026564,-25.16640702,,,,,,,,,,,,,,,,,,,,
YRK169753,30.59607254,-25.18896059,,,,,,,,,,,,,,,,,,,,
YRK169766,30.7205657,-25.16812408,,,,,,,,,,,,,,,,,,,,
YRK169767,30.78470219,-24.94434051,,,,,,,,,,,,,,,,,,,,
YRK169770,30.64460949,-25.20349727,,,,,,,,,,,,,,,,,,,,
YRK169771,30.62931385,-25.21460116,,,,,,,,,,,,,,,,,,,,
YRK169772,30.63336473,-25.21128927,,,,,,,,,,,,,,,,,,,,
YRK169773,30.63411172,-25.20561783,,,,,,,,,,,,,,,,,,,,
YRK169774,30.63522803,-25.20182984,,,,,,,,,,,,,,,,,,,,
YRK169775,30.6341919,-25.19656149,,,,,,,,,,,,,,,,,,,,
YRK169776,30.63502065,-25.19128449,,,,,,,,,,,,,,,,,,,,
YRK169777,30.63700859,-25.18859041,,,,,,,,,,,,,,,,,,,,
YRK169781,30.45816936,-26.0912648,,,,,,,,,,,,,,,,,,,,
YRK169782,30.44072559,-26.09216037,,,,,,,,,,,,,,,,,,,,
YRK169793,30.71016348,-26.15626447,,,,,,,,,,,,,,,,,,,,
YRK169800,30.71878577,-25.15656677,,,,,,,,,,,,,,,,,,,,
YRK169810,30.67754224,-25.1704858,,,,,,,,,,,,,,,,,,,,
YRK169817,30.7492506,-25.12777925,,,,,,,,,,,,,,,,,,,,
YRK169820,30.7896372,-24.89359959,,,,,,,,,,,,,,,,,,,,
YRK169833,30.76042493,-24.89340911,,,,,,,,,,,,,,,,,,,,
YRK169838,30.82822542,-24.91488006,,,,,,,,,,,,,,,,,,,,
YRK169840,30.87429142,-24.77301288,,,,,,,,,,,,,,,,,,,,
YRK169991,30.84131681,-24.72994622,,,,,,,,,,,,,,,,,,,,
YRK169994,30.83128552,-24.69953049,,,,,,,,,,,,,,,,,,,,
YRK170014,30.64573781,-26.27221381,,,,,,,,,,,,,,,,,,,,
YRK170016,30.81738635,-24.68789142,,,,,,,,,,,,,,,,,,,,
YRK170192,30.83327205,-25.18818211,,,,,,,,,,,,,,,,,,,,
YRK171078,30.81994625,-24.89205068,,,,,,,,,,,,,,,,,,,,
YRK172824,30.84374982,-24.74744875,,,,,,,,,,,,,,,,,,,,
YRK172825,30.83581127,-24.73138381,,,,,,,,,,,,,,,,,,,,
YRK172826,30.83252757,-24.7301561,,,,,,,,,,,,,,,,,,,,
YRK172827,30.82315726,-24.71762748,,,,,,,,,,,,,,,,,,,,
YRK172829,30.85954055,-24.74763577,,,,,,,,,,,,,,,,,,,,
YRK172831,30.84164475,-24.67451058,,,,,,,,,,,,,,,,,,,,
YRK172832,30.84550372,-24.67752602,,,,,,,,,,,,,,,,,,,,
YRK172834,30.85071334,-24.69219739,,,,,,,,,,,,,,,,,,,,
YRK172835,30.85201402,-24.69534256,,,,,,,,,,,,,,,,,,,,
YRK172836,30.83795757,-24.67341577,,,,,,,,,,,,,,,,,,,,
YRK172837,30.86082992,-24.68874275,,,,,,,,,,,,,,,,,,,,
YRK172838,30.83028807,-24.69058038,,,,,,,,,,,,,,,,,,,,
YRK172839,30.85290214,-24.67699384,,,,,,,,,,,,,,,,,,,,
YRK172840,30.85822017,-24.67852225,,,,,,,,,,,,,,,,,,,,
YRK172932,30.63212648,-26.31571719,,,,,,,,,,,,,,,,,,,,
YRK172933,30.73406163,-26.32290359,,,,,,,,,,,,,,,,,,,,
YRK172977,30.47533234,-26.27560579,,,,,,,,,,,,,,,,,,,,
YRK172978,30.47483416,-26.27769074,,,,,,,,,,,,,,,,,,,,
YRK172979,30.47783014,-26.2810267,,,,,,,,,,,,,,,,,,,,
YRK172980,30.48486434,-26.28309185,,,,,,,,,,,,,,,,,,,,
YRK172982,30.84147478,-25.16919695,,,,,,,,,,,,,,,,,,,,
YRK172988,30.84477961,-24.91918396,,,,,,,,,,,,,,,,,,,,
YRK174620,30.84531627,-24.74995707,,,,,,,,,,,,,,,,,,,,
YRK174621,30.85716246,-24.74809822,,,,,,,,,,,,,,,,,,,,
YRK174622,30.85313928,-24.74195866,,,,,,,,,,,,,,,,,,,,
YRK174623,30.8541235,-24.73241722,,,,,,,,,,,,,,,,,,,,
YRK174624,30.85227318,-24.7398295,,,,,,,,,,,,,,,,,,,,
YRK174626,30.84481333,-24.73312078,,,,,,,,,,,,,,,,,,,,
YRK174627,30.83355304,-24.72247504,,,,,,,,,,,,,,,,,,,,
YRK174628,30.83520155,-24.73125439,,,,,,,,,,,,,,,,,,,,
YRK174629,30.83166881,-24.72757059,,,,,,,,,,,,,,,,,,,,
YRK174630,30.83197952,-24.73092995,,,,,,,,,,,,,,,,,,,,
YRK174632,30.83956516,-24.74300503,,,,,,,,,,,,,,,,,,,,
YRK174633,30.82374279,-24.71812467,,,,,,,,,,,,,,,,,,,,
YRK174634,30.82908472,-24.71713117,,,,,,,,,,,,,,,,,,,,
YRK174635,30.82700705,-24.71760904,,,,,,,,,,,,,,,,,,,,
YRK174636,30.85712308,-24.74446115,,,,,,,,,,,,,,,,,,,,
YRK174637,30.85963969,-24.74522251,,,,,,,,,,,,,,,,,,,,
YRK174638,30.84634471,-24.73021587,,,,,,,,,,,,,,,,,,,,
YRK174640,30.84934465,-24.7298073,,,,,,,,,,,,,,,,,,,,
YRK174641,30.84062443,-24.7240111,,,,,,,,,,,,,,,,,,,,
YRK174642,30.84305228,-24.72710108,,,,,,,,,,,,,,,,,,,,
YRK174643,30.84784742,-24.75300224,,,,,,,,,,,,,,,,,,,,
YRK174645,30.8416287,-24.67538638,,,,,,,,,,,,,,,,,,,,
YRK174646,30.84203648,-24.67102143,,,,,,,,,,,,,,,,,,,,
YRK174647,30.84537465,-24.68350085,,,,,,,,,,,,,,,,,,,,
YRK174648,30.83814659,-24.68756924,,,,,,,,,,,,,,,,,,,,
YRK174649,30.84687531,-24.66661396,,,,,,,,,,,,,,,,,,,,
YRK174650,30.84753296,-24.66924416,,,,,,,,,,,,,,,,,,,,
YRK174651,30.81711169,-24.69941633,,,,,,,,,,,,,,,,,,,,
YRK174652,30.85686041,-24.69583865,,,,,,,,,,,,,,,,,,,,
YRK174653,30.85168841,-24.6994722,,,,,,,,,,,,,,,,,,,,
YRK174654,30.82132856,-24.70363914,,,,,,,,,,,,,,,,,,,,
YRK174655,30.85336999,-24.68512884,,,,,,,,,,,,,,,,,,,,
YRK174656,30.85059103,-24.68767182,,,,,,,,,,,,,,,,,,,,
YRK174657,30.85089739,-24.69830413,,,,,,,,,,,,,,,,,,,,
YRK174658,30.84974614,-24.69271661,,,,,,,,,,,,,,,,,,,,
YRK174659,30.84706925,-24.69469783,,,,,,,,,,,,,,,,,,,,
YRK174660,30.84843212,-24.69419566,,,,,,,,,,,,,,,,,,,,
YRK174661,30.85227635,-24.70019834,,,,,,,,,,,,,,,,,,,,
YRK174662,30.82104305,-24.72106749,,,,,,,,,,,,,,,,,,,,
YRK174663,30.81721763,-24.71643731,,,,,,,,,,,,,,,,,,,,
YRK174664,30.84127492,-24.68863502,,,,,,,,,,,,,,,,,,,,
YRK174665,30.83956919,-24.69046529,,,,,,,,,,,,,,,,,,,,
YRK174666,30.82297052,-24.70485,,,,,,,,,,,,,,,,,,,,
YRK174667,30.825043,-24.7006909,,,,,,,,,,,,,,,,,,,,
YRK174668,30.82541948,-24.70122777,,,,,,,,,,,,,,,,,,,,
YRK174669,30.828084,-24.69367658,,,,,,,,,,,,,,,,,,,,
YRK174670,30.82931083,-24.69215135,,,,,,,,,,,,,,,,,,,,
YRK174671,30.82400615,-24.68922132,,,,,,,,,,,,,,,,,,,,
YRK174672,30.83206929,-24.672202,,,,,,,,,,,,,,,,,,,,
YRK174674,30.8294475,-24.70262613,,,,,,,,,,,,,,,,,,,,
YRK174675,30.82724841,-24.71191127,,,,,,,,,,,,,,,,,,,,
YRK174676,30.81955016,-24.70499838,,,,,,,,,,,,,,,,,,,,
YRK174677,30.82014651,-24.70846596,,,,,,,,,,,,,,,,,,,,
YRK174678,30.84542242,-24.70935328,,,,,,,,,,,,,,,,,,,,
YRK174679,30.84733946,-24.67692754,,,,,,,,,,,,,,,,,,,,
YRK174680,30.85600861,-24.67412982,,,,,,,,,,,,,,,,,,,,
YRK174681,30.85941608,-24.68077979,,,,,,,,,,,,,,,,,,,,
YRK174682,30.86019141,-24.69050162,,,,,,,,,,,,,,,,,,,,
YRK174683,30.8609435,-24.6876102,,,,,,,,,,,,,,,,,,,,
YRK174684,30.73499093,-26.32310373,,,,,,,,,,,,,,,,,,,,
YRK174722,30.77035956,-25.24316259,,,,,,,,,,,,,,,,,,,,
YRK174723,30.7585511,-24.89592763,,,,,,,,,,,,,,,,,,,,
YRK174740,30.78713016,-25.11866998,,,,,,,,,,,,,,,,,,,,
YRK174741,30.71945181,-26.40345599,,,,,,,,,,,,,,,,,,,,
YRK174751,30.69464407,-25.25621325,,,,,,,,,,,,,,,,,,,,
YRK174769,30.86528504,-24.89835393,,,,,,,,,,,,,,,,,,,,
YRK174782,30.81087192,-24.89070411,,,,,,,,,,,,,,,,,,,,
YRK174783,30.80712769,-24.89015956,,,,,,,,,,,,,,,,,,,,
YRK174784,30.65138081,-26.2008032,,,,,,,,,,,,,,,,,,,,
YRK174785,30.77093559,-25.18090174,,,,,,,,,,,,,,,,,,,,
YRK174963,30.75351584,-26.38890338,,,,,,,,,,,,,,,,,,,,
YRK174964,30.73179614,-26.34554034,,,,,,,,,,,,,,,,,,,,
YRK174965,30.74958186,-26.33638054,,,,,,,,,,,,,,,,,,,,
YRK174966,30.75048151,-26.3313229,,,,,,,,,,,,,,,,,,,,
YRK174967,30.74923423,-26.33505053,,,,,,,,,,,,,,,,,,,,
YRK174968,30.68395555,-26.3395823,,,,,,,,,,,,,,,,,,,,
YRK174970,30.47197351,-26.27892449,,,,,,,,,,,,,,,,,,,,
YRK175250,30.70033308,-26.16882773,,,,,,,,,,,,,,,,,,,,
YRK175251,30.76190324,-26.21799358,,,,,,,,,,,,,,,,,,,,
YRK175252,30.6744133,-26.15388931,,,,,,,,,,,,,,,,,,,,
YRK175253,30.73895397,-26.14386907,,,,,,,,,,,,,,,,,,,,
YRK175255,30.72473926,-26.12926353,,,,,,,,,,,,,,,,,,,,
YRK175256,30.72682735,-26.13326102,,,,,,,,,,,,,,,,,,,,
YRK175259,30.63124269,-26.19995826,,,,,,,,,,,,,,,,,,,,
YRK175260,30.62644181,-26.18804733,,,,,,,,,,,,,,,,,,,,
YRK175261,30.62361882,-26.19799525,,,,,,,,,,,,,,,,,,,,
YRK175262,30.65619152,-26.2130672,,,,,,,,,,,,,,,,,,,,
YRK175263,30.65918032,-26.21575793,,,,,,,,,,,,,,,,,,,,
YRK175264,30.66109061,-26.21635321,,,,,,,,,,,,,,,,,,,,
YRK175265,30.76175246,-26.15018255,,,,,,,,,,,,,,,,,,,,
YRK175269,30.71562909,-26.39302092,,,,,,,,,,,,,,,,,,,,
YRK175271,30.46588457,-26.25923161,,,,,,,,,,,,,,,,,,,,
YRK175272,30.46729049,-26.26137595,,,,,,,,,,,,,,,,,,,,
YRK175283,30.31427282,-26.15139218,,,,,,,,,,,,,,,,,,,,
YRK175322,30.50489442,-26.2190613,,,,,,,,,,,,,,,,,,,,
YRK175323,30.46650673,-26.26078243,,,,,,,,,,,,,,,,,,,,
YRK175324,30.47266449,-26.23796095,,,,,,,,,,,,,,,,,,,,
YRK175326,30.77041835,-25.18881329,,,,,,,,,,,,,,,,,,,,
YRK175329,30.42632807,-26.16077497,,,,,,,,,,,,,,,,,,,,
YRK175330,30.41044339,-26.16896078,,,,,,,,,,,,,,,,,,,,
YRK175331,30.40576407,-26.1717508,,,,,,,,,,,,,,,,,,,,
YRK175332,30.41212156,-26.17952622,,,,,,,,,,,,,,,,,,,,
YRK175333,30.41310296,-26.1843048,,,,,,,,,,,,,,,,,,,,
YRK175334,30.40805084,-26.17979605,,,,,,,,,,,,,,,,,,,,
YRK175335,30.39469961,-26.17106393,,,,,,,,,,,,,,,,,,,,
YRK175336,30.39700401,-26.16441186,,,,,,,,,,,,,,,,,,,,
YRK175337,30.39894831,-26.16813264,,,,,,,,,,,,,,,,,,,,
YRK175338,30.4389126,-26.06868963,,,,,,,,,,,,,,,,,,,,
YRK175339,30.43691749,-26.07007832,,,,,,,,,,,,,,,,,,,,
YRK175345,30.73096029,-26.40284683,,,,,,,,,,,,,,,,,,,,
YRK175346,30.7819689,-26.19461943,,,,,,,,,,,,,,,,,,,,
YRK175348,30.76279825,-25.22418765,,,,,,,,,,,,,,,,,,,,
YRK175349,30.76091557,-26.22382627,,,,,,,,,,,,,,,,,,,,
YRK175350,30.80719335,-24.88771512,,,,,,,,,,,,,,,,,,,,
YRK175351,30.75732941,-26.21767689,,,,,,,,,,,,,,,,,,,,
YRK175352,30.63333017,-26.19873033,,,,,,,,,,,,,,,,,,,,
YRK175353,30.70707229,-26.13200035,,,,,,,,,,,,,,,,,,,,
YRK175354,30.73848812,-26.12656187,,,,,,,,,,,,,,,,,,,,
YRK175355,30.73038659,-26.13500235,,,,,,,,,,,,,,,,,,,,
YRK175356,30.65065945,-26.20637485,,,,,,,,,,,,,,,,,,,,
YRK175357,30.65149637,-26.20395403,,,,,,,,,,,,,,,,,,,,
YRK175358,30.66242715,-26.19646368,,,,,,,,,,,,,,,,,,,,
YRK175360,30.64209739,-26.20193784,,,,,,,,,,,,,,,,,,,,
YRK175361,30.64294464,-26.20580998,,,,,,,,,,,,,,,,,,,,
YRK175362,30.62566432,-26.1904241,,,,,,,,,,,,,,,,,,,,
YRK175363,30.64089451,-26.19984953,,,,,,,,,,,,,,,,,,,,
YRK175364,30.6374422,-26.19626751,,,,,,,,,,,,,,,,,,,,
YRK175366,30.74840778,-24.9944016,,,,,,,,,,,,,,,,,,,,
YRK175367,30.7403923,-26.13353757,,,,,,,,,,,,,,,,,,,,
YRK175368,30.76842844,-25.07051055,,,,,,,,,,,,,,,,,,,,
YRK175373,30.73545882,-26.39654816,,,,,,,,,,,,,,,,,,,,
YRK175374,30.77593739,-25.06919219,,,,,,,,,,,,,,,,,,,,
YRK175377,30.79954539,-25.23486143,,,,,,,,,,,,,,,,,,,,
YRK175380,30.69533558,-25.30111837,,,,,,,,,,,,,,,,,,,,
YRK175382,30.69563461,-25.2806578,,,,,,,,,,,,,,,,,,,,
YRK175383,30.83427845,-25.17327374,,,,,,,,,,,,,,,,,,,,
YRK175386,30.76929566,-24.90908908,,,,,,,,,,,,,,,,,,,,
YRK175388,30.73254495,-24.94304548,,,,,,,,,,,,,,,,,,,,
YRK175389,30.82580666,-25.16912923,,,,,,,,,,,,,,,,,,,,
YRK175391,30.60181651,-25.22364691,,,,,,,,,,,,,,,,,,,,
YRK175392,30.59846744,-25.21728106,,,,,,,,,,,,,,,,,,,,
YRK175394,30.31511422,-26.15432057,,,,,,,,,,,,,,,,,,,,
YRK175395,30.75674736,-25.17612428,,,,,,,,,,,,,,,,,,,,
YRK175406,30.46921427,-26.12433765,,,,,,,,,,,,,,,,,,,,
YRK175417,30.75513203,-26.22481199,,,,,,,,,,,,,,,,,,,,
YRK175421,30.6741828,-26.12813328,,,,,,,,,,,,,,,,,,,,
YRK175422,30.69210064,-26.12677619,,,,,,,,,,,,,,,,,,,,
YRK175424,30.63312035,-26.17377567,,,,,,,,,,,,,,,,,,,,
YRK175425,30.64297943,-26.17752245,,,,,,,,,,,,,,,,,,,,
YRK175426,30.83097073,-25.17342973,,,,,,,,,,,,,,,,,,,,
YRK175427,30.7343258,-25.18057321,,,,,,,,,,,,,,,,,,,,
YRK175434,30.75737086,-25.17252811,,,,,,,,,,,,,,,,,,,,
YRK175435,30.80241541,-25.1941041,,,,,,,,,,,,,,,,,,,,
YRK175436,30.75919259,-25.1750981,,,,,,,,,,,,,,,,,,,,
YRK175439,30.68519321,-25.26677384,,,,,,,,,,,,,,,,,,,,
YRK175440,30.72494226,-26.37853831,,,,,,,,,,,,,,,,,,,,
YRK175443,30.80725358,-24.88512686,,,,,,,,,,,,,,,,,,,,
YRK175444,30.80335705,-24.88388278,,,,,,,,,,,,,,,,,,,,
YRK175447,30.66902313,-25.27982428,,,,,,,,,,,,,,,,,,,,
YRK175448,30.68394389,-25.29287826,,,,,,,,,,,,,,,,,,,,
YRK175449,30.68266102,-25.28746417,,,,,,,,,,,,,,,,,,,,
YRK175450,30.80721597,-24.90475088,,,,,,,,,,,,,,,,,,,,
YRK175452,30.59296152,-25.21938761,,,,,,,,,,,,,,,,,,,,
YRK175453,30.59591876,-25.22251629,,,,,,,,,,,,,,,,,,,,
YRK175454,30.66996371,-25.27598075,,,,,,,,,,,,,,,,,,,,
YRK175455,30.73382916,-26.37800856,,,,,,,,,,,,,,,,,,,,
YRK175456,30.71793711,-26.33710306,,,,,,,,,,,,,,,,,,,,
YRK175457,30.71049878,-26.33661543,,,,,,,,,,,,,,,,,,,,
YRK175463,30.44752019,-26.09869105,,,,,,,,,,,,,,,,,,,,
YRK175464,30.44093843,-26.08072845,,,,,,,,,,,,,,,,,,,,
YRK175465,30.44173754,-26.08226049,,,,,,,,,,,,,,,,,,,,
YRK175466,30.46648588,-26.10150304,,,,,,,,,,,,,,,,,,,,
YRK175468,30.75110465,-24.95273179,,,,,,,,,,,,,,,,,,,,
YRK175472,30.82637739,-25.01830682,,,,,,,,,,,,,,,,,,,,
YRK175473,30.82595317,-25.01823657,,,,,,,,,,,,,,,,,,,,
YRK175474,30.82391396,-25.02444777,,,,,,,,,,,,,,,,,,,,
YRK175475,30.82324109,-25.0219161,,,,,,,,,,,,,,,,,,,,
YRK175477,30.717524,-26.31325792,,,,,,,,,,,,,,,,,,,,
YRK175479,30.67754961,-26.13832162,,,,,,,,,,,,,,,,,,,,
YRK175481,30.59452579,-25.22532231,,,,,,,,,,,,,,,,,,,,
YRK175485,30.65218175,-26.28019657,,,,,,,,,,,,,,,,,,,,
YRK175486,30.69682045,-25.21309854,,,,,,,,,,,,,,,,,,,,
YRK175492,30.72930141,-24.93682576,,,,,,,,,,,,,,,,,,,,
YRK175493,30.72709638,-24.94385542,,,,,,,,,,,,,,,,,,,,
YRK175494,30.73797783,-24.93709821,,,,,,,,,,,,,,,,,,,,
YRK175495,30.73325062,-24.93838384,,,,,,,,,,,,,,,,,,,,
YRK175496,30.76721311,-24.94249328,,,,,,,,,,,,,,,,,,,,
YRK175497,30.7623592,-24.94507735,,,,,,,,,,,,,,,,,,,,
YRK175498,30.7648942,-24.93408321,,,,,,,,,,,,,,,,,,,,
YRK175499,30.76049511,-24.93323301,,,,,,,,,,,,,,,,,,,,
YRK175500,30.73121012,-24.93982149,,,,,,,,,,,,,,,,,,,,
YRK175501,30.74645333,-24.93652302,,,,,,,,,,,,,,,,,,,,
YRK175502,30.74221078,-24.93393367,,,,,,,,,,,,,,,,,,,,
YRK175503,30.7439116,-24.94882866,,,,,,,,,,,,,,,,,,,,
YRK175504,30.75883684,-24.93610049,,,,,,,,,,,,,,,,,,,,
YRK175505,30.77791968,-24.94116392,,,,,,,,,,,,,,,,,,,,
YRK175506,30.73625624,-24.94537661,,,,,,,,,,,,,,,,,,,,
YRK175507,30.73415927,-24.92886848,,,,,,,,,,,,,,,,,,,,
YRK175508,30.73332183,-24.92774576,,,,,,,,,,,,,,,,,,,,
YRK175509,30.73193949,-24.93169735,,,,,,,,,,,,,,,,,,,,
YRK175511,30.7385729,-24.93069644,,,,,,,,,,,,,,,,,,,,
YRK175512,30.73698377,-24.93326278,,,,,,,,,,,,,,,,,,,,
YRK175513,30.73472053,-24.93320297,,,,,,,,,,,,,,,,,,,,
YRK175514,30.73330747,-24.93478527,,,,,,,,,,,,,,,,,,,,
YRK175516,30.80326824,-25.17073675,,,,,,,,,,,,,,,,,,,,
YRK175517,30.60586996,-25.17908333,,,,,,,,,,,,,,,,,,,,
YRK175518,30.60823525,-25.1745616,,,,,,,,,,,,,,,,,,,,
YRK175519,30.61354104,-25.17186077,,,,,,,,,,,,,,,,,,,,
YRK175520,30.79957328,-25.20427375,,,,,,,,,,,,,,,,,,,,
YRK175521,30.80253796,-25.21053893,,,,,,,,,,,,,,,,,,,,
YRK175537,30.82640289,-24.69515481,,,,,,,,,,,,,,,,,,,,
YRK175539,30.51162,-26.17277144,,,,,,,,,,,,,,,,,,,,
YRK175540,30.50745458,-26.17068869,,,,,,,,,,,,,,,,,,,,
YRK175545,30.78000281,-24.94200678,,,,,,,,,,,,,,,,,,,,
YRK175546,30.86949961,-24.75180443,,,,,,,,,,,,,,,,,,,,
YRK175547,30.84961216,-24.76700133,,,,,,,,,,,,,,,,,,,,
YRK175549,30.84657728,-24.9012972,,,,,,,,,,,,,,,,,,,,
YRK175551,30.8205143,-24.90871411,,,,,,,,,,,,,,,,,,,,
YRK175552,30.83560472,-24.91559218,,,,,,,,,,,,,,,,,,,,
YRK175553,30.83701426,-24.9137565,,,,,,,,,,,,,,,,,,,,
YRK175554,30.83041731,-24.91350232,,,,,,,,,,,,,,,,,,,,
YRK175555,30.81552304,-24.88394707,,,,,,,,,,,,,,,,,,,,
YRK175556,30.81022876,-24.88457821,,,,,,,,,,,,,,,,,,,,
YRK175559,30.79968795,-24.88523122,,,,,,,,,,,,,,,,,,,,
YRK175560,30.78104907,-24.8842051,,,,,,,,,,,,,,,,,,,,
YRK175561,30.77754824,-24.87810908,,,,,,,,,,,,,,,,,,,,
YRK175562,30.79086078,-24.85541979,,,,,,,,,,,,,,,,,,,,
YRK175563,30.79872636,-24.89168907,,,,,,,,,,,,,,,,,,,,
YRK175565,30.762037,-24.89752596,,,,,,,,,,,,,,,,,,,,
YRK175568,30.83158156,-25.0235855,,,,,,,,,,,,,,,,,,,,
YRK175569,30.83779475,-25.03703829,,,,,,,,,,,,,,,,,,,,
YRK175570,30.83479303,-25.05156728,,,,,,,,,,,,,,,,,,,,
YRK175571,30.85263068,-25.03345914,,,,,,,,,,,,,,,,,,,,
YRK175573,30.8319248,-25.03407513,,,,,,,,,,,,,,,,,,,,
YRK175574,30.73974475,-25.1813758,,,,,,,,,,,,,,,,,,,,
YRK175575,30.80276944,-24.87928489,,,,,,,,,,,,,,,,,,,,
YRK175576,30.78590083,-25.18890593,,,,,,,,,,,,,,,,,,,,
YRK175577,30.77627824,-25.17532918,,,,,,,,,,,,,,,,,,,,
YRK175580,30.68360173,-26.29000472,,,,,,,,,,,,,,,,,,,,
YRK175583,30.7760585,-25.18123105,,,,,,,,,,,,,,,,,,,,
YRK175584,30.79929184,-25.18013917,,,,,,,,,,,,,,,,,,,,
YRK175585,30.84329388,-24.80508492,,,,,,,,,,,,,,,,,,,,
YRK175586,30.83065372,-25.03709471,,,,,,,,,,,,,,,,,,,,
YRK175587,30.47129244,-26.26512414,,,,,,,,,,,,,,,,,,,,
YRK175589,30.75953377,-26.22326301,,,,,,,,,,,,,,,,,,,,
YRK175592,30.75004634,-25.18160859,,,,,,,,,,,,,,,,,,,,
YRK175595,30.69110656,-25.25534667,,,,,,,,,,,,,,,,,,,,
YRK175598,30.72174496,-25.14186345,,,,,,,,,,,,,,,,,,,,
YRK175599,30.79427932,-25.1032271,,,,,,,,,,,,,,,,,,,,
YRK175602,30.77240975,-24.90557941,,,,,,,,,,,,,,,,,,,,
YRK175603,30.77429238,-24.90967471,,,,,,,,,,,,,,,,,,,,
YRK175604,30.83323344,-25.16956185,,,,,,,,,,,,,,,,,,,,
YRK175605,30.78362418,-25.11341305,,,,,,,,,,,,,,,,,,,,
YRK175653,30.40091613,-26.18032342,,,,,,,,,,,,,,,,,,,,
YRK175654,30.39344815,-26.17458478,,,,,,,,,,,,,,,,,,,,
YRK175655,30.40179841,-26.17850115,,,,,,,,,,,,,,,,,,,,
YRK175656,30.40606593,-26.18449941,,,,,,,,,,,,,,,,,,,,
YRK175658,30.6264671,-25.16434776,,,,,,,,,,,,,,,,,,,,
YRK175662,30.41183767,-26.18569423,,,,,,,,,,,,,,,,,,,,
YRK175663,30.828252,-25.21204217,,,,,,,,,,,,,,,,,,,,
YRK175665,30.82064102,-25.17060509,,,,,,,,,,,,,,,,,,,,
YRK175666,30.78945909,-24.88231294,,,,,,,,,,,,,,,,,,,,
YRK175670,30.86949636,-24.77963844,,,,,,,,,,,,,,,,,,,,
YRK175671,30.85251411,-24.90555966,,,,,,,,,,,,,,,,,,,,
YRK175675,30.77125256,-25.15989719,,,,,,,,,,,,,,,,,,,,
YRK175676,30.76950091,-25.16023186,,,,,,,,,,,,,,,,,,,,
YRK175677,30.69976669,-25.28698051,,,,,,,,,,,,,,,,,,,,
YRK175678,30.76577725,-24.96788975,,,,,,,,,,,,,,,,,,,,
YRK175679,30.75989349,-24.98556736,,,,,,,,,,,,,,,,,,,,
YRK175680,30.72699306,-24.93893031,,,,,,,,,,,,,,,,,,,,
YRK175681,30.73226812,-24.92982412,,,,,,,,,,,,,,,,,,,,
YRK175682,30.72700015,-24.94620884,,,,,,,,,,,,,,,,,,,,
YRK175684,30.71897556,-25.15175488,,,,,,,,,,,,,,,,,,,,
YRK175685,30.82789666,-25.21254047,,,,,,,,,,,,,,,,,,,,
YRK175686,30.76897633,-25.18182015,,,,,,,,,,,,,,,,,,,,
YRK175687,30.77588271,-25.17397736,,,,,,,,,,,,,,,,,,,,
YRK175688,30.79183623,-25.25842723,,,,,,,,,,,,,,,,,,,,
YRK175693,30.72446899,-24.98799145,,,,,,,,,,,,,,,,,,,,
YRK175694,30.78043151,-25.1100352,,,,,,,,,,,,,,,,,,,,
YRK175696,30.74846651,-24.92590344,,,,,,,,,,,,,,,,,,,,
YRK175697,30.80985876,-25.20074584,,,,,,,,,,,,,,,,,,,,
YRK175698,30.69379347,-25.19126422,,,,,,,,,,,,,,,,,,,,
YRK175703,30.83910144,-25.03955139,,,,,,,,,,,,,,,,,,,,
YRK175704,30.84114872,-25.03868534,,,,,,,,,,,,,,,,,,,,
YRK175705,30.82948824,-25.21961015,,,,,,,,,,,,,,,,,,,,
YRK175706,30.6866486,-25.13968796,,,,,,,,,,,,,,,,,,,,
YRK175708,30.84397691,-25.02947215,,,,,,,,,,,,,,,,,,,,
YRK175745,30.79700572,-24.88588175,,,,,,,,,,,,,,,,,,,,
YRK175746,30.75544874,-25.18588473,,,,,,,,,,,,,,,,,,,,
YRK175748,30.74789942,-24.99917051,,,,,,,,,,,,,,,,,,,,
YRK175749,30.65642181,-25.30846674,,,,,,,,,,,,,,,,,,,,
YRK175750,30.69894855,-25.29053827,,,,,,,,,,,,,,,,,,,,
YRK175751,30.67990687,-25.30307083,,,,,,,,,,,,,,,,,,,,
YRK175755,30.67637433,-25.30085108,,,,,,,,,,,,,,,,,,,,
YRK175756,30.80983941,-25.23663215,,,,,,,,,,,,,,,,,,,,
YRK175766,30.81291108,-25.20410021,,,,,,,,,,,,,,,,,,,,
YRK175767,30.82767852,-25.02430726,,,,,,,,,,,,,,,,,,,,
YRK175768,30.86449091,-25.02915309,,,,,,,,,,,,,,,,,,,,
YRK175770,30.76841039,-25.24904887,,,,,,,,,,,,,,,,,,,,
YRK175773,30.83064106,-24.69486303,,,,,,,,,,,,,,,,,,,,
YRK175775,30.85908993,-24.68320255,,,,,,,,,,,,,,,,,,,,
YRK175776,30.85233969,-24.67589625,,,,,,,,,,,,,,,,,,,,
YRK175777,30.84546318,-24.90980244,,,,,,,,,,,,,,,,,,,,
YRK175780,30.82393164,-24.7071346,,,,,,,,,,,,,,,,,,,,
YRK175781,30.74554774,-25.00543847,,,,,,,,,,,,,,,,,,,,
YRK175789,30.84918985,-24.90957963,,,,,,,,,,,,,,,,,,,,
YRK175790,30.69440619,-25.15487375,,,,,,,,,,,,,,,,,,,,
YRK175793,30.76359126,-25.2157002,,,,,,,,,,,,,,,,,,,,
YRK175804,30.75279994,-25.18817738,,,,,,,,,,,,,,,,,,,,
YRK175805,30.68694762,-26.31301852,,,,,,,,,,,,,,,,,,,,
YRK175806,30.72755588,-26.34563626,,,,,,,,,,,,,,,,,,,,
YRK175807,30.73025115,-26.34306657,,,,,,,,,,,,,,,,,,,,
YRK175808,30.75025869,-26.38679605,,,,,,,,,,,,,,,,,,,,
YRK175812,30.72717993,-25.15050858,,,,,,,,,,,,,,,,,,,,
YRK175813,30.72587289,-25.14806824,,,,,,,,,,,,,,,,,,,,
YRK175814,30.47496706,-26.19212494,,,,,,,,,,,,,,,,,,,,
YRK175815,30.46983836,-26.19266737,,,,,,,,,,,,,,,,,,,,
YRK175819,30.78854769,-25.18781338,,,,,,,,,,,,,,,,,,,,
YRK175820,30.79646046,-25.18762045,,,,,,,,,,,,,,,,,,,,
YRK175821,30.82142048,-25.22558264,,,,,,,,,,,,,,,,,,,,
YRK175822,30.75133114,-25.12572849,,,,,,,,,,,,,,,,,,,,
YRK175824,30.71672945,-26.2906194,,,,,,,,,,,,,,,,,,,,
YRK175825,30.45470982,-26.12710433,,,,,,,,,,,,,,,,,,,,
YRK175830,30.65127887,-25.22896036,,,,,,,,,,,,,,,,,,,,
YRK175833,30.7778853,-24.98101492,,,,,,,,,,,,,,,,,,,,
YRK175835,30.83524701,-24.70412896,,,,,,,,,,,,,,,,,,,,
YRK175836,30.7287636,-24.95258292,,,,,,,,,,,,,,,,,,,,
YRK175840,30.7936517,-24.85252253,,,,,,,,,,,,,,,,,,,,
YRK175842,30.83610344,-24.91217779,,,,,,,,,,,,,,,,,,,,
YRK175843,30.39974415,-26.18007137,,,,,,,,,,,,,,,,,,,,
YRK175844,30.85324992,-24.75031609,,,,,,,,,,,,,,,,,,,,
YRK175846,30.63722595,-25.17379148,,,,,,,,,,,,,,,,,,,,
YRK175847,30.61462966,-25.1963187,,,,,,,,,,,,,,,,,,,,
YRK175848,30.84755455,-24.67854347,,,,,,,,,,,,,,,,,,,,
YRK175849,30.85683755,-24.69318127,,,,,,,,,,,,,,,,,,,,
YRK175850,30.85481378,-24.68743198,,,,,,,,,,,,,,,,,,,,
YRK175852,30.85629008,-24.74850475,,,,,,,,,,,,,,,,,,,,
YRK175853,30.84975802,-24.76830752,,,,,,,,,,,,,,,,,,,,
YRK175854,30.87916087,-24.79194487,,,,,,,,,,,,,,,,,,,,
YRK175855,30.87950887,-24.78792674,,,,,,,,,,,,,,,,,,,,
YRK175856,30.89168031,-24.79233915,,,,,,,,,,,,,,,,,,,,
YRK175857,30.86719374,-24.75018076,,,,,,,,,,,,,,,,,,,,
YRK175858,30.86811424,-24.7683,,,,,,,,,,,,,,,,,,,,
YRK175859,30.87940958,-24.7956508,,,,,,,,,,,,,,,,,,,,
YRK175861,30.84999124,-24.75783609,,,,,,,,,,,,,,,,,,,,
YRK175862,30.84986171,-24.78570504,,,,,,,,,,,,,,,,,,,,
YRK175863,30.84921007,-24.764276,,,,,,,,,,,,,,,,,,,,
YRK175864,30.80067181,-25.22824947,,,,,,,,,,,,,,,,,,,,
YRK175866,30.83234695,-24.91255414,,,,,,,,,,,,,,,,,,,,
YRK175868,30.85947584,-24.89837082,,,,,,,,,,,,,,,,,,,,
YRK175869,30.75139493,-26.40673544,,,,,,,,,,,,,,,,,,,,
YRK175870,30.75277603,-26.40415981,,,,,,,,,,,,,,,,,,,,
YRK175871,30.75584489,-26.40448469,,,,,,,,,,,,,,,,,,,,
YRK175872,30.73517223,-26.40090132,,,,,,,,,,,,,,,,,,,,
YRK175873,30.73249545,-24.93305164,,,,,,,,,,,,,,,,,,,,
YRK175874,30.75658864,-26.22454769,,,,,,,,,,,,,,,,,,,,
YRK175875,30.66158127,-26.19898951,,,,,,,,,,,,,,,,,,,,
YRK175876,30.67172656,-26.22757287,,,,,,,,,,,,,,,,,,,,
YRK175877,30.75266695,-26.14838019,,,,,,,,,,,,,,,,,,,,
YRK175878,30.75605139,-26.14908789,,,,,,,,,,,,,,,,,,,,
YRK175879,30.75363446,-26.14843175,,,,,,,,,,,,,,,,,,,,
YRK175880,30.75510858,-26.15009587,,,,,,,,,,,,,,,,,,,,
YRK175881,30.68376983,-26.16052705,,,,,,,,,,,,,,,,,,,,
YRK175882,30.67231451,-26.23054762,,,,,,,,,,,,,,,,,,,,
YRK175883,30.83886263,-25.0408813,,,,,,,,,,,,,,,,,,,,
YRK175884,30.84571701,-24.89438112,,,,,,,,,,,,,,,,,,,,
YRK175885,30.8385227,-24.92137627,,,,,,,,,,,,,,,,,,,,
YRK175886,30.82710182,-24.91117631,,,,,,,,,,,,,,,,,,,,
YRK175887,30.84993482,-24.8981743,,,,,,,,,,,,,,,,,,,,
YRK175888,30.82092854,-24.91786452,,,,,,,,,,,,,,,,,,,,
YRK175889,30.84638962,-24.90809955,,,,,,,,,,,,,,,,,,,,
YRK175890,30.84742468,-24.91043711,,,,,,,,,,,,,,,,,,,,
YRK175893,30.78430453,-24.87686112,,,,,,,,,,,,,,,,,,,,
YRK175894,30.79836,-24.87975321,,,,,,,,,,,,,,,,,,,,
YRK175895,30.79974181,-24.90797396,,,,,,,,,,,,,,,,,,,,
YRK175896,30.80165445,-24.90541817,,,,,,,,,,,,,,,,,,,,
YRK175897,30.80345883,-24.89420069,,,,,,,,,,,,,,,,,,,,
YRK175898,30.79178569,-24.85362948,,,,,,,,,,,,,,,,,,,,
YRK175899,30.84970041,-24.69746283,,,,,,,,,,,,,,,,,,,,
YRK175902,30.84002858,-25.03373824,,,,,,,,,,,,,,,,,,,,
YRK175903,30.85009784,-25.03452151,,,,,,,,,,,,,,,,,,,,
YRK175904,30.83694706,-25.04779665,,,,,,,,,,,,,,,,,,,,
YRK175905,30.82437323,-25.04905514,,,,,,,,,,,,,,,,,,,,
YRK175906,30.83301404,-25.03880712,,,,,,,,,,,,,,,,,,,,
YRK175907,30.76390295,-25.07142409,,,,,,,,,,,,,,,,,,,,
YRK175908,30.76470424,-25.06948943,,,,,,,,,,,,,,,,,,,,
YRK175909,30.76648055,-25.07102882,,,,,,,,,,,,,,,,,,,,
YRK175913,30.79794525,-24.86346484,,,,,,,,,,,,,,,,,,,,
YRK175915,30.77713372,-25.10996249,,,,,,,,,,,,,,,,,,,,
YRK175916,30.77709425,-25.10803751,,,,,,,,,,,,,,,,,,,,
YRK175917,30.77425986,-25.1035166,,,,,,,,,,,,,,,,,,,,
YRK175918,30.77482948,-25.10347583,,,,,,,,,,,,,,,,,,,,
YRK175919,30.72709234,-25.15443898,,,,,,,,,,,,,,,,,,,,
YRK175920,30.75349015,-24.9235375,,,,,,,,,,,,,,,,,,,,
YRK175923,30.6429951,-25.19304768,,,,,,,,,,,,,,,,,,,,
YRK175924,30.64278573,-25.18304489,,,,,,,,,,,,,,,,,,,,
YRK175929,30.64889677,-25.1791083,,,,,,,,,,,,,,,,,,,,
YRK175930,30.64791911,-25.18051749,,,,,,,,,,,,,,,,,,,,
YRK175931,30.64382801,-25.17807607,,,,,,,,,,,,,,,,,,,,
YRK175933,30.83456601,-25.0620657,,,,,,,,,,,,,,,,,,,,
YRK175934,30.8296075,-25.06112372,,,,,,,,,,,,,,,,,,,,
YRK175936,30.79661312,-25.11136482,,,,,,,,,,,,,,,,,,,,
YRK175937,30.75018969,-25.01582625,,,,,,,,,,,,,,,,,,,,
YRK175938,30.76599574,-25.15031888,,,,,,,,,,,,,,,,,,,,
YRK175939,30.61407872,-25.16865025,,,,,,,,,,,,,,,,,,,,
YRK175940,30.61091403,-25.17090597,,,,,,,,,,,,,,,,,,,,
YRK175941,30.60484448,-25.17873295,,,,,,,,,,,,,,,,,,,,
YRK175945,30.45051606,-26.12068635,,,,,,,,,,,,,,,,,,,,
YRK175947,30.64264054,-25.19701266,,,,,,,,,,,,,,,,,,,,
YRK175950,30.78462042,-25.16417379,,,,,,,,,,,,,,,,,,,,
YRK175951,30.79491602,-25.17008363,,,,,,,,,,,,,,,,,,,,
YRK175952,30.7940107,-25.1654627,,,,,,,,,,,,,,,,,,,,
YRK175953,30.80148271,-25.17069709,,,,,,,,,,,,,,,,,,,,
YRK175954,30.80006684,-25.16558705,,,,,,,,,,,,,,,,,,,,
YRK175955,30.80873907,-25.16711846,,,,,,,,,,,,,,,,,,,,
YRK175956,30.81149288,-25.16603912,,,,,,,,,,,,,,,,,,,,
YRK175957,30.82027317,-25.16672042,,,,,,,,,,,,,,,,,,,,
YRK175958,30.82169085,-25.16535624,,,,,,,,,,,,,,,,,,,,
YRK175959,30.81788957,-25.17097051,,,,,,,,,,,,,,,,,,,,
YRK175960,30.76255591,-25.16460625,,,,,,,,,,,,,,,,,,,,
YRK175961,30.75968508,-25.1635994,,,,,,,,,,,,,,,,,,,,
YRK175962,30.75753116,-25.16403325,,,,,,,,,,,,,,,,,,,,
YRK175963,30.74986939,-25.17282547,,,,,,,,,,,,,,,,,,,,
YRK175964,30.73563025,-25.17039538,,,,,,,,,,,,,,,,,,,,
YRK175965,30.79742764,-25.19603315,,,,,,,,,,,,,,,,,,,,
YRK175969,30.78920565,-25.13279164,,,,,,,,,,,,,,,,,,,,
YRK175970,30.78999481,-25.12682848,,,,,,,,,,,,,,,,,,,,
YRK175973,30.78147356,-25.10958231,,,,,,,,,,,,,,,,,,,,
YRK175974,30.79105707,-25.10975432,,,,,,,,,,,,,,,,,,,,
YRK175975,30.76794148,-25.13039072,,,,,,,,,,,,,,,,,,,,
YRK175977,30.74271381,-25.11933994,,,,,,,,,,,,,,,,,,,,
YRK175978,30.73969436,-25.13604591,,,,,,,,,,,,,,,,,,,,
YRK175980,30.73861867,-25.14846209,,,,,,,,,,,,,,,,,,,,
YRK175981,30.71645548,-25.15087293,,,,,,,,,,,,,,,,,,,,
YRK175983,30.72453717,-25.16442107,,,,,,,,,,,,,,,,,,,,
YRK175984,30.73947943,-25.15364786,,,,,,,,,,,,,,,,,,,,
YRK175985,30.72478955,-25.12968971,,,,,,,,,,,,,,,,,,,,
YRK175986,30.73388286,-25.13731694,,,,,,,,,,,,,,,,,,,,
YRK175987,30.70442601,-25.15384007,,,,,,,,,,,,,,,,,,,,
YRK175989,30.70889071,-25.16011037,,,,,,,,,,,,,,,,,,,,
YRK175990,30.68202168,-25.13380954,,,,,,,,,,,,,,,,,,,,
YRK175991,30.68078219,-25.13602998,,,,,,,,,,,,,,,,,,,,
YRK175992,30.68864093,-25.13426124,,,,,,,,,,,,,,,,,,,,
YRK175993,30.69728167,-25.13758257,,,,,,,,,,,,,,,,,,,,
YRK175995,30.70231547,-25.1470449,,,,,,,,,,,,,,,,,,,,
YRK175996,30.6977223,-25.16311494,,,,,,,,,,,,,,,,,,,,
YRK175998,30.68444673,-25.13888368,,,,,,,,,,,,,,,,,,,,
YRK176000,30.70386026,-25.13477793,,,,,,,,,,,,,,,,,,,,
YRK176001,30.68362228,-25.15725882,,,,,,,,,,,,,,,,,,,,
YRK176002,30.68045784,-25.1477093,,,,,,,,,,,,,,,,,,,,
YRK176003,30.68146119,-25.14531415,,,,,,,,,,,,,,,,,,,,
YRK176004,30.67871031,-25.14419886,,,,,,,,,,,,,,,,,,,,
YRK176005,30.68072662,-25.14308821,,,,,,,,,,,,,,,,,,,,
YRK176007,30.68989491,-25.14954364,,,,,,,,,,,,,,,,,,,,
YRK176008,30.69239618,-25.14425026,,,,,,,,,,,,,,,,,,,,
YRK176010,30.68559435,-25.15344864,,,,,,,,,,,,,,,,,,,,
YRK176011,30.80834789,-24.90559857,,,,,,,,,,,,,,,,,,,,
YRK176012,30.61281038,-25.22086993,,,,,,,,,,,,,,,,,,,,
YRK176013,30.73381587,-26.39823389,,,,,,,,,,,,,,,,,,,,
YRK176014,30.72605339,-26.39697285,,,,,,,,,,,,,,,,,,,,
YRK176015,30.74046097,-26.39971418,,,,,,,,,,,,,,,,,,,,
YRK176016,30.74498001,-26.39784802,,,,,,,,,,,,,,,,,,,,
YRK176017,30.72863123,-26.3495939,,,,,,,,,,,,,,,,,,,,
YRK176018,30.74486521,-26.34159025,,,,,,,,,,,,,,,,,,,,
YRK176019,30.74199059,-26.32484782,,,,,,,,,,,,,,,,,,,,
YRK176020,30.65379232,-26.30327543,,,,,,,,,,,,,,,,,,,,
YRK176021,30.68478503,-26.34294352,,,,,,,,,,,,,,,,,,,,
YRK176022,30.67298657,-26.33298567,,,,,,,,,,,,,,,,,,,,
YRK176023,30.73353224,-26.35713986,,,,,,,,,,,,,,,,,,,,
YRK176024,30.65000547,-26.27353387,,,,,,,,,,,,,,,,,,,,
YRK176025,30.64434533,-26.27925744,,,,,,,,,,,,,,,,,,,,
YRK176026,30.75296522,-26.38470864,,,,,,,,,,,,,,,,,,,,
YRK176027,30.63857523,-26.26708167,,,,,,,,,,,,,,,,,,,,
YRK176028,30.68600437,-26.3102985,,,,,,,,,,,,,,,,,,,,
YRK176029,30.68776176,-26.30807176,,,,,,,,,,,,,,,,,,,,
YRK176030,30.75293172,-25.01442409,,,,,,,,,,,,,,,,,,,,
YRK176031,30.66154991,-26.30969657,,,,,,,,,,,,,,,,,,,,
YRK176032,30.73146289,-26.32289221,,,,,,,,,,,,,,,,,,,,
YRK176033,30.73196232,-26.32235939,,,,,,,,,,,,,,,,,,,,
YRK176034,30.68378297,-26.31303615,,,,,,,,,,,,,,,,,,,,
YRK176035,30.7497718,-26.38452315,,,,,,,,,,,,,,,,,,,,
YRK176036,30.74777858,-24.98902117,,,,,,,,,,,,,,,,,,,,
YRK176037,30.75907532,-25.00474516,,,,,,,,,,,,,,,,,,,,
YRK176038,30.76017826,-24.92244945,,,,,,,,,,,,,,,,,,,,
YRK176039,30.71083561,-24.98465856,,,,,,,,,,,,,,,,,,,,
YRK176040,30.70164498,-25.00954171,,,,,,,,,,,,,,,,,,,,
YRK176041,30.7291885,-24.96542665,,,,,,,,,,,,,,,,,,,,
YRK176042,30.73004306,-24.9440077,,,,,,,,,,,,,,,,,,,,
YRK176043,30.7450309,-24.92246391,,,,,,,,,,,,,,,,,,,,
YRK176044,30.74635588,-24.92501243,,,,,,,,,,,,,,,,,,,,
YRK176045,30.73742977,-24.94341788,,,,,,,,,,,,,,,,,,,,
YRK176046,30.7314713,-24.95304526,,,,,,,,,,,,,,,,,,,,
YRK176047,30.76273629,-24.95079929,,,,,,,,,,,,,,,,,,,,
YRK176048,30.75356523,-24.95474816,,,,,,,,,,,,,,,,,,,,
YRK176049,30.69575841,-25.03636341,,,,,,,,,,,,,,,,,,,,
YRK176050,30.69798928,-25.03150505,,,,,,,,,,,,,,,,,,,,
YRK176051,30.76419149,-24.94749488,,,,,,,,,,,,,,,,,,,,
YRK176052,30.74220512,-24.94534338,,,,,,,,,,,,,,,,,,,,
YRK176053,30.77236179,-24.94777899,,,,,,,,,,,,,,,,,,,,
YRK176054,30.77446657,-24.95026262,,,,,,,,,,,,,,,,,,,,
YRK176055,30.77563138,-24.94228351,,,,,,,,,,,,,,,,,,,,
YRK176056,30.78203584,-24.94119899,,,,,,,,,,,,,,,,,,,,
YRK176057,30.77850484,-24.94424057,,,,,,,,,,,,,,,,,,,,
YRK176058,30.76951138,-24.98430639,,,,,,,,,,,,,,,,,,,,
YRK176059,30.60469556,-25.20638305,,,,,,,,,,,,,,,,,,,,
YRK176061,30.7676418,-25.15065776,,,,,,,,,,,,,,,,,,,,
YRK176062,30.76224514,-25.14726225,,,,,,,,,,,,,,,,,,,,
YRK176063,30.7742401,-25.1636316,,,,,,,,,,,,,,,,,,,,
YRK176064,30.76399354,-25.17213434,,,,,,,,,,,,,,,,,,,,
YRK176065,30.76888697,-25.15675091,,,,,,,,,,,,,,,,,,,,
YRK176067,30.76455591,-25.15729136,,,,,,,,,,,,,,,,,,,,
YRK176068,30.75757229,-25.16844328,,,,,,,,,,,,,,,,,,,,
YRK176069,30.76052438,-25.16936756,,,,,,,,,,,,,,,,,,,,
YRK176070,30.75254907,-25.16241555,,,,,,,,,,,,,,,,,,,,
YRK176071,30.74368379,-25.15617901,,,,,,,,,,,,,,,,,,,,
YRK176072,30.74553571,-25.15875888,,,,,,,,,,,,,,,,,,,,
YRK176073,30.74407317,-25.16041699,,,,,,,,,,,,,,,,,,,,
YRK176074,30.74733379,-25.15262724,,,,,,,,,,,,,,,,,,,,
YRK176075,30.75974974,-25.15093593,,,,,,,,,,,,,,,,,,,,
YRK176076,30.75513564,-25.15503758,,,,,,,,,,,,,,,,,,,,
YRK176077,30.74950457,-25.1492674,,,,,,,,,,,,,,,,,,,,
YRK176078,30.78186336,-25.11013157,,,,,,,,,,,,,,,,,,,,
YRK176079,30.79228982,-25.11089707,,,,,,,,,,,,,,,,,,,,
YRK176080,30.79127127,-25.11193568,,,,,,,,,,,,,,,,,,,,
YRK176081,30.79039858,-25.11278481,,,,,,,,,,,,,,,,,,,,
YRK176082,30.78986179,-25.11635863,,,,,,,,,,,,,,,,,,,,
YRK176083,30.78958895,-25.11972059,,,,,,,,,,,,,,,,,,,,
YRK176084,30.79189698,-25.1224117,,,,,,,,,,,,,,,,,,,,
YRK176085,30.78995918,-25.12186491,,,,,,,,,,,,,,,,,,,,
YRK176086,30.78567713,-25.12005298,,,,,,,,,,,,,,,,,,,,
YRK176087,30.78667371,-25.13651591,,,,,,,,,,,,,,,,,,,,
YRK176088,30.7856129,-25.13734102,,,,,,,,,,,,,,,,,,,,
YRK176089,30.7702424,-25.12802396,,,,,,,,,,,,,,,,,,,,
YRK176090,30.77742829,-25.12662776,,,,,,,,,,,,,,,,,,,,
YRK176091,30.77619242,-25.12592788,,,,,,,,,,,,,,,,,,,,
YRK176092,30.77404825,-25.12758871,,,,,,,,,,,,,,,,,,,,
YRK176093,30.7665059,-25.13370464,,,,,,,,,,,,,,,,,,,,
YRK176094,30.76609978,-25.13819062,,,,,,,,,,,,,,,,,,,,
YRK176095,30.76379525,-25.13817621,,,,,,,,,,,,,,,,,,,,
YRK176097,30.77616001,-25.13838552,,,,,,,,,,,,,,,,,,,,
YRK176098,30.79072771,-25.13493094,,,,,,,,,,,,,,,,,,,,
YRK176099,30.78482369,-25.14292467,,,,,,,,,,,,,,,,,,,,
YRK176100,30.77596922,-25.14670973,,,,,,,,,,,,,,,,,,,,
YRK176101,30.77969454,-25.13507908,,,,,,,,,,,,,,,,,,,,
YRK176102,30.7925604,-25.12517987,,,,,,,,,,,,,,,,,,,,
YRK176105,30.77541909,-25.15927225,,,,,,,,,,,,,,,,,,,,
YRK176106,30.78739866,-25.1593841,,,,,,,,,,,,,,,,,,,,
YRK176107,30.78820004,-25.12806368,,,,,,,,,,,,,,,,,,,,
YRK176108,30.78492143,-25.11798318,,,,,,,,,,,,,,,,,,,,
YRK176109,30.79235872,-25.1299422,,,,,,,,,,,,,,,,,,,,
YRK176110,30.82676911,-25.21798099,,,,,,,,,,,,,,,,,,,,
YRK176111,30.82253125,-25.22415517,,,,,,,,,,,,,,,,,,,,
YRK176112,30.82072853,-25.22242164,,,,,,,,,,,,,,,,,,,,
YRK176113,30.81483364,-25.22444982,,,,,,,,,,,,,,,,,,,,
YRK176114,30.80894102,-25.22564978,,,,,,,,,,,,,,,,,,,,
YRK176115,30.80902289,-25.21983405,,,,,,,,,,,,,,,,,,,,
YRK176116,30.80965735,-25.2142868,,,,,,,,,,,,,,,,,,,,
YRK176117,30.80570483,-25.22493285,,,,,,,,,,,,,,,,,,,,
YRK176118,30.80049118,-25.22139649,,,,,,,,,,,,,,,,,,,,
YRK176119,30.81333282,-25.21432517,,,,,,,,,,,,,,,,,,,,
YRK176120,30.80837025,-25.2416256,,,,,,,,,,,,,,,,,,,,
YRK176121,30.80596177,-25.24156594,,,,,,,,,,,,,,,,,,,,
YRK176122,30.80549714,-25.22815756,,,,,,,,,,,,,,,,,,,,
YRK176123,30.8159148,-25.23598815,,,,,,,,,,,,,,,,,,,,
YRK176124,30.81394283,-25.23887263,,,,,,,,,,,,,,,,,,,,
YRK176125,30.80955013,-25.23854209,,,,,,,,,,,,,,,,,,,,
YRK176126,30.73243054,-26.38362885,,,,,,,,,,,,,,,,,,,,
YRK176127,30.73163814,-26.38424413,,,,,,,,,,,,,,,,,,,,
YRK176128,30.79617762,-24.88392555,,,,,,,,,,,,,,,,,,,,
YRK176129,30.64332255,-26.1637919,,,,,,,,,,,,,,,,,,,,
YRK176130,30.63883701,-26.2093087,,,,,,,,,,,,,,,,,,,,
YRK176131,30.64095113,-26.20881945,,,,,,,,,,,,,,,,,,,,
YRK176132,30.65117366,-26.20472548,,,,,,,,,,,,,,,,,,,,
YRK176133,30.76615736,-26.22237799,,,,,,,,,,,,,,,,,,,,
YRK176134,30.7639642,-26.22281702,,,,,,,,,,,,,,,,,,,,
YRK176139,30.65509125,-26.21206213,,,,,,,,,,,,,,,,,,,,
YRK176140,30.6543623,-26.21015916,,,,,,,,,,,,,,,,,,,,
YRK176141,30.68786194,-26.25145914,,,,,,,,,,,,,,,,,,,,
YRK176142,30.80641167,-26.19292941,,,,,,,,,,,,,,,,,,,,
YRK176143,30.77225428,-26.21499965,,,,,,,,,,,,,,,,,,,,
YRK176144,30.76582735,-26.20431889,,,,,,,,,,,,,,,,,,,,
YRK176145,30.81386251,-26.21068308,,,,,,,,,,,,,,,,,,,,
YRK176146,30.81573454,-26.21132267,,,,,,,,,,,,,,,,,,,,
YRK176147,30.6611797,-26.18444234,,,,,,,,,,,,,,,,,,,,
YRK176149,30.67898648,-26.18609306,,,,,,,,,,,,,,,,,,,,
YRK176150,30.68924934,-26.18976569,,,,,,,,,,,,,,,,,,,,
YRK176151,30.65669505,-26.16765326,,,,,,,,,,,,,,,,,,,,
YRK176153,30.68979248,-26.18566877,,,,,,,,,,,,,,,,,,,,
YRK176154,30.69558564,-26.15899013,,,,,,,,,,,,,,,,,,,,
YRK176155,30.73628013,-26.11907603,,,,,,,,,,,,,,,,,,,,
YRK176156,30.7387929,-26.1167054,,,,,,,,,,,,,,,,,,,,
YRK176157,30.72053857,-26.13384549,,,,,,,,,,,,,,,,,,,,
YRK176160,30.71885064,-26.14273853,,,,,,,,,,,,,,,,,,,,
YRK176161,30.67170112,-26.14791645,,,,,,,,,,,,,,,,,,,,
YRK176162,30.69510119,-26.13600817,,,,,,,,,,,,,,,,,,,,
YRK176163,30.69471964,-26.14176296,,,,,,,,,,,,,,,,,,,,
YRK176164,30.72823048,-26.14840784,,,,,,,,,,,,,,,,,,,,
YRK176165,30.72612103,-26.14320155,,,,,,,,,,,,,,,,,,,,
YRK176166,30.72522224,-26.14438669,,,,,,,,,,,,,,,,,,,,
YRK176169,30.73791786,-26.13529319,,,,,,,,,,,,,,,,,,,,
YRK176171,30.85263661,-24.69176828,,,,,,,,,,,,,,,,,,,,
YRK176172,30.85397461,-24.69337407,,,,,,,,,,,,,,,,,,,,
YRK176173,30.68785301,-25.21722208,,,,,,,,,,,,,,,,,,,,
YRK176175,30.74067661,-26.13555694,,,,,,,,,,,,,,,,,,,,
YRK176177,30.61703651,-25.17342163,,,,,,,,,,,,,,,,,,,,
YRK176179,30.76498079,-24.96749039,,,,,,,,,,,,,,,,,,,,
YRK176180,30.60147597,-25.2043523,,,,,,,,,,,,,,,,,,,,
YRK176182,30.62390857,-25.22096326,,,,,,,,,,,,,,,,,,,,
YRK176183,30.62581647,-25.23205799,,,,,,,,,,,,,,,,,,,,
YRK176184,30.62186517,-25.22933707,,,,,,,,,,,,,,,,,,,,
YRK176185,30.61662014,-25.23379121,,,,,,,,,,,,,,,,,,,,
YRK176186,30.61388664,-25.235809,,,,,,,,,,,,,,,,,,,,
YRK176187,30.60778933,-25.22217023,,,,,,,,,,,,,,,,,,,,
YRK176204,30.85953591,-25.03786653,,,,,,,,,,,,,,,,,,,,
YRK176207,30.69735421,-25.1697212,,,,,,,,,,,,,,,,,,,,
YRK176209,30.64059731,-25.19588169,,,,,,,,,,,,,,,,,,,,
YRK176210,30.74508352,-25.19945492,,,,,,,,,,,,,,,,,,,,
YRK176230,30.73973063,-25.15867169,,,,,,,,,,,,,,,,,,,,
YRK176231,30.73869973,-25.15475338,,,,,,,,,,,,,,,,,,,,
YRK176236,30.66820592,-25.24641801,,,,,,,,,,,,,,,,,,,,
YRK176237,30.69392237,-25.28613806,,,,,,,,,,,,,,,,,,,,
YRK176238,30.70174669,-25.2863816,,,,,,,,,,,,,,,,,,,,
YRK176239,30.5006999,-26.24525946,,,,,,,,,,,,,,,,,,,,
YRK176240,30.50275809,-26.2441096,,,,,,,,,,,,,,,,,,,,
YRK176241,30.51379199,-26.25456232,,,,,,,,,,,,,,,,,,,,
YRK176242,30.50601992,-26.26305156,,,,,,,,,,,,,,,,,,,,
YRK176243,30.50551952,-26.25462593,,,,,,,,,,,,,,,,,,,,
YRK176244,30.50159358,-26.24107256,,,,,,,,,,,,,,,,,,,,
YRK176246,30.46810854,-26.26640601,,,,,,,,,,,,,,,,,,,,
YRK176247,30.46060932,-26.27832425,,,,,,,,,,,,,,,,,,,,
YRK176248,30.46374632,-26.27790181,,,,,,,,,,,,,,,,,,,,
YRK176249,30.46804268,-26.2794493,,,,,,,,,,,,,,,,,,,,
YRK176250,30.47254197,-26.28031664,,,,,,,,,,,,,,,,,,,,
YRK176251,30.47025218,-26.26123272,,,,,,,,,,,,,,,,,,,,
YRK176252,30.54715948,-26.28746459,,,,,,,,,,,,,,,,,,,,
YRK176253,30.56682216,-26.27542316,,,,,,,,,,,,,,,,,,,,
YRK176254,30.54845421,-26.28190605,,,,,,,,,,,,,,,,,,,,
YRK176255,30.54870362,-26.28275368,,,,,,,,,,,,,,,,,,,,
YRK176256,30.5074422,-26.25575675,,,,,,,,,,,,,,,,,,,,
YRK176257,30.48685076,-26.24455623,,,,,,,,,,,,,,,,,,,,
YRK176258,30.54969164,-26.28013591,,,,,,,,,,,,,,,,,,,,
YRK176260,30.42512904,-26.20465772,,,,,,,,,,,,,,,,,,,,
YRK176261,30.44950629,-26.20361722,,,,,,,,,,,,,,,,,,,,
YRK176262,30.44845327,-26.20626218,,,,,,,,,,,,,,,,,,,,
YRK176263,30.46311337,-26.21364024,,,,,,,,,,,,,,,,,,,,
YRK176265,30.46998414,-26.19184268,,,,,,,,,,,,,,,,,,,,
YRK176266,30.46328926,-26.20305811,,,,,,,,,,,,,,,,,,,,
YRK176267,30.46327267,-26.226283,,,,,,,,,,,,,,,,,,,,
YRK176269,30.45998619,-26.22986395,,,,,,,,,,,,,,,,,,,,
YRK176270,30.43898812,-26.22964853,,,,,,,,,,,,,,,,,,,,
YRK176271,30.45234858,-26.17725425,,,,,,,,,,,,,,,,,,,,
YRK176272,30.45189125,-26.17696804,,,,,,,,,,,,,,,,,,,,
YRK176273,30.45891321,-26.16312221,,,,,,,,,,,,,,,,,,,,
YRK176274,30.43431736,-26.14509622,,,,,,,,,,,,,,,,,,,,
YRK176277,30.45871236,-26.10155545,,,,,,,,,,,,,,,,,,,,
YRK176278,30.46945017,-26.18468797,,,,,,,,,,,,,,,,,,,,
YRK176279,30.46961488,-26.1834318,,,,,,,,,,,,,,,,,,,,
YRK176280,30.47401634,-26.18266244,,,,,,,,,,,,,,,,,,,,
YRK176281,30.47382134,-26.18197439,,,,,,,,,,,,,,,,,,,,
YRK176282,30.49642561,-26.15834829,,,,,,,,,,,,,,,,,,,,
YRK176283,30.51113574,-26.17065369,,,,,,,,,,,,,,,,,,,,
YRK176284,30.48444641,-26.15486383,,,,,,,,,,,,,,,,,,,,
YRK176285,30.42413462,-26.19259242,,,,,,,,,,,,,,,,,,,,
YRK176286,30.78198,-25.10812531,,,,,,,,,,,,,,,,,,,,
YRK176289,30.77126236,-25.11116331,,,,,,,,,,,,,,,,,,,,
YRK176293,30.85820395,-24.78274017,,,,,,,,,,,,,,,,,,,,
YRK176294,30.41192015,-26.16031527,,,,,,,,,,,,,,,,,,,,
YRK176297,30.45208706,-26.09112762,,,,,,,,,,,,,,,,,,,,
YRK176298,30.77201152,-24.90248292,,,,,,,,,,,,,,,,,,,,
YRK176299,30.80378047,-24.90668111,,,,,,,,,,,,,,,,,,,,
YRK176300,30.83288067,-25.05232962,,,,,,,,,,,,,,,,,,,,
YRK176301,30.8093196,-24.8754241,,,,,,,,,,,,,,,,,,,,
YRK176304,30.39910631,-26.17486354,,,,,,,,,,,,,,,,,,,,
YRK176306,30.44703115,-26.10050393,,,,,,,,,,,,,,,,,,,,
YRK176307,30.45242381,-26.12989196,,,,,,,,,,,,,,,,,,,,
YRK176308,30.46092517,-26.12684417,,,,,,,,,,,,,,,,,,,,
YRK176309,30.43218906,-26.07749432,,,,,,,,,,,,,,,,,,,,
YRK176310,30.40390292,-26.17790494,,,,,,,,,,,,,,,,,,,,
YRK176311,30.40858516,-26.17876311,,,,,,,,,,,,,,,,,,,,
YRK176312,30.47326987,-26.11122501,,,,,,,,,,,,,,,,,,,,
YRK176313,30.39388642,-26.16881824,,,,,,,,,,,,,,,,,,,,
YRK176314,30.76266007,-26.21886456,,,,,,,,,,,,,,,,,,,,
YRK176315,30.76571549,-26.22043284,,,,,,,,,,,,,,,,,,,,
YRK176316,30.79477488,-25.22194194,,,,,,,,,,,,,,,,,,,,
YRK176318,30.78057604,-24.87562911,,,,,,,,,,,,,,,,,,,,
YRK176321,30.75845767,-26.15494468,,,,,,,,,,,,,,,,,,,,
YRK176322,30.79605706,-25.22245585,,,,,,,,,,,,,,,,,,,,
YRK176325,30.66564483,-25.27217979,,,,,,,,,,,,,,,,,,,,
YRK176330,30.77410307,-26.21323957,,,,,,,,,,,,,,,,,,,,
YRK176350,30.70745927,-25.00544907,,,,,,,,,,,,,,,,,,,,
YRK176351,30.79135602,-25.10825631,,,,,,,,,,,,,,,,,,,,
YRK176352,30.45669565,-26.11505902,,,,,,,,,,,,,,,,,,,,
YRK176353,30.70135034,-25.00502644,,,,,,,,,,,,,,,,,,,,
YRK176354,30.75614628,-25.1515284,,,,,,,,,,,,,,,,,,,,
YRK176355,30.64531772,-25.28247236,,,,,,,,,,,,,,,,,,,,
YRK176358,30.64674813,-25.28599752,,,,,,,,,,,,,,,,,,,,
YRK176363,30.64775862,-25.28520616,,,,,,,,,,,,,,,,,,,,
YRK176364,30.64708146,-25.28775358,,,,,,,,,,,,,,,,,,,,
YRK176369,30.70395942,-25.13116801,,,,,,,,,,,,,,,,,,,,
YRK176370,30.67908102,-25.1352225,,,,,,,,,,,,,,,,,,,,
YRK176372,30.68416232,-25.13201119,,,,,,,,,,,,,,,,,,,,
YRK176373,30.69306176,-26.32108125,,,,,,,,,,,,,,,,,,,,
YRK176374,30.65481737,-26.2982549,,,,,,,,,,,,,,,,,,,,
YRK176375,30.6570576,-26.30093946,,,,,,,,,,,,,,,,,,,,
YRK176376,30.70128245,-26.3182973,,,,,,,,,,,,,,,,,,,,
YRK176377,30.7019744,-26.31800588,,,,,,,,,,,,,,,,,,,,
YRK176378,30.70261915,-26.31841597,,,,,,,,,,,,,,,,,,,,
YRK176379,30.73308975,-26.40473013,,,,,,,,,,,,,,,,,,,,
YRK176380,30.69916858,-26.2470167,,,,,,,,,,,,,,,,,,,,
YRK176381,30.69758879,-26.24516903,,,,,,,,,,,,,,,,,,,,
YRK176382,30.71405854,-26.29629162,,,,,,,,,,,,,,,,,,,,
YRK176383,30.65639946,-26.31252421,,,,,,,,,,,,,,,,,,,,
YRK176384,30.82921196,-25.17488462,,,,,,,,,,,,,,,,,,,,
YRK176385,30.82381935,-25.17714865,,,,,,,,,,,,,,,,,,,,
YRK176386,30.8265712,-25.17941532,,,,,,,,,,,,,,,,,,,,
YRK176387,30.81290976,-25.1910291,,,,,,,,,,,,,,,,,,,,
YRK176388,30.81544747,-25.18037488,,,,,,,,,,,,,,,,,,,,
YRK176389,30.8079711,-25.18491816,,,,,,,,,,,,,,,,,,,,
YRK176390,30.81025373,-25.18223237,,,,,,,,,,,,,,,,,,,,
YRK176391,30.81105939,-25.17672157,,,,,,,,,,,,,,,,,,,,
YRK176392,30.82365943,-25.19404525,,,,,,,,,,,,,,,,,,,,
YRK176393,30.75469818,-25.00160605,,,,,,,,,,,,,,,,,,,,
YRK176394,30.61899881,-25.16487482,,,,,,,,,,,,,,,,,,,,
YRK176395,30.62206587,-25.16803656,,,,,,,,,,,,,,,,,,,,
YRK176432,30.7178853,-25.145371,,,,,,,,,,,,,,,,,,,,
YRK176433,30.73559895,-25.12381891,,,,,,,,,,,,,,,,,,,,
YRK176434,30.73850367,-25.12516902,,,,,,,,,,,,,,,,,,,,
YRK176435,30.73341449,-25.13279808,,,,,,,,,,,,,,,,,,,,
YRK176436,30.73613429,-25.13540347,,,,,,,,,,,,,,,,,,,,
YRK176437,30.73689362,-25.13996031,,,,,,,,,,,,,,,,,,,,
YRK176438,30.73488287,-25.14274034,,,,,,,,,,,,,,,,,,,,
YRK176439,30.73605861,-25.14367936,,,,,,,,,,,,,,,,,,,,
YRK176440,30.73869858,-25.14468799,,,,,,,,,,,,,,,,,,,,
YRK176441,30.73997692,-25.14335186,,,,,,,,,,,,,,,,,,,,
YRK176442,30.74490365,-25.12885845,,,,,,,,,,,,,,,,,,,,
YRK176443,30.74350776,-25.13061009,,,,,,,,,,,,,,,,,,,,
YRK176444,30.74322582,-25.13520832,,,,,,,,,,,,,,,,,,,,
YRK176445,30.7512365,-25.13139975,,,,,,,,,,,,,,,,,,,,
YRK176446,30.74702434,-25.1351626,,,,,,,,,,,,,,,,,,,,
YRK176447,30.74974415,-25.13355811,,,,,,,,,,,,,,,,,,,,
YRK176448,30.75269069,-25.1344707,,,,,,,,,,,,,,,,,,,,
YRK176449,30.74804629,-25.13752316,,,,,,,,,,,,,,,,,,,,
YRK176450,30.75149685,-25.13855092,,,,,,,,,,,,,,,,,,,,
YRK176451,30.75553049,-25.14007131,,,,,,,,,,,,,,,,,,,,
YRK176452,30.75956565,-25.13417924,,,,,,,,,,,,,,,,,,,,
YRK176453,30.75804131,-25.13536373,,,,,,,,,,,,,,,,,,,,
YRK176454,30.75607672,-25.13438726,,,,,,,,,,,,,,,,,,,,
YRK176455,30.75799435,-25.13341236,,,,,,,,,,,,,,,,,,,,
YRK176456,30.85864922,-25.02597492,,,,,,,,,,,,,,,,,,,,
YRK176457,30.83306604,-24.70976653,,,,,,,,,,,,,,,,,,,,
YRK176459,30.69992231,-25.17353127,,,,,,,,,,,,,,,,,,,,
YRK176460,30.70247924,-25.16638006,,,,,,,,,,,,,,,,,,,,
YRK176461,30.70978055,-25.16669687,,,,,,,,,,,,,,,,,,,,
YRK176462,30.71138123,-25.17127069,,,,,,,,,,,,,,,,,,,,
YRK176463,30.70681073,-25.17455953,,,,,,,,,,,,,,,,,,,,
YRK176464,30.70468734,-25.16936995,,,,,,,,,,,,,,,,,,,,
YRK176465,30.69821323,-25.13975526,,,,,,,,,,,,,,,,,,,,
YRK176466,30.69503666,-25.13872535,,,,,,,,,,,,,,,,,,,,
YRK176467,30.69279653,-25.14016321,,,,,,,,,,,,,,,,,,,,
YRK176468,30.68227053,-25.16248148,,,,,,,,,,,,,,,,,,,,
YRK176469,30.68682095,-25.1605867,,,,,,,,,,,,,,,,,,,,
YRK176470,30.68813979,-25.1554376,,,,,,,,,,,,,,,,,,,,
YRK176471,30.6862862,-25.15440381,,,,,,,,,,,,,,,,,,,,
YRK176472,30.68426806,-25.15852269,,,,,,,,,,,,,,,,,,,,
YRK176473,30.68530896,-25.15262606,,,,,,,,,,,,,,,,,,,,
YRK176475,30.73492098,-25.15216462,,,,,,,,,,,,,,,,,,,,
YRK176476,30.80223421,-24.89557569,,,,,,,,,,,,,,,,,,,,
YRK176477,30.80542851,-24.90145405,,,,,,,,,,,,,,,,,,,,
YRK176478,30.73056832,-25.03307533,,,,,,,,,,,,,,,,,,,,
YRK176843,30.84052159,-24.69352325,,,,,,,,,,,,,,,,,,,,
YRK176844,30.83846688,-24.69391982,,,,,,,,,,,,,,,,,,,,
YRK176845,30.85094763,-24.74695105,,,,,,,,,,,,,,,,,,,,
YRK176849,30.8275204,-25.03888352,,,,,,,,,,,,,,,,,,,,
YRK176850,30.7679227,-25.2392551,,,,,,,,,,,,,,,,,,,,
YRK176851,30.76751824,-25.24095835,,,,,,,,,,,,,,,,,,,,
YRK176852,30.84119274,-24.91368152,,,,,,,,,,,,,,,,,,,,
YRK176853,30.67771134,-26.24387972,,,,,,,,,,,,,,,,,,,,
YRK176854,30.67686417,-26.14101009,,,,,,,,,,,,,,,,,,,,
YRK176855,30.68766109,-26.15886313,,,,,,,,,,,,,,,,,,,,
YRK176856,30.44858012,-26.17213841,,,,,,,,,,,,,,,,,,,,
YRK176857,30.47952124,-26.18053634,,,,,,,,,,,,,,,,,,,,
YRK176858,30.80851501,-24.89925994,,,,,,,,,,,,,,,,,,,,
YRK176860,30.45765357,-26.21520725,,,,,,,,,,,,,,,,,,,,
YRK176864,30.67770047,-26.22059907,,,,,,,,,,,,,,,,,,,,
YRK176868,30.7795881,-25.22206215,,,,,,,,,,,,,,,,,,,,
YRK176869,30.78299763,-25.22455728,,,,,,,,,,,,,,,,,,,,
YRK176870,30.7810475,-25.22818203,,,,,,,,,,,,,,,,,,,,
YRK176871,30.69688541,-25.16721461,,,,,,,,,,,,,,,,,,,,
YRK176872,30.73355231,-25.14242371,,,,,,,,,,,,,,,,,,,,
YRK176873,30.73421335,-25.14560549,,,,,,,,,,,,,,,,,,,,
YRK176881,30.68355152,-25.14545319,,,,,,,,,,,,,,,,,,,,
YRK176882,30.72983569,-25.18310824,,,,,,,,,,,,,,,,,,,,
YRK176884,30.5973742,-25.20529508,,,,,,,,,,,,,,,,,,,,
YRK176885,30.62011226,-25.16784015,,,,,,,,,,,,,,,,,,,,
YRK176886,30.62035849,-25.20579627,,,,,,,,,,,,,,,,,,,,
YRK176887,30.59508641,-25.19397309,,,,,,,,,,,,,,,,,,,,
YRK176888,30.63098812,-25.17100913,,,,,,,,,,,,,,,,,,,,
YRK176889,30.5911518,-25.20258181,,,,,,,,,,,,,,,,,,,,
YRK176890,30.59405581,-25.2010655,,,,,,,,,,,,,,,,,,,,
YRK176891,30.59572136,-25.20235111,,,,,,,,,,,,,,,,,,,,
YRK176892,30.84025239,-25.16885748,,,,,,,,,,,,,,,,,,,,
YRK176893,30.59958608,-25.21319956,,,,,,,,,,,,,,,,,,,,
YRK176894,30.68072488,-25.27824756,,,,,,,,,,,,,,,,,,,,
YRK176902,30.74600387,-25.15869925,,,,,,,,,,,,,,,,,,,,
YRK176904,30.74538939,-25.16334251,,,,,,,,,,,,,,,,,,,,
YRK176906,30.7417231,-25.16494375,,,,,,,,,,,,,,,,,,,,
YRK176908,30.73993821,-25.16316982,,,,,,,,,,,,,,,,,,,,
YRK176910,30.76353401,-26.14846653,,,,,,,,,,,,,,,,,,,,
YRK176911,30.76362739,-26.15118419,,,,,,,,,,,,,,,,,,,,
YRK176912,30.75787413,-26.14737043,,,,,,,,,,,,,,,,,,,,
YRK176913,30.7631445,-26.15268181,,,,,,,,,,,,,,,,,,,,
YRK176915,30.64607642,-26.35865275,,,,,,,,,,,,,,,,,,,,
YRK176918,30.66346418,-25.24354807,,,,,,,,,,,,,,,,,,,,
YRK176920,30.66564268,-25.24503161,,,,,,,,,,,,,,,,,,,,
YRK176922,30.66945134,-25.24615511,,,,,,,,,,,,,,,,,,,,
YRK176924,30.65356636,-25.24829009,,,,,,,,,,,,,,,,,,,,
YRK176926,30.65085493,-25.25008359,,,,,,,,,,,,,,,,,,,,
YRK176928,30.64787888,-25.24853295,,,,,,,,,,,,,,,,,,,,
YRK176930,30.6568921,-25.25125649,,,,,,,,,,,,,,,,,,,,
YRK176932,30.65315378,-25.2530899,,,,,,,,,,,,,,,,,,,,
YRK176934,30.67111775,-25.26138498,,,,,,,,,,,,,,,,,,,,
YRK176936,30.67213269,-25.2572631,,,,,,,,,,,,,,,,,,,,
YRK176938,30.66437407,-25.26279014,,,,,,,,,,,,,,,,,,,,
YRK176940,30.66160527,-25.26473827,,,,,,,,,,,,,,,,,,,,
YRK176942,30.66808942,-25.26402351,,,,,,,,,,,,,,,,,,,,
YRK176944,30.66718118,-25.2712992,,,,,,,,,,,,,,,,,,,,
YRK176946,30.66047683,-25.24096263,,,,,,,,,,,,,,,,,,,,
YRK176948,30.65866381,-25.23952827,,,,,,,,,,,,,,,,,,,,
YRK176950,30.65468334,-25.24255483,,,,,,,,,,,,,,,,,,,,
YRK176952,30.64709552,-25.28936195,,,,,,,,,,,,,,,,,,,,
YRK176954,30.70992488,-25.2469081,,,,,,,,,,,,,,,,,,,,
YRK176955,30.70159101,-25.23208049,,,,,,,,,,,,,,,,,,,,
YRK176956,30.70042218,-25.22656162,,,,,,,,,,,,,,,,,,,,
YRK176957,30.70489552,-25.23483993,,,,,,,,,,,,,,,,,,,,
YRK176958,30.70666838,-25.23887623,,,,,,,,,,,,,,,,,,,,
YRK176959,30.67255642,-25.25063609,,,,,,,,,,,,,,,,,,,,
YRK176961,30.67065369,-25.24900587,,,,,,,,,,,,,,,,,,,,
YRK176971,30.77102367,-25.21359683,,,,,,,,,,,,,,,,,,,,
YRK176972,30.68451566,-25.20867559,,,,,,,,,,,,,,,,,,,,
YRK176973,30.77624721,-25.15339192,,,,,,,,,,,,,,,,,,,,
YRK176974,30.78737571,-25.14810314,,,,,,,,,,,,,,,,,,,,
YRK176975,30.79334277,-25.1462879,,,,,,,,,,,,,,,,,,,,
YRK178518,30.77512928,-25.16896592,,,,,,,,,,,,,,,,,,,,
YRK178519,30.85117753,-24.91776271,,,,,,,,,,,,,,,,,,,,
YRK178520,30.77154529,-25.16745924,,,,,,,,,,,,,,,,,,,,
YRK178531,30.78025314,-25.10673519,,,,,,,,,,,,,,,,,,,,
YRK178532,30.78064238,-25.10573688,,,,,,,,,,,,,,,,,,,,
YRK178533,30.78049929,-25.10383826,,,,,,,,,,,,,,,,,,,,
YRK178534,30.77950123,-25.10409025,,,,,,,,,,,,,,,,,,,,
YRK178535,30.78859995,-25.10504345,,,,,,,,,,,,,,,,,,,,
YRK178537,30.85201666,-24.78247178,,,,,,,,,,,,,,,,,,,,
YRK178538,30.84763903,-24.78658667,,,,,,,,,,,,,,,,,,,,
YRK178539,30.84553834,-24.78356909,,,,,,,,,,,,,,,,,,,,
YRK178540,30.85461564,-24.78565923,,,,,,,,,,,,,,,,,,,,
YRK178542,30.85180209,-24.78884284,,,,,,,,,,,,,,,,,,,,
YRK178543,30.85520447,-24.78471969,,,,,,,,,,,,,,,,,,,,
YRK178558,30.7846839,-25.10921778,,,,,,,,,,,,,,,,,,,,
YRK178586,30.84870614,-24.80044803,,,,,,,,,,,,,,,,,,,,
YRK178587,30.79509167,-24.85994183,,,,,,,,,,,,,,,,,,,,
YRK178624,30.71366196,-25.03264081,,,,,,,,,,,,,,,,,,,,
YRK178669,30.72256319,-25.1532541,,,,,,,,,,,,,,,,,,,,
YRK178670,30.7325487,-25.15131038,,,,,,,,,,,,,,,,,,,,
YRK178672,30.77522577,-25.18804766,,,,,,,,,,,,,,,,,,,,
YRK178676,30.79947197,-25.10847496,,,,,,,,,,,,,,,,,,,,
YRK178678,30.63362658,-25.26917121,,,,,,,,,,,,,,,,,,,,
YRK178679,30.63697954,-25.26421668,,,,,,,,,,,,,,,,,,,,
YRK178680,30.64036694,-25.26469824,,,,,,,,,,,,,,,,,,,,
YRK178681,30.67798014,-25.16864375,,,,,,,,,,,,,,,,,,,,
YRK178682,30.68285781,-25.17166531,,,,,,,,,,,,,,,,,,,,
YRK178683,30.6922757,-25.21447616,,,,,,,,,,,,,,,,,,,,
YRK178684,30.68838106,-25.2111312,,,,,,,,,,,,,,,,,,,,
YRK178685,30.85497579,-25.02578789,,,,,,,,,,,,,,,,,,,,
YRK178686,30.7632702,-25.22551115,,,,,,,,,,,,,,,,,,,,
YRK178705,30.44531873,-26.16294524,,,,,,,,,,,,,,,,,,,,
YRK178706,30.44243275,-26.16392176,,,,,,,,,,,,,,,,,,,,
YRK178794,30.66231478,-26.30074609,,,,,,,,,,,,,,,,,,,,
YRK178795,30.85738784,-24.80272481,,,,,,,,,,,,,,,,,,,,
YRK178796,30.77794074,-24.879542,,,,,,,,,,,,,,,,,,,,
YRK178797,30.77808772,-24.88029455,,,,,,,,,,,,,,,,,,,,
YRK178798,30.77605032,-24.88038354,,,,,,,,,,,,,,,,,,,,
YRK178799,30.62507645,-25.23125096,,,,,,,,,,,,,,,,,,,,
YRK178800,30.62794619,-25.23359226,,,,,,,,,,,,,,,,,,,,
YRK178801,30.62182609,-25.23042321,,,,,,,,,,,,,,,,,,,,
YRK178802,30.63184639,-25.23099391,,,,,,,,,,,,,,,,,,,,
YRK178803,30.63484268,-25.22923223,,,,,,,,,,,,,,,,,,,,
YRK178804,30.63491884,-25.22675199,,,,,,,,,,,,,,,,,,,,
YRK178805,30.63555191,-25.22384106,,,,,,,,,,,,,,,,,,,,
YRK178806,30.64322745,-25.27971396,,,,,,,,,,,,,,,,,,,,
YRK178807,30.84604177,-24.80544135,,,,,,,,,,,,,,,,,,,,
YRK178808,30.65168173,-25.27417646,,,,,,,,,,,,,,,,,,,,
YRK178820,30.76606574,-24.90335085,,,,,,,,,,,,,,,,,,,,
YRK178829,30.84377746,-24.78757006,,,,,,,,,,,,,,,,,,,,
YRK178831,30.8589879,-24.78924494,,,,,,,,,,,,,,,,,,,,
YRK178839,30.84062393,-24.70855486,,,,,,,,,,,,,,,,,,,,
YRK178840,30.77002859,-24.91353843,,,,,,,,,,,,,,,,,,,,
YRK178842,30.77818995,-24.91590101,,,,,,,,,,,,,,,,,,,,
YRK178962,30.6881282,-26.21337173,,,,,,,,,,,,,,,,,,,,
YRK178963,30.68534437,-26.21120718,,,,,,,,,,,,,,,,,,,,
YRK178964,30.68990973,-26.21291123,,,,,,,,,,,,,,,,,,,,
YRK178965,30.68993069,-26.21017597,,,,,,,,,,,,,,,,,,,,
YRK178978,30.71121738,-25.15875453,,,,,,,,,,,,,,,,,,,,
YRK178980,30.64416315,-25.29724478,,,,,,,,,,,,,,,,,,,,
YRK178982,30.43695449,-26.09086916,,,,,,,,,,,,,,,,,,,,
YRK178983,30.67628138,-25.32490504,,,,,,,,,,,,,,,,,,,,
YRK179003,30.65967637,-26.31085384,,,,,,,,,,,,,,,,,,,,
YRK179004,30.67545896,-26.32239533,,,,,,,,,,,,,,,,,,,,
YRK179005,30.64245165,-25.20516493,,,,,,,,,,,,,,,,,,,,
YRK179006,30.72269479,-26.32199019,,,,,,,,,,,,,,,,,,,,
YRK179007,30.73073579,-26.3276309,,,,,,,,,,,,,,,,,,,,
YRK179008,30.7391416,-26.13684521,,,,,,,,,,,,,,,,,,,,
YRK179030,30.73153961,-24.97498106,,,,,,,,,,,,,,,,,,,,
YRK179031,30.72292909,-24.96916275,,,,,,,,,,,,,,,,,,,,
YRK179032,30.72552969,-24.96778938,,,,,,,,,,,,,,,,,,,,
YRK179037,30.74947743,-24.97227574,,,,,,,,,,,,,,,,,,,,
YRK179038,30.75912853,-25.1880738,,,,,,,,,,,,,,,,,,,,
YRK179056,30.80024937,-24.86775698,,,,,,,,,,,,,,,,,,,,
YRK179059,30.65336017,-25.26300635,,,,,,,,,,,,,,,,,,,,
YRK179063,30.74726339,-24.97813917,,,,,,,,,,,,,,,,,,,,
YRK179064,30.73143859,-24.98359365,,,,,,,,,,,,,,,,,,,,
YRK179065,30.73540231,-24.98279512,,,,,,,,,,,,,,,,,,,,
YRK179066,30.74207512,-24.98062708,,,,,,,,,,,,,,,,,,,,
YRK179077,30.85928082,-24.78544092,,,,,,,,,,,,,,,,,,,,
YRK179078,30.85207091,-24.80179589,,,,,,,,,,,,,,,,,,,,
YRK179079,30.84689953,-24.79759129,,,,,,,,,,,,,,,,,,,,
YRK179080,30.77171647,-25.19367098,,,,,,,,,,,,,,,,,,,,
YRK179166,30.64488982,-26.19982998,,,,,,,,,,,,,,,,,,,,
YRK179168,30.7484777,-24.9739757,,,,,,,,,,,,,,,,,,,,
YRK179169,30.74449879,-24.9428155,,,,,,,,,,,,,,,,,,,,
YRK179170,30.72604432,-24.98475992,,,,,,,,,,,,,,,,,,,,
YRK179171,30.72332458,-24.98473009,,,,,,,,,,,,,,,,,,,,
YRK179173,30.72581249,-24.95620418,,,,,,,,,,,,,,,,,,,,
YRK179174,30.85375732,-24.7757912,,,,,,,,,,,,,,,,,,,,
YRK179175,30.85387858,-24.78814451,,,,,,,,,,,,,,,,,,,,
YRK179176,30.72149835,-24.99114689,,,,,,,,,,,,,,,,,,,,
YRK179180,30.74589095,-24.9295254,,,,,,,,,,,,,,,,,,,,
YRK179181,30.77916385,-24.89935703,,,,,,,,,,,,,,,,,,,,
YRK179182,30.78988592,-25.10668345,,,,,,,,,,,,,,,,,,,,
YRK179184,30.81294189,-25.17578777,,,,,,,,,,,,,,,,,,,,
YRK179190,30.7103583,-24.98858902,,,,,,,,,,,,,,,,,,,,
YRK179191,30.70626236,-24.98701093,,,,,,,,,,,,,,,,,,,,
YRK179192,30.70247551,-24.98352643,,,,,,,,,,,,,,,,,,,,
YRK179193,30.69765236,-25.02245541,,,,,,,,,,,,,,,,,,,,
YRK179194,30.69214195,-25.02123752,,,,,,,,,,,,,,,,,,,,
YRK179205,30.69787336,-24.99731658,,,,,,,,,,,,,,,,,,,,
YRK179206,30.73243858,-24.96562667,,,,,,,,,,,,,,,,,,,,
YRK179207,30.7408497,-24.98600057,,,,,,,,,,,,,,,,,,,,
YRK179208,30.70865229,-24.98772975,,,,,,,,,,,,,,,,,,,,
YRK179209,30.80699449,-25.20929924,,,,,,,,,,,,,,,,,,,,
YRK179210,30.74515639,-25.1881197,,,,,,,,,,,,,,,,,,,,
YRK179212,30.73488857,-24.9304828,,,,,,,,,,,,,,,,,,,,
YRK179213,30.73334234,-24.97061496,,,,,,,,,,,,,,,,,,,,
YRK179214,30.77160507,-25.24499463,,,,,,,,,,,,,,,,,,,,
YRK179215,30.71055355,-25.04523767,,,,,,,,,,,,,,,,,,,,
YRK179216,30.71049502,-25.04823222,,,,,,,,,,,,,,,,,,,,
YRK179217,30.71484642,-25.04228681,,,,,,,,,,,,,,,,,,,,
YRK179219,30.81285173,-25.23735781,,,,,,,,,,,,,,,,,,,,
YRK179221,30.82648333,-25.06023915,,,,,,,,,,,,,,,,,,,,
YRK179234,30.77499014,-24.93854093,,,,,,,,,,,,,,,,,,,,
YRK179235,30.82985321,-25.04726471,,,,,,,,,,,,,,,,,,,,
YRK179243,30.68748188,-25.23631048,,,,,,,,,,,,,,,,,,,,
YRK179244,30.68752402,-26.30279763,,,,,,,,,,,,,,,,,,,,
YRK179258,30.8532413,-24.7012109,,,,,,,,,,,,,,,,,,,,
YRK179259,30.72610253,-24.94211007,,,,,,,,,,,,,,,,,,,,
YRK179261,30.72473391,-24.94983458,,,,,,,,,,,,,,,,,,,,
YRK179266,30.76067581,-24.98418394,,,,,,,,,,,,,,,,,,,,
YRK179267,30.72520922,-24.94727222,,,,,,,,,,,,,,,,,,,,
YRK179272,30.76429134,-24.96153971,,,,,,,,,,,,,,,,,,,,
YRK179277,30.76689105,-24.98667774,,,,,,,,,,,,,,,,,,,,
YRK179281,30.77031641,-24.98240544,,,,,,,,,,,,,,,,,,,,
YRK179285,30.76930039,-24.98560726,,,,,,,,,,,,,,,,,,,,
YRK179290,30.76355462,-24.89153488,,,,,,,,,,,,,,,,,,,,
YRK179297,30.30599213,-26.1510587,,,,,,,,,,,,,,,,,,,,
YRK179298,30.76820461,-25.15215706,,,,,,,,,,,,,,,,,,,,
YRK179300,30.85016545,-25.02919508,,,,,,,,,,,,,,,,,,,,
YRK179301,30.85081895,-25.0289894,,,,,,,,,,,,,,,,,,,,
YRK179302,30.77268756,-25.07337371,,,,,,,,,,,,,,,,,,,,
YRK179304,30.83744912,-25.0469438,,,,,,,,,,,,,,,,,,,,
YRK179305,30.86121827,-25.02787368,,,,,,,,,,,,,,,,,,,,
YRK179307,30.85908665,-25.03056349,,,,,,,,,,,,,,,,,,,,
YRK179308,30.84651945,-25.03238264,,,,,,,,,,,,,,,,,,,,
YRK179309,30.84267105,-25.05889539,,,,,,,,,,,,,,,,,,,,
YRK179311,30.82823158,-25.05072949,,,,,,,,,,,,,,,,,,,,
YRK179312,30.82951091,-25.04934746,,,,,,,,,,,,,,,,,,,,
YRK179313,30.83573466,-25.02050423,,,,,,,,,,,,,,,,,,,,
YRK179314,30.74562846,-25.00851865,,,,,,,,,,,,,,,,,,,,
YRK179318,30.83273682,-25.06115822,,,,,,,,,,,,,,,,,,,,
YRK179319,30.8346216,-25.06279768,,,,,,,,,,,,,,,,,,,,
YRK179348,30.74738867,-24.92995637,,,,,,,,,,,,,,,,,,,,
YRK179349,30.83001449,-25.05545666,,,,,,,,,,,,,,,,,,,,
YRK179353,30.85133632,-25.04722552,,,,,,,,,,,,,,,,,,,,
YRK179354,30.74333209,-24.97240766,,,,,,,,,,,,,,,,,,,,
YRK179355,30.86696966,-24.78269186,,,,,,,,,,,,,,,,,,,,
YRK179356,30.83498598,-25.19005452,,,,,,,,,,,,,,,,,,,,
YRK179358,30.75488606,-25.20025607,,,,,,,,,,,,,,,,,,,,
YRK179425,30.72652209,-26.14143766,,,,,,,,,,,,,,,,,,,,
YRK179426,30.30771445,-26.14883908,,,,,,,,,,,,,,,,,,,,
YRK179428,30.75590444,-25.20794588,,,,,,,,,,,,,,,,,,,,
YRK179429,30.71009408,-24.98139915,,,,,,,,,,,,,,,,,,,,
YRK179431,30.7441383,-25.01530098,,,,,,,,,,,,,,,,,,,,
YRK179432,30.73025751,-26.37306633,,,,,,,,,,,,,,,,,,,,
YRK179438,30.71323103,-24.98132101,,,,,,,,,,,,,,,,,,,,
YRK179439,30.74529567,-24.94419669,,,,,,,,,,,,,,,,,,,,
YRK179443,30.76700311,-25.17844535,,,,,,,,,,,,,,,,,,,,
YRK179444,30.77325853,-25.12804968,,,,,,,,,,,,,,,,,,,,
YRK179445,30.73537202,-25.16386577,,,,,,,,,,,,,,,,,,,,
YRK179447,30.39497319,-26.16692035,,,,,,,,,,,,,,,,,,,,
YRK179448,30.86550823,-24.78899722,,,,,,,,,,,,,,,,,,,,
YRK179449,30.86660008,-24.79139503,,,,,,,,,,,,,,,,,,,,
YRK179450,30.86771272,-24.79166566,,,,,,,,,,,,,,,,,,,,
YRK179461,30.75604145,-24.98759571,,,,,,,,,,,,,,,,,,,,
YRK179477,30.83332581,-25.03179171,,,,,,,,,,,,,,,,,,,,
YRK179478,30.83264916,-25.03727409,,,,,,,,,,,,,,,,,,,,
YRK179479,30.7390437,-24.91778862,,,,,,,,,,,,,,,,,,,,
YRK179481,30.77152461,-24.93257348,,,,,,,,,,,,,,,,,,,,
YRK179483,30.85731461,-25.02448715,,,,,,,,,,,,,,,,,,,,
YRK179484,30.74011028,-24.95715294,,,,,,,,,,,,,,,,,,,,
YRK179486,30.75474025,-25.1742329,,,,,,,,,,,,,,,,,,,,
YRK179487,30.7582402,-25.1598036,,,,,,,,,,,,,,,,,,,,
YRK179488,30.73994637,-25.17857353,,,,,,,,,,,,,,,,,,,,
YRK179495,30.83630728,-24.70142893,,,,,,,,,,,,,,,,,,,,
YRK179497,30.74223207,-24.91797258,,,,,,,,,,,,,,,,,,,,
YRK179499,30.83118972,-24.88111804,,,,,,,,,,,,,,,,,,,,
YRK179563,30.80794888,-25.22533451,,,,,,,,,,,,,,,,,,,,
YRK179564,30.76420906,-25.23797065,,,,,,,,,,,,,,,,,,,,
YRK179943,30.78779287,-25.12702522,,,,,,,,,,,,,,,,,,,,
YRK179948,30.51113013,-26.16360331,,,,,,,,,,,,,,,,,,,,
YRK179949,30.52200772,-26.1607857,,,,,,,,,,,,,,,,,,,,
YRK179955,30.51922623,-26.15573192,,,,,,,,,,,,,,,,,,,,
YRK179957,30.5168688,-26.1469974,,,,,,,,,,,,,,,,,,,,
YRK179963,30.51571255,-26.14132352,,,,,,,,,,,,,,,,,,,,
YRK179964,30.51051528,-26.14717487,,,,,,,,,,,,,,,,,,,,
YRK179966,30.50578797,-26.15070817,,,,,,,,,,,,,,,,,,,,
YRK179968,30.74905652,-25.18558022,,,,,,,,,,,,,,,,,,,,
YRK179969,30.74936491,-25.18454756,,,,,,,,,,,,,,,,,,,,
YRK179974,30.82837656,-25.05890699,,,,,,,,,,,,,,,,,,,,
YRK179975,30.76176304,-25.12574236,,,,,,,,,,,,,,,,,,,,
YRK179976,30.83718771,-25.05249355,,,,,,,,,,,,,,,,,,,,
YRK179977,30.8343103,-25.05333108,,,,,,,,,,,,,,,,,,,,
YRK179978,30.83453928,-25.05404682,,,,,,,,,,,,,,,,,,,,
YRK179979,30.83244832,-25.05346477,,,,,,,,,,,,,,,,,,,,
YRK179980,30.76089949,-25.1997236,,,,,,,,,,,,,,,,,,,,
YRK179981,30.69247807,-25.0092907,,,,,,,,,,,,,,,,,,,,
YRK179983,30.78322871,-25.18320998,,,,,,,,,,,,,,,,,,,,
YRK179984,30.68790673,-25.18106393,,,,,,,,,,,,,,,,,,,,
YRK179986,30.82182735,-25.04816812,,,,,,,,,,,,,,,,,,,,
YRK179988,30.82677623,-25.05445059,,,,,,,,,,,,,,,,,,,,
YRK179992,30.82434343,-25.05454899,,,,,,,,,,,,,,,,,,,,
YRK179996,30.82338358,-25.04966924,,,,,,,,,,,,,,,,,,,,
YRK180000,30.82985094,-25.0546142,,,,,,,,,,,,,,,,,,,,
YRK180004,30.83817964,-25.05062268,,,,,,,,,,,,,,,,,,,,
YRK180007,30.84221992,-25.04118425,,,,,,,,,,,,,,,,,,,,
YRK180010,30.78923115,-25.11323311,,,,,,,,,,,,,,,,,,,,
YRK180033,30.70838537,-25.01524827,,,,,,,,,,,,,,,,,,,,
YRK180034,30.71372977,-25.02897008,,,,,,,,,,,,,,,,,,,,
YRK180038,30.78322442,-25.11052495,,,,,,,,,,,,,,,,,,,,
YRK180040,30.8545651,-25.03376683,,,,,,,,,,,,,,,,,,,,
YRK180042,30.85288085,-24.80401597,,,,,,,,,,,,,,,,,,,,
YRK180043,30.86814433,-24.80105247,,,,,,,,,,,,,,,,,,,,
YRK180044,30.87566522,-24.7995293,,,,,,,,,,,,,,,,,,,,
YRK180045,30.85836634,-24.89396254,,,,,,,,,,,,,,,,,,,,
YRK180046,30.67145359,-25.32209094,,,,,,,,,,,,,,,,,,,,
YRK180047,30.69492478,-26.16408953,,,,,,,,,,,,,,,,,,,,
YRK180049,30.49131209,-26.18225016,,,,,,,,,,,,,,,,,,,,
YRK180051,30.49422824,-26.18727331,,,,,,,,,,,,,,,,,,,,
YRK180052,30.45667542,-26.19370223,,,,,,,,,,,,,,,,,,,,
YRK180053,30.43656578,-26.19751127,,,,,,,,,,,,,,,,,,,,
YRK180056,30.44927779,-26.19238946,,,,,,,,,,,,,,,,,,,,
YRK180057,30.44381801,-26.20366024,,,,,,,,,,,,,,,,,,,,
YRK180058,30.42754718,-26.21126985,,,,,,,,,,,,,,,,,,,,
YRK180059,30.45192207,-26.27720677,,,,,,,,,,,,,,,,,,,,
YRK180060,30.48519875,-26.24838128,,,,,,,,,,,,,,,,,,,,
YRK180063,30.5145475,-26.25565038,,,,,,,,,,,,,,,,,,,,
YRK180064,30.50781356,-26.27416508,,,,,,,,,,,,,,,,,,,,
YRK180065,30.50159573,-26.24155903,,,,,,,,,,,,,,,,,,,,
YRK180066,30.50064321,-26.25819236,,,,,,,,,,,,,,,,,,,,
YRK180067,30.50590017,-26.25435183,,,,,,,,,,,,,,,,,,,,
YRK180068,30.49709482,-26.26606559,,,,,,,,,,,,,,,,,,,,
YRK180069,30.44555978,-26.2686499,,,,,,,,,,,,,,,,,,,,
YRK180070,30.4636834,-26.24923462,,,,,,,,,,,,,,,,,,,,
YRK180071,30.5058319,-26.2310044,,,,,,,,,,,,,,,,,,,,
YRK180072,30.48188369,-26.24411168,,,,,,,,,,,,,,,,,,,,
YRK180073,30.43524804,-26.2083363,,,,,,,,,,,,,,,,,,,,
YRK180074,30.49466336,-26.18507184,,,,,,,,,,,,,,,,,,,,
YRK180075,30.5207671,-26.15263291,,,,,,,,,,,,,,,,,,,,
YRK180077,30.48914254,-26.23728104,,,,,,,,,,,,,,,,,,,,
YRK180078,30.49994861,-26.23354921,,,,,,,,,,,,,,,,,,,,
YRK180080,30.41973359,-26.06556155,,,,,,,,,,,,,,,,,,,,
YRK180081,30.435521,-26.06871117,,,,,,,,,,,,,,,,,,,,
YRK180082,30.41537473,-26.08317104,,,,,,,,,,,,,,,,,,,,
YRK180083,30.44731821,-26.08103618,,,,,,,,,,,,,,,,,,,,
YRK180084,30.46286245,-26.19108572,,,,,,,,,,,,,,,,,,,,
YRK180095,30.79652868,-25.20999234,,,,,,,,,,,,,,,,,,,,
YRK180098,30.46692328,-26.27824202,,,,,,,,,,,,,,,,,,,,
YRK180099,30.47064358,-26.27898355,,,,,,,,,,,,,,,,,,,,
YRK180100,30.46993735,-26.26684009,,,,,,,,,,,,,,,,,,,,
YRK180101,30.76499237,-25.22772164,,,,,,,,,,,,,,,,,,,,
YRK180102,30.77135953,-25.23048434,,,,,,,,,,,,,,,,,,,,
YRK180113,30.84199274,-25.2321095,,,,,,,,,,,,,,,,,,,,
YRK180114,30.68750911,-25.32012904,,,,,,,,,,,,,,,,,,,,
YRK180115,30.69180978,-25.32567352,,,,,,,,,,,,,,,,,,,,
YRK180116,30.68750267,-25.32948831,,,,,,,,,,,,,,,,,,,,
YRK180117,30.68375441,-25.33464454,,,,,,,,,,,,,,,,,,,,
YRK180118,30.66214176,-25.31960695,,,,,,,,,,,,,,,,,,,,
YRK180119,30.65026185,-25.31163257,,,,,,,,,,,,,,,,,,,,
YRK180120,30.65107196,-25.30918105,,,,,,,,,,,,,,,,,,,,
YRK180121,30.62678976,-25.28378027,,,,,,,,,,,,,,,,,,,,
YRK180122,30.62129008,-25.27558538,,,,,,,,,,,,,,,,,,,,
YRK180123,30.63757433,-25.25885288,,,,,,,,,,,,,,,,,,,,
YRK180124,30.63893585,-25.25251349,,,,,,,,,,,,,,,,,,,,
YRK180125,30.63968121,-25.24800939,,,,,,,,,,,,,,,,,,,,
YRK180126,30.62475452,-25.24599848,,,,,,,,,,,,,,,,,,,,
YRK180127,30.61021488,-25.24079755,,,,,,,,,,,,,,,,,,,,
YRK180128,30.58765938,-25.23046358,,,,,,,,,,,,,,,,,,,,
YRK180129,30.59390102,-25.19164713,,,,,,,,,,,,,,,,,,,,
YRK180130,30.61545429,-25.1579211,,,,,,,,,,,,,,,,,,,,
YRK180131,30.62000012,-25.16002868,,,,,,,,,,,,,,,,,,,,
YRK180132,30.62318204,-25.1610261,,,,,,,,,,,,,,,,,,,,
YRK180133,30.62497119,-25.16243325,,,,,,,,,,,,,,,,,,,,
YRK180134,30.63286206,-25.16636767,,,,,,,,,,,,,,,,,,,,
YRK180135,30.64527409,-25.17221132,,,,,,,,,,,,,,,,,,,,
YRK180136,30.64952911,-25.20381448,,,,,,,,,,,,,,,,,,,,
YRK180137,30.6726756,-25.16699336,,,,,,,,,,,,,,,,,,,,
YRK180138,30.65616277,-25.18223815,,,,,,,,,,,,,,,,,,,,
YRK180140,30.65583749,-25.18665574,,,,,,,,,,,,,,,,,,,,
YRK180141,30.67201723,-25.20646727,,,,,,,,,,,,,,,,,,,,
YRK180142,30.67452801,-25.20003255,,,,,,,,,,,,,,,,,,,,
YRK180143,30.67454036,-25.20462631,,,,,,,,,,,,,,,,,,,,
YRK180144,30.67287703,-25.21037149,,,,,,,,,,,,,,,,,,,,
YRK180145,30.67016293,-25.21840195,,,,,,,,,,,,,,,,,,,,
YRK180146,30.67402982,-25.21612581,,,,,,,,,,,,,,,,,,,,
YRK180147,30.67457615,-25.2167562,,,,,,,,,,,,,,,,,,,,
YRK180148,30.70846285,-25.23305667,,,,,,,,,,,,,,,,,,,,
YRK180149,30.69198357,-25.26293231,,,,,,,,,,,,,,,,,,,,
YRK180150,30.68826326,-25.26537024,,,,,,,,,,,,,,,,,,,,
YRK180151,30.67751309,-25.21516073,,,,,,,,,,,,,,,,,,,,
YRK180152,30.69059467,-25.27007492,,,,,,,,,,,,,,,,,,,,
YRK180153,30.71039214,-25.29239772,,,,,,,,,,,,,,,,,,,,
YRK180154,30.71283122,-25.30129321,,,,,,,,,,,,,,,,,,,,
YRK180155,30.70244291,-25.3049557,,,,,,,,,,,,,,,,,,,,
YRK180156,30.68514612,-25.30527236,,,,,,,,,,,,,,,,,,,,
YRK180157,30.67057507,-25.21568958,,,,,,,,,,,,,,,,,,,,
YRK180158,30.82850157,-25.16423498,,,,,,,,,,,,,,,,,,,,
YRK180159,30.84377538,-25.1638799,,,,,,,,,,,,,,,,,,,,
YRK180160,30.83344572,-25.20234239,,,,,,,,,,,,,,,,,,,,
YRK180161,30.83359983,-25.19668691,,,,,,,,,,,,,,,,,,,,
YRK180163,30.81410035,-25.24284069,,,,,,,,,,,,,,,,,,,,
YRK180164,30.80964689,-25.24483107,,,,,,,,,,,,,,,,,,,,
YRK180165,30.76285365,-25.24775583,,,,,,,,,,,,,,,,,,,,
YRK180166,30.75887916,-25.23140575,,,,,,,,,,,,,,,,,,,,
YRK180167,30.75686749,-25.21944983,,,,,,,,,,,,,,,,,,,,
YRK180170,30.72412185,-26.1349397,,,,,,,,,,,,,,,,,,,,
YRK180171,30.75783463,-25.02581683,,,,,,,,,,,,,,,,,,,,
YRK180172,30.75776283,-25.01976434,,,,,,,,,,,,,,,,,,,,
YRK180173,30.83447982,-25.01882263,,,,,,,,,,,,,,,,,,,,
YRK180174,30.83432522,-25.01817622,,,,,,,,,,,,,,,,,,,,
YRK180175,30.72412937,-24.94957385,,,,,,,,,,,,,,,,,,,,
YRK180176,30.72291878,-24.95627433,,,,,,,,,,,,,,,,,,,,
YRK180177,30.75746501,-24.91832421,,,,,,,,,,,,,,,,,,,,
YRK180179,30.72487033,-24.94588688,,,,,,,,,,,,,,,,,,,,
YRK180180,30.72127743,-24.9647736,,,,,,,,,,,,,,,,,,,,
YRK180181,30.71907665,-24.97079951,,,,,,,,,,,,,,,,,,,,
YRK180182,30.71670039,-24.96090111,,,,,,,,,,,,,,,,,,,,
YRK180183,30.72710742,-24.92935292,,,,,,,,,,,,,,,,,,,,
YRK180184,30.72350008,-24.92152221,,,,,,,,,,,,,,,,,,,,
YRK180185,30.73466066,-24.91402742,,,,,,,,,,,,,,,,,,,,
YRK180186,30.73575046,-24.91419317,,,,,,,,,,,,,,,,,,,,
YRK180187,30.74622159,-24.91761653,,,,,,,,,,,,,,,,,,,,
YRK180188,30.75376295,-24.91419785,,,,,,,,,,,,,,,,,,,,
YRK180189,30.76679214,-24.92187323,,,,,,,,,,,,,,,,,,,,
YRK180190,30.78017209,-24.92850506,,,,,,,,,,,,,,,,,,,,
YRK180191,30.78271008,-24.93524366,,,,,,,,,,,,,,,,,,,,
YRK180192,30.79523846,-24.93775849,,,,,,,,,,,,,,,,,,,,
YRK180193,30.7945533,-24.92965156,,,,,,,,,,,,,,,,,,,,
YRK180194,30.7876197,-24.94735289,,,,,,,,,,,,,,,,,,,,
YRK180195,30.78612468,-24.96889757,,,,,,,,,,,,,,,,,,,,
YRK180196,30.77743099,-24.99421007,,,,,,,,,,,,,,,,,,,,
YRK180197,30.77465931,-24.99524004,,,,,,,,,,,,,,,,,,,,
YRK180198,30.76899151,-25.00203683,,,,,,,,,,,,,,,,,,,,
YRK180199,30.76578487,-25.00594853,,,,,,,,,,,,,,,,,,,,
YRK180200,30.76020415,-25.011456,,,,,,,,,,,,,,,,,,,,
YRK180201,30.75303747,-25.02035874,,,,,,,,,,,,,,,,,,,,
YRK180202,30.73639646,-25.03879746,,,,,,,,,,,,,,,,,,,,
YRK180203,30.73428442,-25.04008818,,,,,,,,,,,,,,,,,,,,
YRK180204,30.73151763,-25.04242683,,,,,,,,,,,,,,,,,,,,
YRK180205,30.72749193,-25.04836072,,,,,,,,,,,,,,,,,,,,
YRK180206,30.7029133,-25.05569529,,,,,,,,,,,,,,,,,,,,
YRK180207,30.70042544,-25.04496662,,,,,,,,,,,,,,,,,,,,
YRK180208,30.69221741,-25.03658415,,,,,,,,,,,,,,,,,,,,
YRK180209,30.68674233,-25.02555835,,,,,,,,,,,,,,,,,,,,
YRK180210,30.68388892,-25.04336199,,,,,,,,,,,,,,,,,,,,
YRK180211,30.69352982,-24.99791744,,,,,,,,,,,,,,,,,,,,
YRK180212,30.68149787,-25.01678637,,,,,,,,,,,,,,,,,,,,
YRK180213,30.6893715,-24.98508419,,,,,,,,,,,,,,,,,,,,
YRK180214,30.69606894,-24.98228693,,,,,,,,,,,,,,,,,,,,
YRK180215,30.83436145,-25.0191484,,,,,,,,,,,,,,,,,,,,
YRK180216,30.83799425,-25.0162554,,,,,,,,,,,,,,,,,,,,
YRK180217,30.85747268,-25.02409272,,,,,,,,,,,,,,,,,,,,
YRK180218,30.86378279,-25.02561134,,,,,,,,,,,,,,,,,,,,
YRK180219,30.86588293,-25.02748025,,,,,,,,,,,,,,,,,,,,
YRK180220,30.86518845,-25.02903104,,,,,,,,,,,,,,,,,,,,
YRK180221,30.86416664,-25.03109428,,,,,,,,,,,,,,,,,,,,
YRK180222,30.86334457,-25.03280889,,,,,,,,,,,,,,,,,,,,
YRK180223,30.86148896,-25.036621,,,,,,,,,,,,,,,,,,,,
YRK180224,30.82076894,-25.18191963,,,,,,,,,,,,,,,,,,,,
YRK180228,30.79258805,-25.10341042,,,,,,,,,,,,,,,,,,,,
YRK180229,30.76531512,-25.12902691,,,,,,,,,,,,,,,,,,,,
YRK180233,30.77470665,-25.11392647,,,,,,,,,,,,,,,,,,,,
YRK180235,30.78141279,-26.19914396,,,,,,,,,,,,,,,,,,,,
YRK180238,30.86305422,-24.89845225,,,,,,,,,,,,,,,,,,,,
YRK180239,30.44430791,-26.21084253,,,,,,,,,,,,,,,,,,,,
YRK180241,30.78768692,-25.21224408,,,,,,,,,,,,,,,,,,,,
YRK180244,30.65517951,-25.26222605,,,,,,,,,,,,,,,,,,,,
YRK180245,30.65709272,-25.26400658,,,,,,,,,,,,,,,,,,,,
YRK180247,30.73828223,-25.11795485,,,,,,,,,,,,,,,,,,,,
YRK180248,30.74571488,-25.11396178,,,,,,,,,,,,,,,,,,,,
YRK180436,30.79202806,-25.19685069,,,,,,,,,,,,,,,,,,,,
YRK180440,30.69604806,-25.02661651,,,,,,,,,,,,,,,,,,,,
YRK180441,30.84600273,-25.04928092,,,,,,,,,,,,,,,,,,,,
YRK180444,30.80130737,-25.19752731,,,,,,,,,,,,,,,,,,,,
YRK180445,30.86489424,-24.78590184,,,,,,,,,,,,,,,,,,,,
YRK180446,30.67327972,-26.25767951,,,,,,,,,,,,,,,,,,,,
YRK180447,30.75492832,-26.23191004,,,,,,,,,,,,,,,,,,,,
YRK180448,30.81671687,-25.22665865,,,,,,,,,,,,,,,,,,,,
YRK180449,30.82147985,-24.71612898,,,,,,,,,,,,,,,,,,,,
YRK180453,30.60957025,-25.17603445,,,,,,,,,,,,,,,,,,,,
YRK180454,30.79568282,-25.19851629,,,,,,,,,,,,,,,,,,,,
YRK180455,30.61088747,-25.2113911,,,,,,,,,,,,,,,,,,,,
YRK180456,30.61647425,-25.20659202,,,,,,,,,,,,,,,,,,,,
YRK180463,30.87031044,-24.78371405,,,,,,,,,,,,,,,,,,,,
YRK180464,30.59937447,-25.22486765,,,,,,,,,,,,,,,,,,,,
YRK180465,30.83998568,-25.2362531,,,,,,,,,,,,,,,,,,,,
YRK180467,30.76035664,-25.18365933,,,,,,,,,,,,,,,,,,,,
YRK180468,30.85345584,-24.79556044,,,,,,,,,,,,,,,,,,,,
YRK180469,30.7483031,-25.11610117,,,,,,,,,,,,,,,,,,,,
YRK180470,30.75366953,-25.11462982,,,,,,,,,,,,,,,,,,,,
YRK180472,30.75109331,-25.14047938,,,,,,,,,,,,,,,,,,,,
YRK180473,30.83650829,-25.04165544,,,,,,,,,,,,,,,,,,,,
YRK180474,30.75783202,-24.98462471,,,,,,,,,,,,,,,,,,,,
YRK180475,30.78474314,-24.96954934,,,,,,,,,,,,,,,,,,,,
YRK180482,30.49761522,-26.18150138,,,,,,,,,,,,,,,,,,,,
YRK180483,30.50291112,-26.22858058,,,,,,,,,,,,,,,,,,,,
YRK180484,30.48886596,-26.19524867,,,,,,,,,,,,,,,,,,,,
YRK180485,30.73983156,-25.00038934,,,,,,,,,,,,,,,,,,,,
YRK180486,30.84930403,-24.76572409,,,,,,,,,,,,,,,,,,,,
YRK180487,30.76411021,-25.14115336,,,,,,,,,,,,,,,,,,,,
YRK180488,30.8515447,-24.79761285,,,,,,,,,,,,,,,,,,,,
YRK180489,30.84822518,-24.79662697,,,,,,,,,,,,,,,,,,,,
YRK180507,30.75587061,-25.01055881,,,,,,,,,,,,,,,,,,,,
YRK180508,30.75739737,-25.00558093,,,,,,,,,,,,,,,,,,,,
YRK180512,30.78786726,-24.86372578,,,,,,,,,,,,,,,,,,,,
YRK180544,30.82461346,-25.0523309,,,,,,,,,,,,,,,,,,,,
YRK180551,30.79835587,-24.85711991,,,,,,,,,,,,,,,,,,,,
YRK180552,30.79011567,-24.91822739,,,,,,,,,,,,,,,,,,,,
YRK180553,30.82970138,-24.92103122,,,,,,,,,,,,,,,,,,,,
YRK180554,30.81230768,-24.9239128,,,,,,,,,,,,,,,,,,,,
YRK180555,30.76373942,-24.90719293,,,,,,,,,,,,,,,,,,,,
YRK180631,30.60123715,-25.21647067,,,,,,,,,,,,,,,,,,,,
YRK180632,30.67530309,-25.22467536,,,,,,,,,,,,,,,,,,,,
YRK180642,30.68184285,-26.33145254,,,,,,,,,,,,,,,,,,,,
YRK180643,30.65464093,-26.32087326,,,,,,,,,,,,,,,,,,,,
YRK180644,30.65507177,-26.31935693,,,,,,,,,,,,,,,,,,,,
YRK180645,30.69005983,-26.33052335,,,,,,,,,,,,,,,,,,,,
YRK180672,30.79826622,-24.89403261,,,,,,,,,,,,,,,,,,,,
YRK180674,30.84679838,-24.91973548,,,,,,,,,,,,,,,,,,,,
YRK180675,30.77248365,-24.96013726,,,,,,,,,,,,,,,,,,,,
YRK180676,30.77892346,-24.9620421,,,,,,,,,,,,,,,,,,,,
YRK180677,30.7785876,-24.96044868,,,,,,,,,,,,,,,,,,,,
YRK180678,30.78934516,-24.95671918,,,,,,,,,,,,,,,,,,,,
YRK180679,30.82957594,-25.02997353,,,,,,,,,,,,,,,,,,,,
YRK180680,30.46116383,-26.18167248,,,,,,,,,,,,,,,,,,,,
YRK180699,30.82549572,-25.01843204,,,,,,,,,,,,,,,,,,,,
YRK180701,30.70617081,-25.02053265,,,,,,,,,,,,,,,,,,,,
YRK180702,30.69741911,-25.02086801,,,,,,,,,,,,,,,,,,,,
YRK180706,30.79469598,-25.19780817,,,,,,,,,,,,,,,,,,,,
YRK180711,30.75758158,-25.00093672,,,,,,,,,,,,,,,,,,,,
YRK180712,30.68830648,-26.31949595,,,,,,,,,,,,,,,,,,,,
YRK180713,30.66060866,-25.19849768,,,,,,,,,,,,,,,,,,,,
YRK180715,30.84372878,-24.77819791,,,,,,,,,,,,,,,,,,,,
YRK180717,30.77276711,-24.96201711,,,,,,,,,,,,,,,,,,,,
YRK180718,30.85913906,-25.02566488,,,,,,,,,,,,,,,,,,,,
YRK180719,30.77680906,-24.95584768,,,,,,,,,,,,,,,,,,,,
YRK180720,30.85603251,-25.02469432,,,,,,,,,,,,,,,,,,,,
YRK180721,30.85589597,-25.02521313,,,,,,,,,,,,,,,,,,,,
YRK180722,30.85371955,-25.02519491,,,,,,,,,,,,,,,,,,,,
YRK180724,30.76916644,-24.9727593,,,,,,,,,,,,,,,,,,,,
YRK180748,30.78214915,-24.96233686,,,,,,,,,,,,,,,,,,,,
YRK180905,30.73403042,-26.35038149,,,,,,,,,,,,,,,,,,,,
YRK181004,30.73876077,-26.12414238,,,,,,,,,,,,,,,,,,,,
YRK181005,30.73027899,-26.3520601,,,,,,,,,,,,,,,,,,,,
YRK181007,30.83143583,-24.67863966,,,,,,,,,,,,,,,,,,,,
YRK181008,30.75027278,-24.98730953,,,,,,,,,,,,,,,,,,,,
YRK181011,30.83530995,-24.67813175,,,,,,,,,,,,,,,,,,,,
YRK181012,30.83355057,-24.68467164,,,,,,,,,,,,,,,,,,,,
YRK181016,30.67043168,-25.30526103,,,,,,,,,,,,,,,,,,,,
YRK181018,30.76220439,-25.18841577,,,,,,,,,,,,,,,,,,,,
YRK181022,30.67524692,-25.29740481,,,,,,,,,,,,,,,,,,,,
YRK181029,30.42412417,-26.13944895,,,,,,,,,,,,,,,,,,,,
YRK181037,30.76369205,-25.15461909,,,,,,,,,,,,,,,,,,,,
YRK181038,30.76125189,-25.22840103,,,,,,,,,,,,,,,,,,,,
YRK181055,30.81486462,-24.87216586,,,,,,,,,,,,,,,,,,,,
YRK181056,30.82999184,-24.87964095,,,,,,,,,,,,,,,,,,,,
YRK181057,30.77896931,-24.85946331,,,,,,,,,,,,,,,,,,,,
YRK181058,30.77235725,-24.87469844,,,,,,,,,,,,,,,,,,,,
YRK181059,30.77476701,-24.92192189,,,,,,,,,,,,,,,,,,,,
YRK181060,30.77991563,-24.92245358,,,,,,,,,,,,,,,,,,,,
YRK181061,30.80627191,-24.92142455,,,,,,,,,,,,,,,,,,,,
YRK181062,30.82638363,-24.92316111,,,,,,,,,,,,,,,,,,,,
YRK181063,30.84183778,-24.92216202,,,,,,,,,,,,,,,,,,,,
YRK181064,30.8454301,-24.9229664,,,,,,,,,,,,,,,,,,,,
YRK181065,30.85708854,-24.9193885,,,,,,,,,,,,,,,,,,,,
YRK181066,30.8549866,-24.91084526,,,,,,,,,,,,,,,,,,,,
YRK181067,30.86617901,-24.80155229,,,,,,,,,,,,,,,,,,,,
YRK181068,30.87617334,-24.79953444,,,,,,,,,,,,,,,,,,,,
YRK181069,30.89091633,-24.80019395,,,,,,,,,,,,,,,,,,,,
YRK181070,30.87315063,-24.75340599,,,,,,,,,,,,,,,,,,,,
YRK181071,30.85626054,-24.73246882,,,,,,,,,,,,,,,,,,,,
YRK181072,30.8476212,-24.71011533,,,,,,,,,,,,,,,,,,,,
YRK181073,30.81217579,-24.68989403,,,,,,,,,,,,,,,,,,,,
YRK181074,30.86107005,-24.68241286,,,,,,,,,,,,,,,,,,,,
YRK181075,30.81523276,-24.71641009,,,,,,,,,,,,,,,,,,,,
YRK181076,30.8219802,-24.72531891,,,,,,,,,,,,,,,,,,,,
YRK181077,30.83583368,-24.78315506,,,,,,,,,,,,,,,,,,,,
YRK181078,30.776843,-25.20189292,,,,,,,,,,,,,,,,,,,,
YRK181086,30.85960685,-24.68846279,,,,,,,,,,,,,,,,,,,,
YRK181087,30.75279148,-25.18483986,,,,,,,,,,,,,,,,,,,,
YRK181088,30.74266663,-24.95496676,,,,,,,,,,,,,,,,,,,,
YRK181116,30.84420543,-24.78294882,,,,,,,,,,,,,,,,,,,,
YRK181117,30.68875684,-26.14289932,,,,,,,,,,,,,,,,,,,,
YRK181118,30.72686279,-26.32015856,,,,,,,,,,,,,,,,,,,,
YRK181119,30.70958364,-24.97958238,,,,,,,,,,,,,,,,,,,,
YRK181163,30.83554495,-25.17122991,,,,,,,,,,,,,,,,,,,,
YRK181168,30.49428356,-26.20385584,,,,,,,,,,,,,,,,,,,,
YRK181170,30.78956668,-24.88101653,,,,,,,,,,,,,,,,,,,,
YRK181171,30.79082219,-24.88319393,,,,,,,,,,,,,,,,,,,,
YRK181172,30.84539828,-24.69667121,,,,,,,,,,,,,,,,,,,,
YRK181177,30.737253,-25.19741572,,,,,,,,,,,,,,,,,,,,
YRK181179,30.84293601,-25.03891426,,,,,,,,,,,,,,,,,,,,
YRK181185,30.73996975,-25.19928538,,,,,,,,,,,,,,,,,,,,
YRK181193,30.77380486,-25.07333489,,,,,,,,,,,,,,,,,,,,
YRK181200,30.68961216,-25.16941932,,,,,,,,,,,,,,,,,,,,
YRK181201,30.68886248,-25.17046874,,,,,,,,,,,,,,,,,,,,
YRK181202,30.6764265,-25.16866665,,,,,,,,,,,,,,,,,,,,
YRK181203,30.68263588,-25.16919854,,,,,,,,,,,,,,,,,,,,
YRK181204,30.6929506,-25.17656247,,,,,,,,,,,,,,,,,,,,
YRK181213,30.70074715,-25.15581805,,,,,,,,,,,,,,,,,,,,
YRK181215,30.77048357,-25.23826457,,,,,,,,,,,,,,,,,,,,
YRK181221,30.76075116,-24.97436528,,,,,,,,,,,,,,,,,,,,
YRK181222,30.68693457,-25.16354979,,,,,,,,,,,,,,,,,,,,
YRK181223,30.68974657,-25.15821281,,,,,,,,,,,,,,,,,,,,
YRK181237,30.63129299,-25.23853827,,,,,,,,,,,,,,,,,,,,
YRK181238,30.62954272,-25.23622022,,,,,,,,,,,,,,,,,,,,
YRK181268,30.77457905,-25.1818008,,,,,,,,,,,,,,,,,,,,
YRK181269,30.77525724,-25.18161924,,,,,,,,,,,,,,,,,,,,
YRK181270,30.77452314,-25.18072553,,,,,,,,,,,,,,,,,,,,
YRK181272,30.84647298,-24.69699883,,,,,,,,,,,,,,,,,,,,
YRK181273,30.845485,-24.69759538,,,,,,,,,,,,,,,,,,,,
YRK181281,30.76632632,-25.24243943,,,,,,,,,,,,,,,,,,,,
YRK181282,30.8436288,-24.79465802,,,,,,,,,,,,,,,,,,,,
YRK181287,30.82999739,-25.01815894,,,,,,,,,,,,,,,,,,,,
YRK181298,30.67638501,-25.15880264,,,,,,,,,,,,,,,,,,,,
YRK181300,30.74201957,-24.94534891,,,,,,,,,,,,,,,,,,,,
YRK181301,30.73721086,-24.96893534,,,,,,,,,,,,,,,,,,,,
YRK181302,30.73461145,-24.97611326,,,,,,,,,,,,,,,,,,,,
YRK181303,30.74050293,-24.97760452,,,,,,,,,,,,,,,,,,,,
YRK181304,30.73611598,-24.97590839,,,,,,,,,,,,,,,,,,,,
YRK181305,30.72724967,-24.94544122,,,,,,,,,,,,,,,,,,,,
YRK181306,30.73198309,-24.94465022,,,,,,,,,,,,,,,,,,,,
YRK181307,30.73650678,-24.94385177,,,,,,,,,,,,,,,,,,,,
YRK181323,30.85870852,-25.03973557,,,,,,,,,,,,,,,,,,,,
YRK181352,30.70248305,-24.99587924,,,,,,,,,,,,,,,,,,,,
YRK181361,30.70044494,-25.28761951,,,,,,,,,,,,,,,,,,,,
YRK181373,30.85311634,-24.80361631,,,,,,,,,,,,,,,,,,,,
YRK181387,30.75805788,-25.21051497,,,,,,,,,,,,,,,,,,,,
YRK181388,30.76334911,-25.20159884,,,,,,,,,,,,,,,,,,,,
YRK181389,30.76307137,-25.20692955,,,,,,,,,,,,,,,,,,,,
YRK181394,30.69669892,-25.14740188,,,,,,,,,,,,,,,,,,,,
YRK181395,30.6814534,-25.14384951,,,,,,,,,,,,,,,,,,,,
YRK181396,30.68104794,-25.15831898,,,,,,,,,,,,,,,,,,,,
YRK181397,30.67692469,-25.16144049,,,,,,,,,,,,,,,,,,,,
YRK181398,30.70284796,-25.14494388,,,,,,,,,,,,,,,,,,,,
YRK181399,30.70421851,-25.14251176,,,,,,,,,,,,,,,,,,,,
YRK181400,30.70349187,-25.14032065,,,,,,,,,,,,,,,,,,,,
YRK181402,30.77938156,-24.8723123,,,,,,,,,,,,,,,,,,,,
YRK181403,30.78131047,-24.87879,,,,,,,,,,,,,,,,,,,,
YRK181404,30.7689011,-24.94888431,,,,,,,,,,,,,,,,,,,,
YRK181406,30.76040109,-24.92278686,,,,,,,,,,,,,,,,,,,,
YRK181428,30.88611417,-24.78801532,,,,,,,,,,,,,,,,,,,,
YRK181429,30.73142448,-25.02474795,,,,,,,,,,,,,,,,,,,,
YRK181430,30.69486697,-24.98942016,,,,,,,,,,,,,,,,,,,,
YRK181431,30.71356538,-25.00095508,,,,,,,,,,,,,,,,,,,,
YRK181433,30.75099812,-24.99441183,,,,,,,,,,,,,,,,,,,,
YRK181467,30.78294779,-24.97054282,,,,,,,,,,,,,,,,,,,,
YRK181470,30.44000421,-26.09696388,,,,,,,,,,,,,,,,,,,,
YRK181479,30.75449549,-24.97059742,,,,,,,,,,,,,,,,,,,,
YRK181482,30.83482975,-25.17465868,,,,,,,,,,,,,,,,,,,,
YRK181484,30.69478465,-26.32895101,,,,,,,,,,,,,,,,,,,,
YRK181486,30.76085974,-24.95266797,,,,,,,,,,,,,,,,,,,,
YRK181489,30.60566974,-25.21615637,,,,,,,,,,,,,,,,,,,,
YRK181490,30.60589971,-25.2149435,,,,,,,,,,,,,,,,,,,,
YRK181491,30.83430402,-25.17355288,,,,,,,,,,,,,,,,,,,,
YRK181497,30.75159991,-24.97285795,,,,,,,,,,,,,,,,,,,,
YRK181498,30.76963848,-25.20614094,,,,,,,,,,,,,,,,,,,,
YRK181499,30.77236006,-25.20664227,,,,,,,,,,,,,,,,,,,,
YRK181507,30.77130905,-25.20902382,,,,,,,,,,,,,,,,,,,,
YRK181515,30.73529756,-25.17679978,,,,,,,,,,,,,,,,,,,,
YRK181524,30.42890059,-26.14096629,,,,,,,,,,,,,,,,,,,,
YRK181525,30.49190274,-26.17554498,,,,,,,,,,,,,,,,,,,,
YRK181526,30.4385678,-26.19444911,,,,,,,,,,,,,,,,,,,,
YRK181527,30.440508,-26.19402013,,,,,,,,,,,,,,,,,,,,
YRK181533,30.76775679,-25.23164582,,,,,,,,,,,,,,,,,,,,
YRK181540,30.43779849,-26.21589464,,,,,,,,,,,,,,,,,,,,
YRK181541,30.43788202,-26.21988422,,,,,,,,,,,,,,,,,,,,
YRK181543,30.73719496,-25.02802497,,,,,,,,,,,,,,,,,,,,
YRK181544,30.69823494,-25.00355872,,,,,,,,,,,,,,,,,,,,
YRK181545,30.75868751,-25.0056461,,,,,,,,,,,,,,,,,,,,
YRK181546,30.73931282,-25.02964607,,,,,,,,,,,,,,,,,,,,
YRK181547,30.73473124,-25.1796501,,,,,,,,,,,,,,,,,,,,
YRK181549,30.82615466,-25.2083704,,,,,,,,,,,,,,,,,,,,
YRK181550,30.8905992,-24.79603718,,,,,,,,,,,,,,,,,,,,
YRK181551,30.73959286,-24.96395359,,,,,,,,,,,,,,,,,,,,
YRK181552,30.78223825,-25.11576423,,,,,,,,,,,,,,,,,,,,
YRK181553,30.76204185,-25.11112342,,,,,,,,,,,,,,,,,,,,
YRK181554,30.76862154,-25.14806691,,,,,,,,,,,,,,,,,,,,
YRK181555,30.85860343,-25.03020877,,,,,,,,,,,,,,,,,,,,
YRK181556,30.81757652,-24.90574453,,,,,,,,,,,,,,,,,,,,
YRK181558,30.82195867,-25.20699521,,,,,,,,,,,,,,,,,,,,
YRK181559,30.83634233,-25.21418436,,,,,,,,,,,,,,,,,,,,
YRK181560,30.83308642,-25.2203011,,,,,,,,,,,,,,,,,,,,
YRK181561,30.83086085,-25.21355489,,,,,,,,,,,,,,,,,,,,
YRK181568,30.80172599,-24.9024544,,,,,,,,,,,,,,,,,,,,
YRK181569,30.68712799,-25.13605037,,,,,,,,,,,,,,,,,,,,
YRK181570,30.73544679,-25.15411861,,,,,,,,,,,,,,,,,,,,
YRK181573,30.72933892,-25.14068356,,,,,,,,,,,,,,,,,,,,
YRK181574,30.72982675,-25.13839898,,,,,,,,,,,,,,,,,,,,
YRK181575,30.72954738,-25.13169746,,,,,,,,,,,,,,,,,,,,
YRK181576,30.72830152,-25.12878796,,,,,,,,,,,,,,,,,,,,
YRK181577,30.72670268,-25.12587322,,,,,,,,,,,,,,,,,,,,
YRK181578,30.72766932,-25.12756678,,,,,,,,,,,,,,,,,,,,
YRK181579,30.72678331,-25.12513172,,,,,,,,,,,,,,,,,,,,
YRK181580,30.7260176,-25.12179888,,,,,,,,,,,,,,,,,,,,
YRK181581,30.74623757,-25.10715792,,,,,,,,,,,,,,,,,,,,
YRK181582,30.75992684,-25.11039526,,,,,,,,,,,,,,,,,,,,
YRK181583,30.7612539,-25.11160212,,,,,,,,,,,,,,,,,,,,
YRK181584,30.7793934,-25.11458586,,,,,,,,,,,,,,,,,,,,
YRK181585,30.78330153,-25.10809093,,,,,,,,,,,,,,,,,,,,
YRK181586,30.78134859,-25.11045179,,,,,,,,,,,,,,,,,,,,
YRK181587,30.78084605,-25.11174226,,,,,,,,,,,,,,,,,,,,
YRK181588,30.79835489,-25.10326852,,,,,,,,,,,,,,,,,,,,
YRK181589,30.79859273,-25.10093678,,,,,,,,,,,,,,,,,,,,
YRK181590,30.76228418,-25.12993812,,,,,,,,,,,,,,,,,,,,
YRK181591,30.76550978,-25.12785551,,,,,,,,,,,,,,,,,,,,
YRK181592,30.76485884,-25.12880565,,,,,,,,,,,,,,,,,,,,
YRK181593,30.76854155,-25.12880622,,,,,,,,,,,,,,,,,,,,
YRK181594,30.77134818,-25.13001674,,,,,,,,,,,,,,,,,,,,
YRK181595,30.77685116,-25.12840141,,,,,,,,,,,,,,,,,,,,
YRK181596,30.78109169,-25.13001199,,,,,,,,,,,,,,,,,,,,
YRK181597,30.78090948,-25.13263857,,,,,,,,,,,,,,,,,,,,
YRK181598,30.78105199,-25.13385982,,,,,,,,,,,,,,,,,,,,
YRK181599,30.77986962,-25.13768321,,,,,,,,,,,,,,,,,,,,
YRK181600,30.77925428,-25.14004265,,,,,,,,,,,,,,,,,,,,
YRK181601,30.77833591,-25.16060034,,,,,,,,,,,,,,,,,,,,
YRK181602,30.7768136,-25.16303945,,,,,,,,,,,,,,,,,,,,
YRK181603,30.77638285,-25.16729669,,,,,,,,,,,,,,,,,,,,
YRK181604,30.77555409,-25.16887769,,,,,,,,,,,,,,,,,,,,
YRK181605,30.77450199,-25.17201762,,,,,,,,,,,,,,,,,,,,
YRK181606,30.77486265,-25.17297531,,,,,,,,,,,,,,,,,,,,
YRK181607,30.77448886,-25.17343137,,,,,,,,,,,,,,,,,,,,
YRK181608,30.7745516,-25.1774519,,,,,,,,,,,,,,,,,,,,
YRK181609,30.7741282,-25.17805173,,,,,,,,,,,,,,,,,,,,
YRK181610,30.77387363,-25.18095071,,,,,,,,,,,,,,,,,,,,
YRK181611,30.77361872,-25.18322215,,,,,,,,,,,,,,,,,,,,
YRK181612,30.77402082,-25.18375541,,,,,,,,,,,,,,,,,,,,
YRK181613,30.7748597,-25.19329586,,,,,,,,,,,,,,,,,,,,
YRK181614,30.77048947,-25.19736594,,,,,,,,,,,,,,,,,,,,
YRK181615,30.76699827,-25.19865003,,,,,,,,,,,,,,,,,,,,
YRK181629,30.77713069,-25.22708237,,,,,,,,,,,,,,,,,,,,
YRK181634,30.76685551,-25.22969009,,,,,,,,,,,,,,,,,,,,
YRK181642,30.67387343,-25.29875696,,,,,,,,,,,,,,,,,,,,
YRK181643,30.6759111,-25.29806735,,,,,,,,,,,,,,,,,,,,
YRK181644,30.67655771,-25.29692623,,,,,,,,,,,,,,,,,,,,
YRK181645,30.67776569,-25.29309858,,,,,,,,,,,,,,,,,,,,
YRK181646,30.67665608,-25.29464222,,,,,,,,,,,,,,,,,,,,
YRK181647,30.68819038,-25.28966031,,,,,,,,,,,,,,,,,,,,
YRK181648,30.6817496,-25.29128955,,,,,,,,,,,,,,,,,,,,
YRK181649,30.69342147,-25.29000993,,,,,,,,,,,,,,,,,,,,
YRK181650,30.69636611,-25.28910342,,,,,,,,,,,,,,,,,,,,
YRK181651,30.70334915,-25.28506671,,,,,,,,,,,,,,,,,,,,
YRK181652,30.68174629,-25.22783101,,,,,,,,,,,,,,,,,,,,
YRK181653,30.6743457,-25.22153114,,,,,,,,,,,,,,,,,,,,
YRK181654,30.67365474,-25.20068643,,,,,,,,,,,,,,,,,,,,
YRK181655,30.67482803,-25.1981517,,,,,,,,,,,,,,,,,,,,
YRK181656,30.67639493,-25.19746056,,,,,,,,,,,,,,,,,,,,
YRK181657,30.66828032,-25.20529622,,,,,,,,,,,,,,,,,,,,
YRK181658,30.66586323,-25.20440996,,,,,,,,,,,,,,,,,,,,
YRK181659,30.65921699,-25.19662413,,,,,,,,,,,,,,,,,,,,
YRK181660,30.65950051,-25.19795784,,,,,,,,,,,,,,,,,,,,
YRK181661,30.64709688,-25.17325162,,,,,,,,,,,,,,,,,,,,
YRK181662,30.6340485,-25.16710506,,,,,,,,,,,,,,,,,,,,
YRK181663,30.630428,-25.1654969,,,,,,,,,,,,,,,,,,,,
YRK181664,30.62739428,-25.16449083,,,,,,,,,,,,,,,,,,,,
YRK181665,30.8274801,-24.69636669,,,,,,,,,,,,,,,,,,,,
YRK181666,30.82908408,-24.6951079,,,,,,,,,,,,,,,,,,,,
YRK181667,30.82773752,-24.69662599,,,,,,,,,,,,,,,,,,,,
YRK181668,30.82343747,-24.70298202,,,,,,,,,,,,,,,,,,,,
YRK181669,30.82071342,-24.70532283,,,,,,,,,,,,,,,,,,,,
YRK181670,30.8213907,-24.7066383,,,,,,,,,,,,,,,,,,,,
YRK181671,30.82230468,-24.70738797,,,,,,,,,,,,,,,,,,,,
YRK181672,30.82505897,-24.70802453,,,,,,,,,,,,,,,,,,,,
YRK181673,30.83369272,-24.71097398,,,,,,,,,,,,,,,,,,,,
YRK181674,30.8341187,-24.7110995,,,,,,,,,,,,,,,,,,,,
YRK181675,30.86986755,-24.7733841,,,,,,,,,,,,,,,,,,,,
YRK181676,30.87772525,-24.79232415,,,,,,,,,,,,,,,,,,,,
YRK181678,30.83303464,-24.88672247,,,,,,,,,,,,,,,,,,,,
YRK181679,30.83199638,-24.88406229,,,,,,,,,,,,,,,,,,,,
YRK181680,30.83450478,-24.89268191,,,,,,,,,,,,,,,,,,,,
YRK181681,30.83276211,-24.90524083,,,,,,,,,,,,,,,,,,,,
YRK181682,30.8348875,-24.90336387,,,,,,,,,,,,,,,,,,,,
YRK181683,30.81949988,-24.90698058,,,,,,,,,,,,,,,,,,,,
YRK181684,30.82079045,-24.90727256,,,,,,,,,,,,,,,,,,,,
YRK181685,30.81224184,-24.90407952,,,,,,,,,,,,,,,,,,,,
YRK181686,30.80631054,-24.89900473,,,,,,,,,,,,,,,,,,,,
YRK181687,30.80943482,-24.90185698,,,,,,,,,,,,,,,,,,,,
YRK181688,30.80322646,-24.89737811,,,,,,,,,,,,,,,,,,,,
YRK181689,30.80256165,-24.89649628,,,,,,,,,,,,,,,,,,,,
YRK181690,30.80800315,-24.90499504,,,,,,,,,,,,,,,,,,,,
YRK181691,30.80798242,-24.90540464,,,,,,,,,,,,,,,,,,,,
YRK181692,30.80757323,-24.90653539,,,,,,,,,,,,,,,,,,,,
YRK181693,30.8367417,-24.90701591,,,,,,,,,,,,,,,,,,,,
YRK181694,30.83830273,-24.91395138,,,,,,,,,,,,,,,,,,,,
YRK181695,30.84021945,-24.92106308,,,,,,,,,,,,,,,,,,,,
YRK181696,30.82205148,-24.91979738,,,,,,,,,,,,,,,,,,,,
YRK181697,30.82563652,-24.92014463,,,,,,,,,,,,,,,,,,,,
YRK181698,30.81198091,-24.91914405,,,,,,,,,,,,,,,,,,,,
YRK181699,30.81422653,-24.91900559,,,,,,,,,,,,,,,,,,,,
YRK181700,30.80937607,-24.91851486,,,,,,,,,,,,,,,,,,,,
YRK181701,30.80673307,-24.91822636,,,,,,,,,,,,,,,,,,,,
YRK181702,30.79701676,-24.91723105,,,,,,,,,,,,,,,,,,,,
YRK181703,30.78992216,-24.91653252,,,,,,,,,,,,,,,,,,,,
YRK181704,30.76736917,-24.91067051,,,,,,,,,,,,,,,,,,,,
YRK181705,30.75897569,-24.89931763,,,,,,,,,,,,,,,,,,,,
YRK181707,30.75455826,-24.9309661,,,,,,,,,,,,,,,,,,,,
YRK181710,30.75152784,-24.93569463,,,,,,,,,,,,,,,,,,,,
YRK181711,30.75161313,-24.93480421,,,,,,,,,,,,,,,,,,,,
YRK181712,30.7508626,-24.93669887,,,,,,,,,,,,,,,,,,,,
YRK181713,30.76339436,-24.94656984,,,,,,,,,,,,,,,,,,,,
YRK181714,30.76462708,-24.94976342,,,,,,,,,,,,,,,,,,,,
YRK181715,30.76415588,-24.94921575,,,,,,,,,,,,,,,,,,,,
YRK181716,30.75661141,-24.94986353,,,,,,,,,,,,,,,,,,,,
YRK181717,30.75130243,-24.95129975,,,,,,,,,,,,,,,,,,,,
YRK181718,30.73771817,-24.94365652,,,,,,,,,,,,,,,,,,,,
YRK181719,30.72701723,-24.94585026,,,,,,,,,,,,,,,,,,,,
YRK181720,30.73175405,-24.9450141,,,,,,,,,,,,,,,,,,,,
YRK181721,30.73509879,-24.94441997,,,,,,,,,,,,,,,,,,,,
YRK181722,30.74313545,-24.95185283,,,,,,,,,,,,,,,,,,,,
YRK181723,30.74005464,-24.95827776,,,,,,,,,,,,,,,,,,,,
YRK181724,30.73811958,-24.96250655,,,,,,,,,,,,,,,,,,,,
YRK181725,30.74650298,-24.97969881,,,,,,,,,,,,,,,,,,,,
YRK181726,30.74374373,-24.97873626,,,,,,,,,,,,,,,,,,,,
YRK181727,30.74325159,-24.97893354,,,,,,,,,,,,,,,,,,,,
YRK181728,30.74612996,-24.9799463,,,,,,,,,,,,,,,,,,,,
YRK181729,30.7536787,-24.98256115,,,,,,,,,,,,,,,,,,,,
YRK181730,30.75648377,-24.98355833,,,,,,,,,,,,,,,,,,,,
YRK181731,30.76020831,-24.98451021,,,,,,,,,,,,,,,,,,,,
YRK181732,30.76007926,-24.98480937,,,,,,,,,,,,,,,,,,,,
YRK181733,30.76224201,-24.98594649,,,,,,,,,,,,,,,,,,,,
YRK181734,30.67074279,-25.30787614,,,,,,,,,,,,,,,,,,,,
YRK181735,30.68302468,-25.3251886,,,,,,,,,,,,,,,,,,,,
YRK181736,30.68679201,-25.32858414,,,,,,,,,,,,,,,,,,,,
YRK181737,30.68737876,-25.32913583,,,,,,,,,,,,,,,,,,,,
YRK181803,30.76176445,-24.98715291,,,,,,,,,,,,,,,,,,,,
YRK181804,30.76163294,-24.99046475,,,,,,,,,,,,,,,,,,,,
YRK181805,30.7307249,-24.97902691,,,,,,,,,,,,,,,,,,,,
YRK181806,30.72809416,-24.98025393,,,,,,,,,,,,,,,,,,,,
YRK181807,30.7277876,-24.98823725,,,,,,,,,,,,,,,,,,,,
YRK181808,30.86521759,-25.02634708,,,,,,,,,,,,,,,,,,,,
YRK181809,30.86214883,-25.02535947,,,,,,,,,,,,,,,,,,,,
YRK181810,30.83345939,-25.01980448,,,,,,,,,,,,,,,,,,,,
YRK181811,30.82599904,-25.01704209,,,,,,,,,,,,,,,,,,,,
YRK181812,30.8385423,-25.02054963,,,,,,,,,,,,,,,,,,,,
YRK181813,30.83498783,-25.02043092,,,,,,,,,,,,,,,,,,,,
YRK181814,30.84264293,-25.02168644,,,,,,,,,,,,,,,,,,,,
YRK181815,30.83423708,-25.02670853,,,,,,,,,,,,,,,,,,,,
YRK181816,30.83454644,-25.02764648,,,,,,,,,,,,,,,,,,,,
YRK181817,30.83390589,-25.03155152,,,,,,,,,,,,,,,,,,,,
YRK181818,30.83416401,-25.03162218,,,,,,,,,,,,,,,,,,,,
YRK181819,30.83360179,-25.03321662,,,,,,,,,,,,,,,,,,,,
YRK181820,30.83346125,-25.03409158,,,,,,,,,,,,,,,,,,,,
YRK181821,30.83348035,-25.03513891,,,,,,,,,,,,,,,,,,,,
YRK181822,30.83314879,-25.03523615,,,,,,,,,,,,,,,,,,,,
YRK181823,30.83202336,-25.03802689,,,,,,,,,,,,,,,,,,,,
YRK181824,30.83284348,-25.03736978,,,,,,,,,,,,,,,,,,,,
YRK181825,30.83202727,-25.03972381,,,,,,,,,,,,,,,,,,,,
YRK181826,30.83208831,-25.04107368,,,,,,,,,,,,,,,,,,,,
YRK181827,30.83037211,-25.04277658,,,,,,,,,,,,,,,,,,,,
YRK181828,30.82811434,-25.04380754,,,,,,,,,,,,,,,,,,,,
YRK181829,30.82812268,-25.04471685,,,,,,,,,,,,,,,,,,,,
YRK181830,30.82885365,-25.04948261,,,,,,,,,,,,,,,,,,,,
YRK181831,30.31735239,-26.14903643,,,,,,,,,,,,,,,,,,,,
YRK181832,30.3176864,-26.14526914,,,,,,,,,,,,,,,,,,,,
YRK181833,30.3180562,-26.14133383,,,,,,,,,,,,,,,,,,,,
YRK181834,30.41011414,-26.09592965,,,,,,,,,,,,,,,,,,,,
YRK181835,30.41429987,-26.11071248,,,,,,,,,,,,,,,,,,,,
YRK181836,30.41293521,-26.11279312,,,,,,,,,,,,,,,,,,,,
YRK181838,30.41795758,-26.113457,,,,,,,,,,,,,,,,,,,,
YRK181839,30.41236711,-26.11961814,,,,,,,,,,,,,,,,,,,,
YRK181841,30.40792268,-26.12342622,,,,,,,,,,,,,,,,,,,,
YRK181842,30.42503155,-26.1182937,,,,,,,,,,,,,,,,,,,,
YRK181843,30.44425107,-26.13077752,,,,,,,,,,,,,,,,,,,,
YRK181844,30.44687617,-26.13250807,,,,,,,,,,,,,,,,,,,,
YRK181845,30.47969264,-26.15392888,,,,,,,,,,,,,,,,,,,,
YRK181846,30.4877151,-26.15942979,,,,,,,,,,,,,,,,,,,,
YRK181847,30.44804727,-26.18959112,,,,,,,,,,,,,,,,,,,,
YRK181848,30.43573163,-26.19822256,,,,,,,,,,,,,,,,,,,,
YRK181849,30.42834948,-26.19655136,,,,,,,,,,,,,,,,,,,,
YRK181850,30.42531185,-26.19992554,,,,,,,,,,,,,,,,,,,,
YRK181851,30.43825087,-26.2266185,,,,,,,,,,,,,,,,,,,,
YRK181852,30.46245473,-26.22162447,,,,,,,,,,,,,,,,,,,,
YRK181853,30.46267194,-26.22335463,,,,,,,,,,,,,,,,,,,,
YRK181854,30.46281098,-26.22158968,,,,,,,,,,,,,,,,,,,,
YRK181855,30.46308864,-26.22621457,,,,,,,,,,,,,,,,,,,,
YRK181856,30.46383337,-26.2292062,,,,,,,,,,,,,,,,,,,,
YRK181857,30.46350979,-26.23003789,,,,,,,,,,,,,,,,,,,,
YRK181858,30.48086302,-26.22552704,,,,,,,,,,,,,,,,,,,,
YRK181859,30.52009563,-26.22193641,,,,,,,,,,,,,,,,,,,,
YRK181860,30.52151579,-26.21921217,,,,,,,,,,,,,,,,,,,,
YRK181861,30.47475223,-26.2377126,,,,,,,,,,,,,,,,,,,,
YRK181862,30.47489866,-26.23845081,,,,,,,,,,,,,,,,,,,,
YRK181863,30.47616104,-26.23637173,,,,,,,,,,,,,,,,,,,,
YRK181864,30.47822721,-26.23553773,,,,,,,,,,,,,,,,,,,,
YRK181866,30.66850121,-26.3349739,,,,,,,,,,,,,,,,,,,,
YRK181868,30.68769483,-25.32742195,,,,,,,,,,,,,,,,,,,,
YRK181869,30.68723631,-25.32570975,,,,,,,,,,,,,,,,,,,,
YRK181870,30.68582591,-25.32642036,,,,,,,,,,,,,,,,,,,,
YRK181872,30.68636301,-25.31955075,,,,,,,,,,,,,,,,,,,,
YRK181873,30.68487858,-25.32077569,,,,,,,,,,,,,,,,,,,,
YRK181874,30.68169029,-25.32128446,,,,,,,,,,,,,,,,,,,,
YRK181876,30.68380838,-25.32067133,,,,,,,,,,,,,,,,,,,,
YRK181877,30.68399925,-25.31891071,,,,,,,,,,,,,,,,,,,,
YRK181878,30.67982696,-25.31689738,,,,,,,,,,,,,,,,,,,,
YRK181879,30.68025045,-25.32103625,,,,,,,,,,,,,,,,,,,,
YRK181884,30.48339401,-26.23457031,,,,,,,,,,,,,,,,,,,,
YRK181886,30.48186026,-26.24439469,,,,,,,,,,,,,,,,,,,,
YRK181887,30.48254948,-26.24823173,,,,,,,,,,,,,,,,,,,,
YRK181888,30.51726369,-26.24735642,,,,,,,,,,,,,,,,,,,,
YRK181889,30.51555024,-26.24542738,,,,,,,,,,,,,,,,,,,,
YRK181890,30.50979786,-26.25270859,,,,,,,,,,,,,,,,,,,,
YRK181891,30.49953683,-26.25146893,,,,,,,,,,,,,,,,,,,,
YRK181892,30.50271515,-26.25143792,,,,,,,,,,,,,,,,,,,,
YRK181893,30.54326663,-26.26838913,,,,,,,,,,,,,,,,,,,,
YRK181894,30.54592624,-26.26907665,,,,,,,,,,,,,,,,,,,,
YRK181895,30.55719767,-26.2718893,,,,,,,,,,,,,,,,,,,,
YRK181896,30.5675547,-26.27833763,,,,,,,,,,,,,,,,,,,,
YRK181899,30.65605683,-26.15904328,,,,,,,,,,,,,,,,,,,,
YRK181900,30.64828447,-26.16283035,,,,,,,,,,,,,,,,,,,,
YRK181901,30.64485442,-26.16504375,,,,,,,,,,,,,,,,,,,,
YRK181902,30.63261488,-26.17600284,,,,,,,,,,,,,,,,,,,,
YRK181903,30.63257625,-26.17711768,,,,,,,,,,,,,,,,,,,,
YRK181904,30.63575004,-26.17135634,,,,,,,,,,,,,,,,,,,,
YRK181905,30.61778044,-26.19025684,,,,,,,,,,,,,,,,,,,,
YRK181906,30.63649731,-26.17822537,,,,,,,,,,,,,,,,,,,,
YRK181907,30.63569888,-26.18224169,,,,,,,,,,,,,,,,,,,,
YRK181908,30.63467936,-26.18248422,,,,,,,,,,,,,,,,,,,,
YRK181909,30.6426856,-26.18667426,,,,,,,,,,,,,,,,,,,,
YRK181910,30.6484187,-26.19440483,,,,,,,,,,,,,,,,,,,,
YRK181911,30.6449849,-26.18976287,,,,,,,,,,,,,,,,,,,,
YRK181912,30.64955163,-26.19667988,,,,,,,,,,,,,,,,,,,,
YRK181913,30.65199727,-26.20036293,,,,,,,,,,,,,,,,,,,,
YRK181914,30.65170909,-26.20252108,,,,,,,,,,,,,,,,,,,,
YRK181915,30.65145363,-26.2036257,,,,,,,,,,,,,,,,,,,,
YRK181916,30.65253292,-26.20078042,,,,,,,,,,,,,,,,,,,,
YRK181917,30.65279237,-26.20802774,,,,,,,,,,,,,,,,,,,,
YRK181918,30.849383,-24.89875313,,,,,,,,,,,,,,,,,,,,
YRK181919,30.65777103,-26.16536592,,,,,,,,,,,,,,,,,,,,
YRK181920,30.6588814,-26.16571383,,,,,,,,,,,,,,,,,,,,
YRK181921,30.65954471,-26.16648698,,,,,,,,,,,,,,,,,,,,
YRK181922,30.66251953,-26.16776179,,,,,,,,,,,,,,,,,,,,
YRK181923,30.66738917,-26.17143722,,,,,,,,,,,,,,,,,,,,
YRK181925,30.6691247,-26.17376435,,,,,,,,,,,,,,,,,,,,
YRK181926,30.66691821,-26.17831102,,,,,,,,,,,,,,,,,,,,
YRK181927,30.67093791,-26.18265234,,,,,,,,,,,,,,,,,,,,
YRK181928,30.6747168,-26.18544174,,,,,,,,,,,,,,,,,,,,
YRK181929,30.6823243,-26.19502868,,,,,,,,,,,,,,,,,,,,
YRK181930,30.69653561,-26.1921831,,,,,,,,,,,,,,,,,,,,
YRK181931,30.69193553,-26.19313313,,,,,,,,,,,,,,,,,,,,
YRK181932,30.67087727,-26.17161398,,,,,,,,,,,,,,,,,,,,
YRK181933,30.6708168,-26.17116017,,,,,,,,,,,,,,,,,,,,
YRK181934,30.66354585,-26.16490752,,,,,,,,,,,,,,,,,,,,
YRK181935,30.68785106,-26.17588743,,,,,,,,,,,,,,,,,,,,
YRK181936,30.68774758,-26.17736095,,,,,,,,,,,,,,,,,,,,
YRK181937,30.6869834,-26.16750147,,,,,,,,,,,,,,,,,,,,
YRK181938,30.66608616,-26.16434665,,,,,,,,,,,,,,,,,,,,
YRK181939,30.65619619,-26.25902245,,,,,,,,,,,,,,,,,,,,
YRK181941,30.65621473,-26.25930756,,,,,,,,,,,,,,,,,,,,
YRK181942,30.6681848,-26.25807017,,,,,,,,,,,,,,,,,,,,
YRK181943,30.77112975,-26.19324019,,,,,,,,,,,,,,,,,,,,
YRK181944,30.80528085,-26.20625052,,,,,,,,,,,,,,,,,,,,
YRK181945,30.81499109,-26.20956654,,,,,,,,,,,,,,,,,,,,
YRK181946,30.81267968,-26.20909402,,,,,,,,,,,,,,,,,,,,
YRK181949,30.68574238,-26.26873787,,,,,,,,,,,,,,,,,,,,
YRK181950,30.69475233,-26.26940555,,,,,,,,,,,,,,,,,,,,
YRK181951,30.71019501,-26.27060522,,,,,,,,,,,,,,,,,,,,
YRK181952,30.71607102,-26.30257037,,,,,,,,,,,,,,,,,,,,
YRK181953,30.63377291,-26.32516612,,,,,,,,,,,,,,,,,,,,
YRK181955,30.63958157,-26.32562451,,,,,,,,,,,,,,,,,,,,
YRK181956,30.64292313,-26.32325356,,,,,,,,,,,,,,,,,,,,
YRK181957,30.64181239,-26.32563342,,,,,,,,,,,,,,,,,,,,
YRK181958,30.64125168,-26.32854912,,,,,,,,,,,,,,,,,,,,
YRK181959,30.64457581,-26.33642634,,,,,,,,,,,,,,,,,,,,
YRK181960,30.64326039,-26.33842566,,,,,,,,,,,,,,,,,,,,
YRK181961,30.65569056,-26.33621843,,,,,,,,,,,,,,,,,,,,
YRK181962,30.65756781,-26.33626553,,,,,,,,,,,,,,,,,,,,
YRK181963,30.65870407,-26.34137621,,,,,,,,,,,,,,,,,,,,
YRK181964,30.66026039,-26.34533025,,,,,,,,,,,,,,,,,,,,
YRK181965,30.6658542,-26.34778787,,,,,,,,,,,,,,,,,,,,
YRK181966,30.66174029,-26.35151017,,,,,,,,,,,,,,,,,,,,
YRK181967,30.66395809,-26.35962807,,,,,,,,,,,,,,,,,,,,
YRK181968,30.6680607,-26.35948872,,,,,,,,,,,,,,,,,,,,
YRK181969,30.67449676,-26.35518612,,,,,,,,,,,,,,,,,,,,
YRK181970,30.67721371,-26.35338343,,,,,,,,,,,,,,,,,,,,
YRK181971,30.68379996,-26.34891629,,,,,,,,,,,,,,,,,,,,
YRK181972,30.6819172,-26.35014045,,,,,,,,,,,,,,,,,,,,
YRK181973,30.67092166,-26.34560092,,,,,,,,,,,,,,,,,,,,
YRK181974,30.6738536,-26.34263662,,,,,,,,,,,,,,,,,,,,
YRK181975,30.67920995,-26.33804704,,,,,,,,,,,,,,,,,,,,
YRK181976,30.67610097,-26.34110768,,,,,,,,,,,,,,,,,,,,
YRK181977,30.68218406,-26.3339326,,,,,,,,,,,,,,,,,,,,
YRK181978,30.68284347,-26.33152009,,,,,,,,,,,,,,,,,,,,
YRK181979,30.68369644,-26.32866509,,,,,,,,,,,,,,,,,,,,
YRK181980,30.68417213,-26.32648359,,,,,,,,,,,,,,,,,,,,
YRK181981,30.67686564,-26.32141026,,,,,,,,,,,,,,,,,,,,
YRK181982,30.67867652,-26.3221538,,,,,,,,,,,,,,,,,,,,
YRK181983,30.6818853,-26.31838448,,,,,,,,,,,,,,,,,,,,
YRK181984,30.67500291,-26.32023278,,,,,,,,,,,,,,,,,,,,
YRK181985,30.66638705,-26.31628277,,,,,,,,,,,,,,,,,,,,
YRK181986,30.66448863,-26.31581033,,,,,,,,,,,,,,,,,,,,
YRK181987,30.69527421,-26.34085059,,,,,,,,,,,,,,,,,,,,
YRK181988,30.71178704,-26.32742262,,,,,,,,,,,,,,,,,,,,
YRK181990,30.70824213,-26.33400513,,,,,,,,,,,,,,,,,,,,
YRK181991,30.71456486,-26.32266537,,,,,,,,,,,,,,,,,,,,
YRK181992,30.71679735,-26.31884719,,,,,,,,,,,,,,,,,,,,
YRK181993,30.72498599,-26.31194799,,,,,,,,,,,,,,,,,,,,
YRK181994,30.70518197,-26.3449619,,,,,,,,,,,,,,,,,,,,
YRK181995,30.70828821,-26.3521385,,,,,,,,,,,,,,,,,,,,
YRK181996,30.71171734,-26.36205582,,,,,,,,,,,,,,,,,,,,
YRK181997,30.71244974,-26.36977251,,,,,,,,,,,,,,,,,,,,
YRK181998,30.71285013,-26.37430846,,,,,,,,,,,,,,,,,,,,
YRK181999,30.72120348,-26.38091369,,,,,,,,,,,,,,,,,,,,
YRK182000,30.7230741,-26.38582501,,,,,,,,,,,,,,,,,,,,
YRK182001,30.7229929,-26.38649527,,,,,,,,,,,,,,,,,,,,
YRK182002,30.72849614,-26.38839103,,,,,,,,,,,,,,,,,,,,
YRK182003,30.72578993,-26.38802919,,,,,,,,,,,,,,,,,,,,
YRK182004,30.7253556,-26.38801644,,,,,,,,,,,,,,,,,,,,
YRK182010,30.88583906,-24.7967292,,,,,,,,,,,,,,,,,,,,
YRK182023,30.81035019,-26.20940866,,,,,,,,,,,,,,,,,,,,
YRK182024,30.83305575,-25.04956255,,,,,,,,,,,,,,,,,,,,
YRK182033,30.45534946,-26.17873716,,,,,,,,,,,,,,,,,,,,
YRK182034,30.79265206,-26.19896189,,,,,,,,,,,,,,,,,,,,
YRK182035,30.83083984,-24.68132066,,,,,,,,,,,,,,,,,,,,
YRK182036,30.83333025,-25.0211331,,,,,,,,,,,,,,,,,,,,
YRK182038,30.83285052,-25.1806762,,,,,,,,,,,,,,,,,,,,
YRK182039,30.74383429,-25.17584161,,,,,,,,,,,,,,,,,,,,
YRK182042,30.4478632,-26.13313843,,,,,,,,,,,,,,,,,,,,
YRK182043,30.4804335,-26.22458935,,,,,,,,,,,,,,,,,,,,
YRK182052,30.73716864,-26.37010408,,,,,,,,,,,,,,,,,,,,
YRK182054,30.74023233,-25.11394232,,,,,,,,,,,,,,,,,,,,
YRK182055,30.75726523,-25.17616081,,,,,,,,,,,,,,,,,,,,
YRK182056,30.83567955,-25.17255335,,,,,,,,,,,,,,,,,,,,
YRK182057,30.68064731,-25.18322983,,,,,,,,,,,,,,,,,,,,
YRK182066,30.8341168,-25.16544236,,,,,,,,,,,,,,,,,,,,
YRK182071,30.67932137,-25.32892207,,,,,,,,,,,,,,,,,,,,
YRK182072,30.83023535,-25.1794299,,,,,,,,,,,,,,,,,,,,
YRK182073,30.74921681,-24.96253422,,,,,,,,,,,,,,,,,,,,
YRK182074,30.74238247,-25.17515253,,,,,,,,,,,,,,,,,,,,
YRK182075,30.76284103,-24.90002697,,,,,,,,,,,,,,,,,,,,
YRK182076,30.76534888,-24.90223385,,,,,,,,,,,,,,,,,,,,
YRK182077,30.77499339,-24.89868161,,,,,,,,,,,,,,,,,,,,
YRK182079,30.78218109,-25.24688346,,,,,,,,,,,,,,,,,,,,
YRK182080,30.86547377,-24.80063841,,,,,,,,,,,,,,,,,,,,
YRK182081,30.87764149,-24.7975756,,,,,,,,,,,,,,,,,,,,
YRK182082,30.78530386,-25.2455841,,,,,,,,,,,,,,,,,,,,
YRK182083,30.73561046,-24.92210359,,,,,,,,,,,,,,,,,,,,
YRK182084,30.77047869,-25.11299415,,,,,,,,,,,,,,,,,,,,
YRK182085,30.83800293,-24.74661354,,,,,,,,,,,,,,,,,,,,
YRK182086,30.8382779,-24.75942942,,,,,,,,,,,,,,,,,,,,
YRK182087,30.84729654,-24.74359774,,,,,,,,,,,,,,,,,,,,
YRK182088,30.82696798,-25.21703099,,,,,,,,,,,,,,,,,,,,
YRK182089,30.83279662,-25.21794578,,,,,,,,,,,,,,,,,,,,
YRK182090,30.72896834,-24.94659268,,,,,,,,,,,,,,,,,,,,
YRK182091,30.66076687,-25.31412048,,,,,,,,,,,,,,,,,,,,