id,lon,lat,bio1,bio2,bio3,bio4,bio5,bio6,bio7,bio8,bio9,bio10,bio11,bio12,bio13,bio14,bio15,bio16,bio17,bio18,bio19,elevation
WR_1_1,-50.35061255,-26.14466951,17.39327652,11.88147727,56.37772434,330.4451016,27.40522727,6.330454545,21.07477273,21.21931818,13.25583333,21.21931818,13.25583333,1632.847424,186.0662426,100.1713771,20.55897528,507.3439064,340.9006736,507.3439064,340.9006736,790
WR_1_101,-50.32028638,-26.11426509,17.39982955,11.86564394,56.75922,327.5667991,27.30295455,6.397727273,20.90522727,21.18026515,13.29893939,21.18026515,13.29893939,1631.907185,187.3059809,99.72588888,20.72921607,510.6952125,340.490832,510.6952125,340.490832,771
WR_1_106,-50.32916243,-26.13949674,17.29889205,11.8749053,56.70980988,327.9501847,27.26477273,6.325,20.93977273,21.09871212,13.19473485,21.09871212,13.19473485,1631.187182,186.078686,99.64518219,20.61650134,508.0640852,340.3671947,508.0640852,340.3671947,781
WR_1_132,-50.30287584,-26.14297562,17.29889205,11.8749053,56.70980988,327.9501847,27.26477273,6.325,20.93977273,21.09871212,13.19473485,21.09871212,13.19473485,1625.417669,185.4493788,99.24305873,20.64964212,506.6492042,339.9305508,506.6492042,339.9305508,797
WR_1_132a,-50.30991828,-26.14723959,17.29889205,11.8749053,56.70980988,327.9501847,27.26477273,6.325,20.93977273,21.09871212,13.19473485,21.09871212,13.19473485,1626.56466,185.348849,99.41142323,20.61269115,506.509816,340.1221277,506.509816,340.1221277,802
WR_1_136,-50.31027237,-26.15059429,17.29889205,11.8749053,56.70980988,327.9501847,27.26477273,6.325,20.93977273,21.09871212,13.19473485,21.09871212,13.19473485,1626.308615,185.175919,99.46603316,20.59362379,506.1570069,340.179627,506.1570069,340.179627,825
WR_1_140,-50.30940554,-26.15499514,17.29889205,11.8749053,56.70980988,327.9501847,27.26477273,6.325,20.93977273,21.09871212,13.19473485,21.09871212,13.19473485,1625.695771,184.9268155,99.52422073,20.57085613,505.6435176,340.2320786,505.6435176,340.2320786,825
WR_1_141,-50.30364455,-26.15491435,17.29889205,11.8749053,56.70980988,327.9501847,27.26477273,6.325,20.93977273,21.09871212,13.19473485,21.09871212,13.19473485,1624.528813,184.8369833,99.47231252,20.57952039,505.4466847,340.1325056,505.4466847,340.1325056,809
WR_1_155,-50.34143589,-26.14874169,17.39327652,11.88147727,56.37772434,330.4451016,27.40522727,6.330454545,21.07477273,21.21931818,13.25583333,21.21931818,13.25583333,1631.438645,185.7689756,99.97117699,20.55974379,506.9476284,340.7618062,506.9476284,340.7618062,808
WR_1_158,-50.33700038,-26.14542285,17.39327652,11.88147727,56.37772434,330.4451016,27.40522727,6.330454545,21.07477273,21.21931818,13.25583333,21.21931818,13.25583333,1631.321673,185.8640229,99.86131256,20.57667462,507.3252426,340.6194943,507.3252426,340.6194943,808
WR_1_163,-50.34197463,-26.14647131,17.39327652,11.88147727,56.37772434,330.4451016,27.40522727,6.330454545,21.07477273,21.21931818,13.25583333,21.21931818,13.25583333,1631.740058,185.8795088,99.97722134,20.56602992,507.1915743,340.7410721,507.1915743,340.7410721,800
WR_1_18,-50.35231975,-26.12911303,17.39327652,11.88147727,56.37772434,330.4451016,27.40522727,6.330454545,21.07477273,21.21931818,13.25583333,21.21931818,13.25583333,1634.543737,186.6931953,100.2199603,20.58786895,508.8679474,340.7159305,508.8679474,340.7159305,778
WR_1_180,-50.34378763,-26.13327986,17.39327652,11.88147727,56.37772434,330.4451016,27.40522727,6.330454545,21.07477273,21.21931818,13.25583333,21.21931818,13.25583333,1633.321675,186.4855182,99.99206659,20.60231801,508.5855221,340.5923323,508.5855221,340.5923323,773
WR_1_182,-50.33954336,-26.14520811,17.39327652,11.88147727,56.37772434,330.4451016,27.40522727,6.330454545,21.07477273,21.21931818,13.25583333,21.21931818,13.25583333,1631.616177,185.9061957,99.91853089,20.57352519,507.3382529,340.6709721,507.3382529,340.6709721,808
WR_1_184,-50.32422076,-26.14033146,17.29889205,11.8749053,56.70980988,327.9501847,27.26477273,6.325,20.93977273,21.09871212,13.19473485,21.09871212,13.19473485,1630.487401,185.9803493,99.53679123,20.62380417,507.9629575,340.2756817,507.9629575,340.2756817,781
WR_1_187,-50.30337006,-26.14657916,17.29889205,11.8749053,56.70980988,327.9501847,27.26477273,6.325,20.93977273,21.09871212,13.19473485,21.09871212,13.19473485,1625.209272,185.2693994,99.31661684,20.6277636,506.2992977,339.9962828,506.2992977,339.9962828,797
WR_1_189,-50.30836504,-26.15831886,17.29889205,11.8749053,56.70980988,327.9501847,27.26477273,6.325,20.93977273,21.09871212,13.19473485,21.09871212,13.19473485,1625.164171,184.7332728,99.56795158,20.55413557,505.2476555,340.2655697,505.2476555,340.2655697,825
WR_1_198,-50.31493865,-26.13695788,17.29889205,11.8749053,56.70980988,327.9501847,27.26477273,6.325,20.93977273,21.09871212,13.19473485,21.09871212,13.19473485,1628.742372,185.991961,99.34506032,20.6600212,507.8942072,340.0570078,507.8942072,340.0570078,791
WR_1_20,-50.30469165,-26.16635962,17.29889205,11.8749053,56.70980988,327.9501847,27.26477273,6.325,20.93977273,21.09871212,13.19473485,21.09871212,13.19473485,1623.707552,184.252045,99.68445031,20.51429116,504.2862801,340.3298969,504.2862801,340.3298969,813
WR_1_24,-50.30539981,-26.1537176,17.29889205,11.8749053,56.70980988,327.9501847,27.26477273,6.325,20.93977273,21.09871212,13.19473485,21.09871212,13.19473485,1624.996291,184.9287356,99.46695336,20.58372382,505.6353402,340.1437565,505.6353402,340.1437565,809
WR_1_242,-50.30548973,-26.14965491,17.29889205,11.8749053,56.70980988,327.9501847,27.26477273,6.325,20.93977273,21.09871212,13.19473485,21.09871212,13.19473485,1625.38717,185.1443831,99.39738241,20.606539,506.0667292,340.0818116,506.0667292,340.0818116,797
WR_1_25,-50.30706956,-26.16127112,17.29889205,11.8749053,56.70980988,327.9501847,27.26477273,6.325,20.93977273,21.09871212,13.19473485,21.09871212,13.19473485,1624.628989,184.5564416,99.60760103,20.53961624,504.89011,340.2895737,504.89011,340.2895737,813
WR_1_28,-50.33351767,-26.14727726,17.39327652,11.88147727,56.37772434,330.4451016,27.40522727,6.330454545,21.07477273,21.21931818,13.25583333,21.21931818,13.25583333,1630.738272,185.7266888,99.79135053,20.57472998,507.1259691,340.5711726,507.1259691,340.5711726,808
WR_1_34,-50.32588594,-26.14492643,17.29889205,11.8749053,56.70980988,327.9501847,27.26477273,6.325,20.93977273,21.09871212,13.19473485,21.09871212,13.19473485,1630.196955,185.7507746,99.60455546,20.59744332,507.4321373,340.3741036,507.4321373,340.3741036,820
WR_1_37,-50.342332,-26.14006383,17.39327652,11.88147727,56.37772434,330.4451016,27.40522727,6.330454545,21.07477273,21.21931818,13.25583333,21.21931818,13.25583333,1632.460431,186.1725498,99.9698814,20.58508632,507.8786703,340.6576104,507.8786703,340.6576104,800
WR_1_38,-50.31492961,-26.12527378,17.29889205,11.8749053,56.70980988,327.9501847,27.26477273,6.325,20.93977273,21.09871212,13.19473485,21.09871212,13.19473485,1629.983137,186.6232252,99.197414,20.72536602,509.2239132,339.8822699,509.2239132,339.8822699,788
WR_1_39,-50.34011456,-26.14628434,17.39327652,11.88147727,56.37772434,330.4451016,27.40522727,6.330454545,21.07477273,21.21931818,13.25583333,21.21931818,13.25583333,1631.560268,185.8634787,99.93487312,20.56914693,507.2180334,340.6985248,507.2180334,340.6985248,808
WR_1_40,-50.31158198,-26.15872929,17.29889205,11.8749053,56.70980988,327.9501847,27.26477273,6.325,20.93977273,21.09871212,13.19473485,21.09871212,13.19473485,1625.761622,184.7623105,99.59664572,20.54784038,505.3071542,340.3259154,505.3071542,340.3259154,808
WR_1_43,-50.32044581,-26.1142734,17.39982955,11.86564394,56.75922,327.5667991,27.30295455,6.397727273,20.90522727,21.18026515,13.29893939,21.18026515,13.29893939,1631.948024,187.3093206,99.72934415,20.72869005,510.7046742,340.4940456,510.7046742,340.4940456,771
WR_1_47,-50.33190509,-26.1408193,17.29889205,11.8749053,56.70980988,327.9501847,27.26477273,6.325,20.93977273,21.09871212,13.19473485,21.09871212,13.19473485,1631.311715,186.0357155,99.71982987,20.60435158,507.8837877,340.4447955,507.8837877,340.4447955,781
WR_1_49,-50.33247943,-26.14324953,17.29889205,11.8749053,56.70980988,327.9501847,27.26477273,6.325,20.93977273,21.09871212,13.19473485,21.09871212,13.19473485,1631.090313,185.9175802,99.74671635,20.59289639,507.5966256,340.4916546,507.5966256,340.4916546,820
WR_1_5,-50.33665291,-26.14266166,17.39327652,11.88147727,56.37772434,330.4451016,27.40522727,6.330454545,21.07477273,21.21931818,13.25583333,21.21931818,13.25583333,1631.592645,185.9933331,99.84207203,20.58739098,507.6372746,340.5727855,507.6372746,340.5727855,808
WR_1_50,-50.31428481,-26.13109093,17.29889205,11.8749053,56.70980988,327.9501847,27.26477273,6.325,20.93977273,21.09871212,13.19473485,21.09871212,13.19473485,1629.208913,186.2961569,99.25750825,20.69404121,508.5248536,339.9570615,508.5248536,339.9570615,788
WR_1_57,-50.32054802,-26.11142015,17.39982955,11.86564394,56.75922,327.5667991,27.30295455,6.397727273,20.90522727,21.18026515,13.29893939,21.18026515,13.29893939,1632.121982,187.460239,99.83935299,20.73316972,511.0051582,340.6320163,511.0051582,340.6320163,771
WR_1_7,-50.33690285,-26.13810557,17.39327652,11.88147727,56.37772434,330.4451016,27.40522727,6.330454545,21.07477273,21.21931818,13.25583333,21.21931818,13.25583333,1632.125882,186.216005,99.8296223,20.60384861,508.1470809,340.5133671,508.1470809,340.5133671,779
WR_1_8,-50.31682122,-26.13110317,17.29889205,11.8749053,56.70980988,327.9501847,27.26477273,6.325,20.93977273,21.09871212,13.19473485,21.09871212,13.19473485,1629.819026,186.3454359,99.31010376,20.68829423,508.6682254,340.0049274,508.6682254,340.0049274,769
WR_10_11,-50.44311969,-26.34055749,17.05048295,11.97320076,56.53554616,330.759959,27.11977273,5.941590909,21.17818182,20.88348485,12.89534091,20.88348485,12.89534091,1607.665252,181.4045389,98.24253328,20.56345889,488.2655077,331.7108521,488.2655077,331.7108521,803
WR_10_13,-50.44600154,-26.36360882,17.05048295,11.97320076,56.53554616,330.759959,27.11977273,5.941590909,21.17818182,20.88348485,12.89534091,20.88348485,12.89534091,1608.79049,182.0019677,99.06016578,20.37974962,485.8426885,332.3295113,485.8426885,332.3295113,804
WR_10_14,-50.43955357,-26.36113104,17.05048295,11.97320076,56.53554616,330.759959,27.11977273,5.941590909,21.17818182,20.88348485,12.89534091,20.88348485,12.89534091,1608.907675,181.8159697,98.73390705,20.42593581,486.5314523,331.9465549,486.5314523,331.9465549,809
WR_10_18,-50.45184437,-26.38704314,17.03491477,11.93145833,56.5703505,329.8080966,27.02954545,5.938181818,21.09136364,20.85655303,12.88848485,20.85655303,12.88848485,1610.35239,182.770665,99.98832377,20.30250633,484.338484,332.9931149,484.338484,332.9931149,793
WR_10_2,-50.45673398,-26.38890599,17.03491477,11.93145833,56.5703505,329.8080966,27.02954545,5.938181818,21.09136364,20.85655303,12.88848485,20.85655303,12.88848485,1610.274004,182.8646188,100.1876387,20.27685935,483.9808052,333.246574,483.9808052,333.246574,793
WR_10_3,-50.45271131,-26.37988004,17.03491477,11.93145833,56.5703505,329.8080966,27.02954545,5.938181818,21.09136364,20.85655303,12.88848485,20.85655303,12.88848485,1609.345577,182.507402,99.80147356,20.27788245,484.2274833,332.9467737,484.2274833,332.9467737,789
WR_10_49,-50.44695235,-26.35461491,17.05048295,11.97320076,56.53554616,330.759959,27.11977273,5.941590909,21.17818182,20.88348485,12.89534091,20.88348485,12.89534091,1608.38977,181.830877,98.8252988,20.4423287,486.664671,332.2006542,486.664671,332.2006542,794
WR_10_5,-50.44678487,-26.38088627,17.03491477,11.93145833,56.5703505,329.8080966,27.02954545,5.938181818,21.09136364,20.85655303,12.88848485,20.85655303,12.88848485,1609.942087,182.4942576,99.63030587,20.31387816,484.6916256,332.6723232,484.6916256,332.6723232,785
WR_10_50,-50.44020241,-26.36026781,17.05048295,11.97320076,56.53554616,330.759959,27.11977273,5.941590909,21.17818182,20.88348485,12.89534091,20.88348485,12.89534091,1608.82863,181.8072875,98.73245029,20.4290778,486.5680093,331.9620506,486.5680093,331.9620506,809
WR_10_51,-50.44512546,-26.36128811,17.05048295,11.97320076,56.53554616,330.759959,27.11977273,5.941590909,21.17818182,20.88348485,12.89534091,20.88348485,12.89534091,1608.72069,181.9338348,98.95571671,20.40041059,486.1312487,332.2379854,486.1312487,332.2379854,804
WR_10_52,-50.44800154,-26.341044,17.05048295,11.97320076,56.53554616,330.759959,27.11977273,5.941590909,21.17818182,20.88348485,12.89534091,20.88348485,12.89534091,1607.891526,181.5811054,98.45867653,20.54376904,487.9483967,331.9906084,487.9483967,331.9906084,803
WR_10_53,-50.43640073,-26.36705911,17.05048295,11.97320076,56.53554616,330.759959,27.11977273,5.941590909,21.17818182,20.88348485,12.89534091,20.88348485,12.89534091,1609.490118,181.9172534,98.79720997,20.40087873,486.2057862,331.9115156,486.2057862,331.9115156,818
WR_10_54,-50.43526775,-26.37451664,17.05048295,11.97320076,56.53554616,330.759959,27.11977273,5.941590909,21.17818182,20.88348485,12.89534091,20.88348485,12.89534091,1610.181253,182.1128639,98.98892064,20.35958256,485.6107417,332.0166918,485.6107417,332.0166918,818
WR_10_56,-50.43679612,-26.37723598,17.03491477,11.93145833,56.5703505,329.8080966,27.02954545,5.938181818,21.09136364,20.85655303,12.88848485,20.85655303,12.88848485,1610.329608,182.2445688,99.14867723,20.35733855,485.4529483,332.1354284,485.4529483,332.1354284,801
WR_10_57,-50.43197258,-26.37777885,17.03491477,11.93145833,56.5703505,329.8080966,27.02954545,5.938181818,21.09136364,20.85655303,12.88848485,20.85655303,12.88848485,1610.788333,182.2205416,98.99742629,20.38772244,485.8303678,331.9076928,485.8303678,331.9076928,820
WR_10_59,-50.45257794,-26.34268003,17.05048295,11.97320076,56.53554616,330.759959,27.11977273,5.941590909,21.17818182,20.88348485,12.89534091,20.88348485,12.89534091,1608.109366,181.7641789,98.69569552,20.51592308,487.5269851,332.2742399,487.5269851,332.2742399,793
WR_10_59a,-50.4500389,-26.33857268,17.05048295,11.97320076,56.53554616,330.759959,27.11977273,5.941590909,21.17818182,20.88348485,12.89534091,20.88348485,12.89534091,1607.90516,181.6031115,98.46888294,20.55717866,488.0851556,332.0557441,488.0851556,332.0557441,790
WR_10_6,-50.45142803,-26.37934591,17.03491477,11.93145833,56.5703505,329.8080966,27.02954545,5.938181818,21.09136364,20.85655303,12.88848485,20.85655303,12.88848485,1609.378332,182.4754695,99.74087471,20.28339311,484.3236748,332.8778564,484.3236748,332.8778564,789
WR_10_60,-50.4438881,-26.33736175,17.05048295,11.97320076,56.53554616,330.759959,27.11977273,5.941590909,21.17818182,20.88348485,12.89534091,20.88348485,12.89534091,1607.533716,181.3571203,98.17662564,20.58596198,488.5325133,331.6885481,488.5325133,331.6885481,803
WR_10_63,-50.4485198,-26.35908092,17.05048295,11.97320076,56.53554616,330.759959,27.11977273,5.941590909,21.17818182,20.88348485,12.89534091,20.88348485,12.89534091,1608.525329,181.9590524,99.02159997,20.40244369,486.1170217,332.3705225,486.1170217,332.3705225,804
WR_10_65,-50.44405018,-26.36774014,17.05048295,11.97320076,56.53554616,330.759959,27.11977273,5.941590909,21.17818182,20.88348485,12.89534091,20.88348485,12.89534091,1609.0868,182.0598858,99.11083413,20.35924662,485.5804771,332.3131068,485.5804771,332.3131068,794
WR_10_68,-50.43672877,-26.36358318,17.05048295,11.97320076,56.53554616,330.759959,27.11977273,5.941590909,21.17818182,20.88348485,12.89534091,20.88348485,12.89534091,1609.198602,181.8261194,98.70077049,20.42218069,486.501227,331.8532453,486.501227,331.8532453,809
WR_10_70,-50.44924133,-26.37341552,17.05048295,11.97320076,56.53554616,330.759959,27.11977273,5.941590909,21.17818182,20.88348485,12.89534091,20.88348485,12.89534091,1608.953558,182.2544357,99.47910024,20.29380611,484.6284766,332.6854615,484.6284766,332.6854615,794
WR_10_72,-50.44391914,-26.3459364,17.05048295,11.97320076,56.53554616,330.759959,27.11977273,5.941590909,21.17818182,20.88348485,12.89534091,20.88348485,12.89534091,1607.975526,181.5556943,98.43983128,20.51937982,487.7008114,331.864212,487.7008114,331.864212,818
WR_10_77,-50.43781158,-26.34769275,17.05048295,11.97320076,56.53554616,330.759959,27.11977273,5.941590909,21.17818182,20.88348485,12.89534091,20.88348485,12.89534091,1607.968924,181.4164516,98.24630409,20.52836671,487.8966442,331.5694139,487.8966442,331.5694139,815
WR_10_78,-50.45164152,-26.37204847,17.05048295,11.97320076,56.53554616,330.759959,27.11977273,5.941590909,21.17818182,20.88348485,12.89534091,20.88348485,12.89534091,1608.728242,182.2596985,99.52869522,20.29211056,484.5821053,332.7785847,484.5821053,332.7785847,792
WR_10_79,-50.44788339,-26.37173791,17.05048295,11.97320076,56.53554616,330.759959,27.11977273,5.941590909,21.17818182,20.88348485,12.89534091,20.88348485,12.89534091,1609.002872,182.2033721,99.37760086,20.31250257,484.9005975,332.5852785,484.9005975,332.5852785,794
WR_11_1,-50.25238728,-26.15835714,17.16589015,11.82318182,56.87267003,324.8545606,27.04,6.251136364,20.78886364,20.92806818,13.10219697,20.92806818,13.10219697,1615.008151,182.7306168,100.1363118,20.35294837,501.5150741,341.0382134,501.5150741,341.0382134,835
WR_11_23,-50.29348073,-26.18176995,17.22497159,11.87293561,56.74474726,326.9782458,27.19840909,6.275,20.92340909,21.02348485,13.14,21.02348485,13.14,1621.146108,183.4484367,100.0574301,20.48581213,502.9862638,340.1225898,502.9862638,340.1225898,816
WR_11_29,-50.29375468,-26.18997673,17.22497159,11.87293561,56.74474726,326.9782458,27.19840909,6.275,20.92340909,21.02348485,13.14,21.02348485,13.14,1621.367296,183.2100411,100.3066613,20.50018662,502.7450589,339.9221288,502.7450589,339.9221288,798
WR_11_29a,-50.29157081,-26.19083995,17.15657197,11.82950758,56.93920267,324.7983819,27.04340909,6.267727273,20.77568182,20.93132576,13.10242424,20.93132576,13.10242424,1621.128623,183.1771777,100.3373823,20.50695458,502.7345315,339.8768695,502.7345315,339.8768695,803
WR_11_3,-50.29067825,-26.17337057,17.15657197,11.82950758,56.93920267,324.7983819,27.04340909,6.267727273,20.77568182,20.93132576,13.10242424,20.93132576,13.10242424,1620.619042,183.6906458,99.81454398,20.48628351,503.2845902,340.2194652,503.2845902,340.2194652,810
WR_11_31,-50.24586896,-26.17669636,17.02542614,11.81183712,57.0094372,321.7890423,26.86704545,6.147954545,20.71909091,20.7580303,13.00916667,20.7580303,13.00916667,1613.27554,181.611938,100.8959645,20.21582782,499.5981819,341.3255587,499.5981819,341.3255587,832
WR_11_33,-50.2640141,-26.16964804,17.15657197,11.82950758,56.93920267,324.7983819,27.04340909,6.267727273,20.77568182,20.93132576,13.10242424,20.93132576,13.10242424,1616.444455,183.0023241,100.0998753,20.41018745,502.0681583,340.5176793,502.0681583,340.5176793,834
WR_11_39,-50.26193866,-26.15601136,17.16589015,11.82318182,56.87267003,324.8545606,27.04,6.251136364,20.78886364,20.92806818,13.10219697,20.92806818,13.10219697,1616.571576,183.4505758,99.71804295,20.46998941,502.7947516,340.442159,502.7947516,340.442159,837
WR_11_40,-50.26432167,-26.1516452,17.16589015,11.82318182,56.87267003,324.8545606,27.04,6.251136364,20.78886364,20.92806818,13.10219697,20.92806818,13.10219697,1617.095907,183.7966653,99.4880883,20.52315603,503.3884895,340.2357887,503.3884895,340.2357887,837
WR_11_46,-50.26261896,-26.15426071,17.16589015,11.82318182,56.87267003,324.8545606,27.04,6.251136364,20.78886364,20.92806818,13.10219697,20.92806818,13.10219697,1616.73535,183.5696269,99.6353472,20.48806705,502.9984601,340.3767044,502.9984601,340.3767044,837
WR_11_48,-50.2443469,-26.18294696,17.02542614,11.81183712,57.0094372,321.7890423,26.86704545,6.147954545,20.71909091,20.7580303,13.00916667,20.7580303,13.00916667,1611.239785,181.0216279,100.7390823,20.25760324,498.8303691,340.4265578,498.8303691,340.4265578,832
WR_12_1,-50.08331075,-26.03303506,17.25860795,11.65600379,57.20929498,315.1117472,26.95454545,6.580227273,20.37431818,20.9255303,13.33837121,20.9255303,13.33837121,1596.408418,185.7550916,97.38135165,21.1148886,507.1511883,330.4133859,507.1511883,330.4133859,781
WR_12_17,-50.09295321,-26.05361748,17.26547348,11.7044697,57.00144626,318.3920403,27.04113636,6.5075,20.53363636,20.96734848,13.30200758,20.96734848,13.30200758,1594.985566,184.6334506,98.1191151,20.80828526,503.7419474,332.2107585,503.7419474,332.2107585,776
WR_12_19,-50.08436739,-26.04369695,17.26547348,11.7044697,57.00144626,318.3920403,27.04113636,6.5075,20.53363636,20.96734848,13.30200758,20.96734848,13.30200758,1594.650157,185.084449,97.61511105,20.97805715,505.2995084,330.8326589,505.2995084,330.8326589,795
WR_13_1,-50.08805455,-26.08068696,17.26547348,11.7044697,57.00144626,318.3920403,27.04113636,6.5075,20.53363636,20.96734848,13.30200758,20.96734848,13.30200758,1587.612553,182.5394105,98.24517988,20.60841479,499.2979584,331.7264937,499.2979584,331.7264937,802
WR_13_101,-50.11143008,-26.08728229,17.03264205,11.71164773,57.30724747,316.4627037,26.78568182,6.349090909,20.43659091,20.71734848,13.09818182,20.71734848,13.09818182,1595.061031,182.9185521,99.19243358,20.46617301,500.1574299,335.3486903,500.1574299,335.3486903,824
WR_13_102,-50.10078492,-26.09103272,17.03264205,11.71164773,57.30724747,316.4627037,26.78568182,6.349090909,20.43659091,20.71734848,13.09818182,20.71734848,13.09818182,1589.148062,182.1167276,98.53466492,20.55415871,498.9172459,333.0234135,498.9172459,333.0234135,836
WR_13_104,-50.11341231,-26.0678699,17.26547348,11.7044697,57.00144626,318.3920403,27.04113636,6.5075,20.53363636,20.96734848,13.30200758,20.96734848,13.30200758,1598.92667,184.2025078,99.44288767,20.5251019,502.2928147,335.9122371,502.2928147,335.9122371,799
WR_13_105,-50.11051157,-26.08232812,17.26547348,11.7044697,57.00144626,318.3920403,27.04113636,6.5075,20.53363636,20.96734848,13.30200758,20.96734848,13.30200758,1595.761074,183.202791,99.3255711,20.46562409,500.5522073,335.5132444,500.5522073,335.5132444,806
WR_13_106,-50.10783795,-26.08683987,17.03264205,11.71164773,57.30724747,316.4627037,26.78568182,6.349090909,20.43659091,20.71734848,13.09818182,20.71734848,13.09818182,1593.578791,182.7844431,99.02985256,20.4908658,499.9271282,334.7082465,499.9271282,334.7082465,836
WR_13_107,-50.10622214,-26.09038504,17.03264205,11.71164773,57.30724747,316.4627037,26.78568182,6.349090909,20.43659091,20.71734848,13.09818182,20.71734848,13.09818182,1591.928998,182.4507424,98.8241331,20.50998149,499.4410961,334.1344048,499.4410961,334.1344048,836
WR_13_109,-50.10712179,-26.09979831,17.03264205,11.71164773,57.30724747,316.4627037,26.78568182,6.349090909,20.43659091,20.71734848,13.09818182,20.71734848,13.09818182,1589.940597,181.8201851,98.53402195,20.52351604,498.5661979,333.60258,498.5661979,333.60258,826
WR_13_112,-50.09080583,-26.09686595,17.03264205,11.71164773,57.30724747,316.4627037,26.78568182,6.349090909,20.43659091,20.71734848,13.09818182,20.71734848,13.09818182,1581.937024,181.0030801,97.85409344,20.66241364,497.2927279,330.4396248,497.2927279,330.4396248,829
WR_13_113,-50.12774547,-26.09190488,17.13258523,11.73691288,57.13984074,318.8156024,26.89977273,6.359090909,20.54068182,20.83757576,13.16,20.83757576,13.16,1600.953517,183.4025642,99.71987677,20.36556386,500.8844058,337.8072259,500.8844058,337.8072259,833
WR_13_12,-50.10412529,-26.0721574,17.26547348,11.7044697,57.00144626,318.3920403,27.04113636,6.5075,20.53363636,20.96734848,13.30200758,20.96734848,13.30200758,1595.656249,183.7107391,99.16113809,20.52402291,501.3165902,334.7965999,501.3165902,334.7965999,813
WR_13_120,-50.097866,-26.08447627,17.03264205,11.71164773,57.30724747,316.4627037,26.78568182,6.349090909,20.43659091,20.71734848,13.09818182,20.71734848,13.09818182,1590.019634,182.541904,98.61432541,20.55535775,499.4585084,333.0721968,499.4585084,333.0721968,808
WR_13_122,-50.13219295,-26.07783969,17.22476326,11.71717803,57.07218028,318.5440579,27.00159091,6.471136364,20.53045455,20.92246212,13.26189394,20.92246212,13.26189394,1602.506177,184.0715494,100.3006918,20.36847202,501.7593353,338.5389792,501.7593353,338.5389792,850
WR_13_128,-50.11760985,-26.0902732,17.03264205,11.71164773,57.30724747,316.4627037,26.78568182,6.349090909,20.43659091,20.71734848,13.09818182,20.71734848,13.09818182,1597.33907,183.0435012,99.38781511,20.42461558,500.3925115,336.3475081,500.3925115,336.3475081,847
WR_13_129,-50.13593908,-26.07177728,17.22476326,11.71717803,57.07218028,318.5440579,27.00159091,6.471136364,20.53045455,20.92246212,13.26189394,20.92246212,13.26189394,1603.1415,184.4697317,100.2780274,20.4060951,502.2743956,338.474124,502.2743956,338.474124,841
WR_13_130,-50.12783502,-26.07717425,17.22476326,11.71717803,57.07218028,318.5440579,27.00159091,6.471136364,20.53045455,20.92246212,13.26189394,20.92246212,13.26189394,1602.166723,184.0090802,100.2829599,20.37631168,501.8243393,338.3881546,501.8243393,338.3881546,850
WR_13_131,-50.12828422,-26.08766389,17.13258523,11.73691288,57.13984074,318.8156024,26.89977273,6.359090909,20.54068182,20.83757576,13.16,20.83757576,13.16,1601.350545,183.5862264,99.88768853,20.36724163,501.1524333,337.9924835,501.1524333,337.9924835,864
WR_13_16,-50.11240778,-26.07320808,17.26547348,11.7044697,57.00144626,318.3920403,27.04113636,6.5075,20.53363636,20.96734848,13.30200758,20.96734848,13.30200758,1598.166977,183.8441351,99.61461515,20.46729596,501.5668116,336.1780186,501.5668116,336.1780186,799
WR_13_164,-50.10158931,-26.08095303,17.26547348,11.7044697,57.00144626,318.3920403,27.04113636,6.5075,20.53363636,20.96734848,13.30200758,20.96734848,13.30200758,1592.662138,182.9826792,98.92280915,20.51984662,500.116831,334.0529325,500.116831,334.0529325,831
WR_13_17,-50.13472884,-26.05532919,17.22476326,11.71717803,57.07218028,318.5440579,27.00159091,6.471136364,20.53045455,20.92246212,13.26189394,20.92246212,13.26189394,1603.438053,185.4535604,99.42500811,20.61921541,504.082613,336.6994871,504.082613,336.6994871,791
WR_13_20,-50.09751816,-26.07586126,17.26547348,11.7044697,57.00144626,318.3920403,27.04113636,6.5075,20.53363636,20.96734848,13.30200758,20.96734848,13.30200758,1592.88977,183.2936276,98.88909849,20.53020117,500.4739676,333.8279722,500.4739676,333.8279722,805
WR_13_24,-50.10794927,-26.06218326,17.26547348,11.7044697,57.00144626,318.3920403,27.04113636,6.5075,20.53363636,20.96734848,13.30200758,20.96734848,13.30200758,1597.868222,184.4314781,98.97606959,20.62195757,502.8455551,334.6946251,502.8455551,334.6946251,785
WR_13_25,-50.1058304,-26.06627611,17.26547348,11.7044697,57.00144626,318.3920403,27.04113636,6.5075,20.53363636,20.96734848,13.30200758,20.96734848,13.30200758,1596.830873,184.1235214,99.03408937,20.58438708,502.2120153,334.6713694,502.2120153,334.6713694,785
WR_13_29,-50.12831781,-26.05799521,17.22476326,11.71717803,57.07218028,318.5440579,27.00159091,6.471136364,20.53045455,20.92246212,13.26189394,20.92246212,13.26189394,1603.005223,185.1554694,99.50985382,20.58488584,503.8160778,336.7722434,503.8160778,336.7722434,795
WR_13_3,-50.1207173,-26.07700479,17.26547348,11.7044697,57.00144626,318.3920403,27.04113636,6.5075,20.53363636,20.96734848,13.30200758,20.96734848,13.30200758,1600.454992,183.8377381,100.0417791,20.4034365,501.6140137,337.5681581,501.6140137,337.5681581,815
WR_13_30,-50.12474479,-26.08611663,17.03264205,11.71164773,57.30724747,316.4627037,26.78568182,6.349090909,20.43659091,20.71734848,13.09818182,20.71734848,13.09818182,1601.063415,183.5789407,99.89831273,20.37585904,501.2491011,337.887752,501.2491011,337.887752,847
WR_13_31,-50.12212335,-26.0848118,17.03264205,11.71164773,57.30724747,316.4627037,26.78568182,6.349090909,20.43659091,20.71734848,13.09818182,20.71734848,13.09818182,1600.075075,183.5228455,99.81724855,20.39324362,501.1463758,337.4600632,501.1463758,337.4600632,847
WR_13_32,-50.11801872,-26.08332377,17.26547348,11.7044697,57.00144626,318.3920403,27.04113636,6.5075,20.53363636,20.96734848,13.30200758,20.96734848,13.30200758,1598.577768,183.4301395,99.66731478,20.41912023,500.9704871,336.7900358,500.9704871,336.7900358,815
WR_13_33,-50.11652951,-26.08350788,17.03264205,11.71164773,57.30724747,316.4627037,26.78568182,6.349090909,20.43659091,20.71734848,13.09818182,20.71734848,13.09818182,1597.944503,183.3618497,99.58556969,20.42857128,500.8539922,336.5131363,500.8539922,336.5131363,824
WR_13_34,-50.11826982,-26.09577799,17.03264205,11.71164773,57.30724747,316.4627037,26.78568182,6.349090909,20.43659091,20.71734848,13.09818182,20.71734848,13.09818182,1596.836164,182.7901857,99.21454543,20.42234139,500.0187495,336.1903149,500.0187495,336.1903149,853
WR_13_35,-50.11635648,-26.09713881,17.03264205,11.71164773,57.30724747,316.4627037,26.78568182,6.349090909,20.43659091,20.71734848,13.09818182,20.71734848,13.09818182,1595.602914,182.5977172,99.07183325,20.43896828,499.727789,335.7220721,499.727789,335.7220721,846
WR_13_5,-50.12676207,-26.08342957,17.13258523,11.73691288,57.13984074,318.8156024,26.89977273,6.359090909,20.54068182,20.83757576,13.16,20.83757576,13.16,1601.556581,183.7317688,100.0329671,20.37298375,501.4304769,338.1023479,501.4304769,338.1023479,864
WR_13_51,-50.09904172,-26.09487881,17.03264205,11.71164773,57.30724747,316.4627037,26.78568182,6.349090909,20.43659091,20.71734848,13.09818182,20.71734848,13.09818182,1587.02263,181.6933022,98.31777693,20.58096262,498.3184492,332.3298239,498.3184492,332.3298239,825
WR_13_58,-50.12712722,-26.08059925,17.22476326,11.71717803,57.07218028,318.5440579,27.00159091,6.471136364,20.53045455,20.92246212,13.26189394,20.92246212,13.26189394,1601.822121,183.854381,100.1450458,20.37456761,501.6093254,338.2260739,501.6093254,338.2260739,850
WR_13_60,-50.12310034,-26.06285088,17.26547348,11.7044697,57.00144626,318.3920403,27.04113636,6.5075,20.53363636,20.96734848,13.30200758,20.96734848,13.30200758,1602.072569,184.7423309,99.64659219,20.535909,503.2399443,336.8795079,503.2399443,336.8795079,797
WR_13_64,-50.09038101,-26.08887057,17.03264205,11.71164773,57.30724747,316.4627037,26.78568182,6.349090909,20.43659091,20.71734848,13.09818182,20.71734848,13.09818182,1585.062407,181.7882695,98.09537787,20.62874535,498.3351084,331.2305935,498.3351084,331.2305935,823
WR_13_67,-50.13887364,-26.05168293,17.22476326,11.71717803,57.07218028,318.5440579,27.00159091,6.471136364,20.53045455,20.92246212,13.26189394,20.92246212,13.26189394,1603.71485,185.7636042,99.2694265,20.66942485,504.4674636,336.4355934,504.4674636,336.4355934,791
WR_13_72,-50.13388893,-26.06651792,17.22476326,11.71717803,57.07218028,318.5440579,27.00159091,6.471136364,20.53045455,20.92246212,13.26189394,20.92246212,13.26189394,1603.105738,184.7489474,99.9902372,20.47507209,502.8605405,337.8422897,502.8605405,337.8422897,815
WR_13_84,-50.09375508,-26.06384076,17.26547348,11.7044697,57.00144626,318.3920403,27.04113636,6.5075,20.53363636,20.96734848,13.30200758,20.96734848,13.30200758,1593.649544,183.995195,98.4231233,20.68090559,502.1449122,332.7845537,502.1449122,332.7845537,782
WR_13_86,-50.08598897,-26.07228004,17.26547348,11.7044697,57.00144626,318.3920403,27.04113636,6.5075,20.53363636,20.96734848,13.30200758,20.96734848,13.30200758,1589.938891,183.2664967,98.26482394,20.62705852,500.4522066,331.955069,500.4522066,331.955069,785
WR_13_86a,-50.0917714,-26.07697151,17.26547348,11.7044697,57.00144626,318.3920403,27.04113636,6.5075,20.53363636,20.96734848,13.30200758,20.96734848,13.30200758,1590.52995,183.0352768,98.55626554,20.56848647,500.0237327,332.7694115,500.0237327,332.7694115,805
WR_13_86b,-50.08742681,-26.07082747,17.26547348,11.7044697,57.00144626,318.3920403,27.04113636,6.5075,20.53363636,20.96734848,13.30200758,20.96734848,13.30200758,1590.641064,183.3951066,98.30396987,20.63542847,500.762614,332.1293302,500.762614,332.1293302,785
WR_13_88,-50.10722307,-26.06530963,17.26547348,11.7044697,57.00144626,318.3920403,27.04113636,6.5075,20.53363636,20.96734848,13.30200758,20.96734848,13.30200758,1597.340389,184.2173357,99.06121425,20.58839249,502.3960333,334.8091509,502.3960333,334.8091509,785
WR_13_9,-50.09914427,-26.05572176,17.26547348,11.7044697,57.00144626,318.3920403,27.04113636,6.5075,20.53363636,20.96734848,13.30200758,20.96734848,13.30200758,1596.256949,184.6388252,98.40525853,20.74801704,503.5369694,333.1039811,503.5369694,333.1039811,776
WR_13_91,-50.11262894,-26.09876562,17.03264205,11.71164773,57.30724747,316.4627037,26.78568182,6.349090909,20.43659091,20.71734848,13.09818182,20.71734848,13.09818182,1593.262612,182.2599442,98.83360731,20.47260002,499.2216468,334.8437285,499.2216468,334.8437285,846
WR_13_92,-50.10875008,-26.06179501,17.26547348,11.7044697,57.00144626,318.3920403,27.04113636,6.5075,20.53363636,20.96734848,13.30200758,20.96734848,13.30200758,1598.130461,184.4745379,98.99497064,20.62234946,502.9224544,334.7788644,502.9224544,334.7788644,778
WR_13_93,-50.10525185,-26.075673,17.26547348,11.7044697,57.00144626,318.3920403,27.04113636,6.5075,20.53363636,20.96734848,13.30200758,20.96734848,13.30200758,1595.510774,183.5074102,99.2943854,20.48579423,500.9014549,335.1074493,500.9014549,335.1074493,831
WR_13_94,-50.09881863,-26.07298818,17.26547348,11.7044697,57.00144626,318.3920403,27.04113636,6.5075,20.53363636,20.96734848,13.30200758,20.96734848,13.30200758,1593.879347,183.5300896,98.92364611,20.54378651,500.9453953,334.0095786,500.9453953,334.0095786,798
WR_13_9aa,-50.10176341,-26.05934524,17.26547348,11.7044697,57.00144626,318.3920403,27.04113636,6.5075,20.53363636,20.96734848,13.30200758,20.96734848,13.30200758,1596.486492,184.4680583,98.62218342,20.68972978,503.0658686,333.6588374,503.0658686,333.6588374,785
WR_13_9b,-50.09899239,-26.05988006,17.26547348,11.7044697,57.00144626,318.3920403,27.04113636,6.5075,20.53363636,20.96734848,13.30200758,20.96734848,13.30200758,1595.667932,184.3701975,98.52790578,20.69864911,502.9124294,333.3138277,502.9124294,333.3138277,782
WR_14_1,-50.36451452,-26.26307976,17.21184659,11.87994318,56.47947056,329.6199702,27.17477273,6.140681818,21.03409091,21.01810606,13.07117424,21.01810606,13.07117424,1620.520757,179.6526199,100.3600064,20.09729094,496.5343584,336.2899385,496.5343584,336.2899385,798
WR_14_2,-50.37078347,-26.26228098,17.21184659,11.87994318,56.47947056,329.6199702,27.17477273,6.140681818,21.03409091,21.01810606,13.07117424,21.01810606,13.07117424,1623.036267,180.1230134,100.5820094,20.00708445,496.8160393,337.3773871,496.8160393,337.3773871,809
WR_14_4,-50.37662807,-26.26773577,17.12930871,11.954375,56.68511294,329.4901233,27.08454545,5.995454545,21.08909091,20.92416667,12.99068182,20.92416667,12.99068182,1624.191158,180.0174348,100.6537115,19.88957345,496.2709625,337.7741379,496.2709625,337.7741379,804
WR_15_14,-50.0371516,-26.10556391,17.01408144,11.70486742,57.62525222,313.156127,26.69909091,6.387045455,20.31204545,20.64988636,13.11492424,20.64988636,13.11492424,1561.113096,179.0333047,95.06957587,21.35351749,494.7049372,322.8753204,494.7049372,322.8753204,868
WR_15_15,-50.05222226,-26.09257492,17.08902462,11.68835227,57.1964389,315.6480194,26.82181818,6.386363636,20.43545455,20.75912879,13.16136364,20.75912879,13.16136364,1568.782097,180.4192354,96.60419216,21.16909783,496.7198727,324.9598277,496.7198727,324.9598277,841
WR_15_18a,-50.07387054,-26.08004716,17.13413826,11.68903409,57.24880063,315.8016239,26.87613636,6.458181818,20.41795455,20.8105303,13.2057197,20.8105303,13.2057197,1582.54638,182.1553603,97.56755502,20.71933359,498.5974247,329.3651513,498.5974247,329.3651513,822
WR_15_2,-50.06288246,-26.09169836,17.08902462,11.68835227,57.1964389,315.6480194,26.82181818,6.386363636,20.43545455,20.75912879,13.16136364,20.75912879,13.16136364,1572.514962,180.5896985,96.9179313,20.98275345,496.7589377,326.3653288,496.7589377,326.3653288,821
WR_15_24,-50.05153726,-26.10662261,17.08902462,11.68835227,57.1964389,315.6480194,26.82181818,6.386363636,20.43545455,20.75912879,13.16136364,20.75912879,13.16136364,1563.543716,178.8605028,95.82139653,21.16825479,494.3807461,323.9666634,494.3807461,323.9666634,813
WR_15_3,-50.05930394,-26.1113848,17.08902462,11.68835227,57.1964389,315.6480194,26.82181818,6.386363636,20.43545455,20.75912879,13.16136364,20.75912879,13.16136364,1562.949676,178.2685394,95.94144484,21.08479163,493.505291,324.1357564,493.505291,324.1357564,800
WR_15_31,-50.04943738,-26.10428457,17.08902462,11.68835227,57.1964389,315.6480194,26.82181818,6.386363636,20.43545455,20.75912879,13.16136364,20.75912879,13.16136364,1563.945675,179.125275,95.83500537,21.19752676,494.7926893,323.9397299,494.7926893,323.9397299,837
WR_15_37,-50.06088545,-26.07613631,17.13413826,11.68903409,57.24880063,315.8016239,26.87613636,6.458181818,20.41795455,20.8105303,13.2057197,20.8105303,13.2057197,1578.752629,182.4105398,97.27537696,20.98840665,499.3798344,327.5992463,499.3798344,327.5992463,835
WR_15_39,-50.05750988,-26.10958002,17.08902462,11.68835227,57.1964389,315.6480194,26.82181818,6.386363636,20.43545455,20.75912879,13.16136364,20.75912879,13.16136364,1563.43611,178.4915965,95.96488399,21.1002378,493.8253486,324.1778212,493.8253486,324.1778212,813
WR_15_41,-50.04966844,-26.11516553,17.08902462,11.68835227,57.1964389,315.6480194,26.82181818,6.386363636,20.43545455,20.75912879,13.16136364,20.75912879,13.16136364,1560.284952,177.9362472,95.24042749,21.18084573,492.9734126,323.3226044,492.9734126,323.3226044,820
WR_15_42,-50.05193758,-26.11697456,17.08902462,11.68835227,57.1964389,315.6480194,26.82181818,6.386363636,20.43545455,20.75912879,13.16136364,20.75912879,13.16136364,1559.878152,177.7098856,95.24233153,21.15995606,492.6477615,323.314316,492.6477615,323.314316,820
WR_15_44,-50.06573763,-26.1125837,17.08902462,11.68835227,57.1964389,315.6480194,26.82181818,6.386363636,20.43545455,20.75912879,13.16136364,20.75912879,13.16136364,1563.286294,178.0688821,96.18270949,21.02471433,493.238461,324.3973007,493.238461,324.3973007,800
WR_15_49,-50.04571107,-26.10695862,17.08902462,11.68835227,57.1964389,315.6480194,26.82181818,6.386363636,20.43545455,20.75912879,13.16136364,20.75912879,13.16136364,1562.359012,178.8521374,95.4807107,21.23912488,494.3844245,323.5019966,494.3844245,323.5019966,837
WR_15_5,-50.06197005,-26.08458454,17.08902462,11.68835227,57.1964389,315.6480194,26.82181818,6.386363636,20.43545455,20.75912879,13.16136364,20.75912879,13.16136364,1575.436054,181.428019,97.08335575,20.98137582,497.9571116,326.9548852,497.9571116,326.9548852,817
WR_15_52,-50.07429674,-26.10505217,17.08902462,11.68835227,57.1964389,315.6480194,26.82181818,6.386363636,20.43545455,20.75912879,13.16136364,20.75912879,13.16136364,1568.654937,178.9552491,96.83063897,20.88346564,494.4099913,325.9415862,494.4099913,325.9415862,806
WR_15_56,-50.04624853,-26.11367189,17.08902462,11.68835227,57.1964389,315.6480194,26.82181818,6.386363636,20.43545455,20.75912879,13.16136364,20.75912879,13.16136364,1560.376081,178.1340341,95.15766575,21.21561239,493.2582127,323.2257124,493.2582127,323.2257124,820
WR_15_60,-50.03584984,-26.12069356,17.01408144,11.70486742,57.62525222,313.156127,26.69909091,6.387045455,20.31204545,20.64988636,13.11492424,20.64988636,13.11492424,1557.586616,177.5475393,94.35459078,21.2739669,492.1945736,322.5743737,492.1945736,322.5743737,852
WR_15_66,-50.05083165,-26.10129769,17.08902462,11.68835227,57.1964389,315.6480194,26.82181818,6.386363636,20.43545455,20.75912879,13.16136364,20.75912879,13.16136364,1565.283349,179.450157,96.08579765,21.18233866,495.2772239,324.2442633,495.2772239,324.2442633,813
WR_15_69,-50.0757813,-26.10058796,17.08902462,11.68835227,57.1964389,315.6480194,26.82181818,6.386363636,20.43545455,20.75912879,13.16136364,20.75912879,13.16136364,1571.784462,179.5822727,97.01929199,20.83221295,495.2310483,326.8018678,495.2310483,326.8018678,831
WR_15_7,-50.05098103,-26.09737812,17.08902462,11.68835227,57.1964389,315.6480194,26.82181818,6.386363636,20.43545455,20.75912879,13.16136364,20.75912879,13.16136364,1566.700522,179.8821232,96.31886474,21.18462005,495.9302607,324.504736,495.9302607,324.504736,841
WR_15_73,-50.08657307,-26.09823607,17.03264205,11.71164773,57.30724747,316.4627037,26.78568182,6.349090909,20.43659091,20.71734848,13.09818182,20.71734848,13.09818182,1579.040162,180.5880207,97.60670776,20.70923271,496.6892162,329.4004844,496.6892162,329.4004844,829
WR_15_74,-50.08191503,-26.09727368,17.08902462,11.68835227,57.1964389,315.6480194,26.82181818,6.386363636,20.43545455,20.75912879,13.16136364,20.75912879,13.16136364,1576.961317,180.3954045,97.41406999,20.74823606,496.3752626,328.5441813,496.3752626,328.5441813,817
WR_15_75,-50.08078734,-26.09244454,17.08902462,11.68835227,57.1964389,315.6480194,26.82181818,6.386363636,20.43545455,20.75912879,13.16136364,20.75912879,13.16136364,1578.827949,180.8959883,97.51031475,20.72852368,497.0159557,328.9369955,497.0159557,328.9369955,817
WR_15_76,-50.07840673,-26.09987759,17.08902462,11.68835227,57.1964389,315.6480194,26.82181818,6.386363636,20.43545455,20.75912879,13.16136364,20.75912879,13.16136364,1573.669174,179.8521902,97.16567024,20.80010337,495.6176049,327.4624555,495.6176049,327.4624555,817
WR_15_77,-50.07566179,-26.09446007,17.08902462,11.68835227,57.1964389,315.6480194,26.82181818,6.386363636,20.43545455,20.75912879,13.16136364,20.75912879,13.16136364,1575.163897,180.355971,97.19919771,20.78859466,496.235439,327.6380559,496.235439,327.6380559,817
WR_15_78,-50.07253965,-26.09612454,17.08902462,11.68835227,57.1964389,315.6480194,26.82181818,6.386363636,20.43545455,20.75912879,13.16136364,20.75912879,13.16136364,1573.186746,180.0941871,97.05219842,20.84495129,495.9213268,326.992635,495.9213268,326.992635,797
WR_15_79,-50.07296455,-26.09162191,17.08902462,11.68835227,57.1964389,315.6480194,26.82181818,6.386363636,20.43545455,20.75912879,13.16136364,20.75912879,13.16136364,1575.785865,180.6684651,97.19683575,20.80897483,496.6702144,327.6494611,496.6702144,327.6494611,804
WR_15_8,-50.05527749,-26.09093741,17.08902462,11.68835227,57.1964389,315.6480194,26.82181818,6.386363636,20.43545455,20.75912879,13.16136364,20.75912879,13.16136364,1570.377285,180.6240264,96.72830565,21.11573577,496.962627,325.4631079,496.962627,325.4631079,817
WR_15_82,-50.04797711,-26.08917345,17.08902462,11.68835227,57.1964389,315.6480194,26.82181818,6.386363636,20.43545455,20.75912879,13.16136364,20.75912879,13.16136364,1568.56358,180.7600859,96.56732876,21.25194899,497.33057,324.6158358,497.33057,324.6158358,849
WR_15_85,-50.06205802,-26.08142417,17.13413826,11.68903409,57.24880063,315.8016239,26.87613636,6.458181818,20.41795455,20.8105303,13.2057197,20.8105303,13.2057197,1576.899903,181.8045261,97.17061861,20.97254214,498.4844543,327.2821066,498.4844543,327.2821066,835
WR_15_89,-50.03633233,-26.10317072,17.01408144,11.70486742,57.62525222,313.156127,26.69909091,6.387045455,20.31204545,20.64988636,13.11492424,20.64988636,13.11492424,1561.481116,179.2731793,95.12586678,21.37965453,495.1125413,322.8440776,495.1125413,322.8440776,868
WR_15_92,-50.03240352,-26.12376088,17.01408144,11.70486742,57.62525222,313.156127,26.69909091,6.387045455,20.31204545,20.64988636,13.11492424,20.64988636,13.11492424,1556.815415,177.3071002,94.0909609,21.27636516,491.7190369,322.4635639,491.7190369,322.4635639,847
WR_16_10,-50.11793677,-26.12760042,17.0489678,11.72032197,57.18054339,316.7585323,26.78840909,6.291363636,20.49704545,20.72867424,13.10060606,20.72867424,13.10060606,1591.44716,181.050531,98.01790924,20.47866682,497.4844814,334.2897247,497.4844814,334.2897247,822
WR_16_104,-50.10062828,-26.12034328,17.03264205,11.71164773,57.30724747,316.4627037,26.78568182,6.349090909,20.43659091,20.71734848,13.09818182,20.71734848,13.09818182,1579.702688,179.6637253,97.51766612,20.65695791,495.5542883,330.3968776,495.5542883,330.3968776,841
WR_16_105,-50.10314095,-26.11402028,17.03264205,11.71164773,57.30724747,316.4627037,26.78568182,6.349090909,20.43659091,20.71734848,13.09818182,20.71734848,13.09818182,1583.491926,180.4257473,97.84898082,20.60392705,496.6077388,331.5677856,496.6077388,331.5677856,851
WR_16_106,-50.09850913,-26.11603771,17.03264205,11.71164773,57.30724747,316.4627037,26.78568182,6.349090909,20.43659091,20.71734848,13.09818182,20.71734848,13.09818182,1579.546532,179.8173931,97.57084916,20.66600964,495.7585007,330.2540723,495.7585007,330.2540723,828
WR_16_107,-50.09208067,-26.12242439,17.03264205,11.71164773,57.30724747,316.4627037,26.78568182,6.349090909,20.43659091,20.71734848,13.09818182,20.71734848,13.09818182,1572.324396,178.5647826,97.07157115,20.77894687,494.042463,327.9845548,494.042463,327.9845548,859
WR_16_109,-50.12114567,-26.15930485,17.0489678,11.72032197,57.18054339,316.7585323,26.78840909,6.291363636,20.49704545,20.72867424,13.10060606,20.72867424,13.10060606,1582.829141,179.0010369,96.92531453,20.83274302,495.0834226,331.028218,495.0834226,331.028218,805
WR_16_11,-50.12272692,-26.14898926,17.0489678,11.72032197,57.18054339,316.7585323,26.78840909,6.291363636,20.49704545,20.72867424,13.10060606,20.72867424,13.10060606,1587.194327,179.8729145,97.34587705,20.69270362,496.143953,332.6161207,496.143953,332.6161207,817
WR_16_112,-50.11867094,-26.1107265,17.03264205,11.71164773,57.30724747,316.4627037,26.78568182,6.349090909,20.43659091,20.71734848,13.09818182,20.71734848,13.09818182,1594.893102,182.0454189,98.67428628,20.42840021,498.9059362,335.5112749,498.9059362,335.5112749,820
WR_16_115,-50.10847064,-26.1312163,17.0489678,11.72032197,57.18054339,316.7585323,26.78840909,6.291363636,20.49704545,20.72867424,13.10060606,20.72867424,13.10060606,1583.490934,179.8676112,97.55254261,20.62060663,495.9140744,331.6036669,495.9140744,331.6036669,840
WR_16_116,-50.12103346,-26.13556548,17.0489678,11.72032197,57.18054339,316.7585323,26.78840909,6.291363636,20.49704545,20.72867424,13.10060606,20.72867424,13.10060606,1591.067877,180.7827132,97.83669752,20.53670243,497.2191846,334.0583211,497.2191846,334.0583211,807
WR_16_116n,-50.11380673,-26.13265323,17.0489678,11.72032197,57.18054339,316.7585323,26.78840909,6.291363636,20.49704545,20.72867424,13.10060606,20.72867424,13.10060606,1586.997067,180.3104625,97.70146838,20.57590856,496.5376254,332.742775,496.5376254,332.742775,840
WR_16_118,-50.13062676,-26.12573395,17.20197917,11.75600379,57.10262921,320.0228413,27.04204545,6.454545455,20.5875,20.9207197,13.20837121,20.9207197,13.20837121,1598.276913,182.0040711,98.47310462,20.35970022,498.6859235,336.4637723,498.6859235,336.4637723,800
WR_16_119a,-50.1281125,-26.13075169,17.20197917,11.75600379,57.10262921,320.0228413,27.04204545,6.454545455,20.5875,20.9207197,13.20837121,20.9207197,13.20837121,1596.096842,181.5687443,98.2296142,20.42454933,498.1917953,335.7471921,498.1917953,335.7471921,800
WR_16_122,-50.10657358,-26.11897163,17.03264205,11.71164773,57.30724747,316.4627037,26.78568182,6.349090909,20.43659091,20.71734848,13.09818182,20.71734848,13.09818182,1584.610641,180.3854204,97.828749,20.57849962,496.5547065,332.0252284,496.5547065,332.0252284,841
WR_16_125,-50.12185397,-26.1427657,17.0489678,11.72032197,57.18054339,316.7585323,26.78840909,6.291363636,20.49704545,20.72867424,13.10060606,20.72867424,13.10060606,1589.01955,180.3009858,97.57828498,20.61824032,496.6512539,333.2918652,496.6512539,333.2918652,817
WR_16_13,-50.11319342,-26.1202281,17.03264205,11.71164773,57.30724747,316.4627037,26.78568182,6.349090909,20.43659091,20.71734848,13.09818182,20.71734848,13.09818182,1589.339156,180.9847641,98.07664205,20.50158785,497.3831453,333.6247141,497.3831453,333.6247141,828
WR_16_14,-50.11374116,-26.11682664,17.03264205,11.71164773,57.30724747,316.4627037,26.78568182,6.349090909,20.43659091,20.71734848,13.09818182,20.71734848,13.09818182,1590.410958,181.246666,98.22538357,20.4892575,497.7587696,333.9731876,497.7587696,333.9731876,828
WR_16_143,-50.10426496,-26.12757021,17.0489678,11.72032197,57.18054339,316.7585323,26.78840909,6.291363636,20.49704545,20.72867424,13.10060606,20.72867424,13.10060606,1580.86575,179.5888846,97.46809677,20.64355227,495.485189,330.8044273,495.485189,330.8044273,828
WR_16_144,-50.10554442,-26.12278224,17.03264205,11.71164773,57.30724747,316.4627037,26.78568182,6.349090909,20.43659091,20.71734848,13.09818182,20.71734848,13.09818182,1582.801065,179.9956292,97.64874044,20.6027022,496.0119179,331.4659668,496.0119179,331.4659668,841
WR_16_15,-50.12710169,-26.15019171,17.20197917,11.75600379,57.10262921,320.0228413,27.04204545,6.454545455,20.5875,20.9207197,13.20837121,20.9207197,13.20837121,1588.407737,179.9378228,97.40515418,20.67381882,496.2261564,333.0404173,496.2261564,333.0404173,804
WR_16_18,-50.13220742,-26.14560808,17.20197917,11.75600379,57.10262921,320.0228413,27.04204545,6.454545455,20.5875,20.9207197,13.20837121,20.9207197,13.20837121,1591.507756,180.3903276,97.76406457,20.56483193,496.7326518,334.1302766,496.7326518,334.1302766,817
WR_16_2,-50.13267665,-26.11605253,17.13258523,11.73691288,57.13984074,318.8156024,26.89977273,6.359090909,20.54068182,20.83757576,13.16,20.83757576,13.16,1599.472622,182.4588313,98.8691577,20.34736943,499.3198002,336.9610642,499.3198002,336.9610642,840
WR_16_24,-50.09039242,-26.11824248,17.03264205,11.71164773,57.30724747,316.4627037,26.78568182,6.349090909,20.43659091,20.71734848,13.09818182,20.71734848,13.09818182,1572.751982,178.8066145,97.13450413,20.77810331,494.3573157,328.0041785,494.3573157,328.0041785,842
WR_16_26,-50.10998248,-26.11611665,17.03264205,11.71164773,57.30724747,316.4627037,26.78568182,6.349090909,20.43659091,20.71734848,13.09818182,20.71734848,13.09818182,1587.826127,180.9244677,98.08278761,20.53096071,497.3094815,333.0863777,497.3094815,333.0863777,824
WR_16_28,-50.11586246,-26.13049291,17.0489678,11.72032197,57.18054339,316.7585323,26.78840909,6.291363636,20.49704545,20.72867424,13.10060606,20.72867424,13.10060606,1589.041294,180.6445632,97.84129297,20.53244715,496.9664451,333.4530002,496.9664451,333.4530002,840
WR_16_3,-50.1295817,-26.13555581,17.20197917,11.75600379,57.10262921,320.0228413,27.04204545,6.454545455,20.5875,20.9207197,13.20837121,20.9207197,13.20837121,1594.538416,181.1848872,98.07116048,20.47279115,497.7118948,335.1839365,497.7118948,335.1839365,805
WR_16_30,-50.1070514,-26.11476241,17.03264205,11.71164773,57.30724747,316.4627037,26.78568182,6.349090909,20.43659091,20.71734848,13.09818182,20.71734848,13.09818182,1586.05237,180.7374404,97.99939631,20.56126777,497.0476387,332.462733,497.0476387,332.462733,851
WR_16_4,-50.1340787,-26.12750648,17.20197917,11.75600379,57.10262921,320.0228413,27.04204545,6.454545455,20.5875,20.9207197,13.20837121,20.9207197,13.20837121,1598.056563,181.8853598,98.46588679,20.36790433,498.5002442,336.3279421,498.5002442,336.3279421,789
WR_16_41,-50.12225734,-26.16535161,17.0489678,11.72032197,57.18054339,316.7585323,26.78840909,6.291363636,20.49704545,20.72867424,13.10060606,20.72867424,13.10060606,1580.987402,178.5694916,96.68664785,20.91272547,494.5685162,330.3563199,494.5685162,330.3563199,805
WR_16_42,-50.11611141,-26.1663012,17.0489678,11.72032197,57.18054339,316.7585323,26.78840909,6.291363636,20.49704545,20.72867424,13.10060606,20.72867424,13.10060606,1579.197051,178.3713222,96.68701559,20.92180982,494.317239,329.6669568,494.317239,329.6669568,798
WR_16_5,-50.13295073,-26.11909186,17.13258523,11.73691288,57.13984074,318.8156024,26.89977273,6.359090909,20.54068182,20.83757576,13.16,20.83757576,13.16,1599.255575,182.3321667,98.75895518,20.34655234,499.1246969,336.8391229,499.1246969,336.8391229,797
WR_16_57,-50.13604119,-26.12470643,17.13258523,11.73691288,57.13984074,318.8156024,26.89977273,6.359090909,20.54068182,20.83757576,13.16,20.83757576,13.16,1599.120788,182.1153666,98.59566405,20.33982298,498.7525613,336.6521299,498.7525613,336.6521299,808
WR_16_6,-50.12919709,-26.1488988,17.20197917,11.75600379,57.10262921,320.0228413,27.04204545,6.454545455,20.5875,20.9207197,13.20837121,20.9207197,13.20837121,1589.504096,180.0766884,97.53406682,20.63395282,496.3788466,333.4318711,496.3788466,333.4318711,817
WR_16_68,-50.1253517,-26.11350009,17.13258523,11.73691288,57.13984074,318.8156024,26.89977273,6.359090909,20.54068182,20.83757576,13.16,20.83757576,13.16,1598.948258,182.4913411,98.86198479,20.36332103,499.5170362,336.9091039,499.5170362,336.9091039,840
WR_16_7,-50.12646798,-26.14287234,17.20197917,11.75600379,57.10262921,320.0228413,27.04204545,6.454545455,20.5875,20.9207197,13.20837121,20.9207197,13.20837121,1591.096182,180.540351,97.68828734,20.58506001,496.9623744,333.9948468,496.9623744,333.9948468,817
WR_16_72,-50.13641586,-26.1482705,17.20197917,11.75600379,57.10262921,320.0228413,27.04204545,6.454545455,20.5875,20.9207197,13.20837121,20.9207197,13.20837121,1591.752589,180.2339972,97.81493591,20.54939974,496.5141681,334.2338,496.5141681,334.2338,802
WR_16_73,-50.12891169,-26.15377258,17.20197917,11.75600379,57.10262921,320.0228413,27.04204545,6.454545455,20.5875,20.9207197,13.20837121,20.9207197,13.20837121,1587.599316,179.6686968,97.32985284,20.69762396,495.888361,332.7652826,495.888361,332.7652826,804
WR_16_74,-50.11954989,-26.13008739,17.0489678,11.72032197,57.18054339,316.7585323,26.78840909,6.291363636,20.49704545,20.72867424,13.10060606,20.72867424,13.10060606,1591.880476,181.044325,97.99177347,20.48787266,497.5076378,334.3978812,497.5076378,334.3978812,822
WR_16_75,-50.09175742,-26.11871044,17.03264205,11.71164773,57.30724747,316.4627037,26.78568182,6.349090909,20.43659091,20.71734848,13.09818182,20.71734848,13.09818182,1573.578453,178.897899,97.17982364,20.76305888,494.4868867,328.2979624,494.4868867,328.2979624,859
WR_16_76,-50.09576561,-26.11662763,17.03264205,11.71164773,57.30724747,316.4627037,26.78568182,6.349090909,20.43659091,20.71734848,13.09818182,20.71734848,13.09818182,1577.345884,179.4971228,97.42791742,20.70206596,495.312483,329.5172728,495.312483,329.5172728,828
WR_16_77,-50.10024004,-26.11308381,17.03264205,11.71164773,57.30724747,316.4627037,26.78568182,6.349090909,20.43659091,20.71734848,13.09818182,20.71734848,13.09818182,1581.753828,180.2336175,97.7500385,20.63400947,496.333579,330.9461984,496.333579,330.9461984,851
WR_16_79,-50.12224298,-26.1311284,17.0489678,11.72032197,57.18054339,316.7585323,26.78840909,6.291363636,20.49704545,20.72867424,13.10060606,20.72867424,13.10060606,1593.491682,181.236315,98.0506533,20.47140396,497.7831328,334.9176758,497.7831328,334.9176758,822
WR_16_8,-50.11499796,-26.12609295,17.0489678,11.72032197,57.18054339,316.7585323,26.78840909,6.291363636,20.49704545,20.72867424,13.10060606,20.72867424,13.10060606,1589.570622,180.8290888,97.94656924,20.49839146,497.1622417,333.6950142,497.1622417,333.6950142,840
WR_16_80,-50.12218503,-26.12751898,17.0489678,11.72032197,57.18054339,316.7585323,26.78840909,6.291363636,20.49704545,20.72867424,13.10060606,20.72867424,13.10060606,1594.765915,181.5113999,98.19216473,20.42861317,498.1137194,335.3840929,498.1137194,335.3840929,822
WR_16_87,-50.10801725,-26.12724972,17.0489678,11.72032197,57.18054339,316.7585323,26.78840909,6.291363636,20.49704545,20.72867424,13.10060606,20.72867424,13.10060606,1583.825985,180.0053582,97.62658054,20.59462761,496.0505484,331.7854054,496.0505484,331.7854054,828
WR_16_87a,-50.10814193,-26.12702413,17.0489678,11.72032197,57.18054339,316.7585323,26.78840909,6.291363636,20.49704545,20.72867424,13.10060606,20.72867424,13.10060606,1583.961235,180.029243,97.63682264,20.5913261,496.0802598,331.8340276,496.0802598,331.8340276,828
WR_16_88,-50.12263026,-26.13920752,17.0489678,11.72032197,57.18054339,316.7585323,26.78840909,6.291363636,20.49704545,20.72867424,13.10060606,20.72867424,13.10060606,1590.776122,180.6380333,97.73885974,20.5677031,497.0668878,333.9203327,497.0668878,333.9203327,807
WR_16_9,-50.13258607,-26.138692,17.20197917,11.75600379,57.10262921,320.0228413,27.04204545,6.454545455,20.5875,20.9207197,13.20837121,20.9207197,13.20837121,1594.001071,180.9602611,98.02994412,20.48750202,497.4116576,334.9769911,497.4116576,334.9769911,805
WR_16_90,-50.11106841,-26.12432873,17.03264205,11.71164773,57.30724747,316.4627037,26.78568182,6.349090909,20.43659091,20.71734848,13.09818182,20.71734848,13.09818182,1586.82138,180.4967519,97.83445335,20.53619628,496.6959897,332.8066766,496.6959897,332.8066766,828
WR_1696_1,-50.31377285,-26.8746601,14.53029356,11.10407197,56.29311073,305.3493635,24.06068182,4.335227273,19.72545455,18.14007576,12.47719697,18.14007576,10.77912879,1595.778945,179.6170303,90.14768753,20.7899378,484.2541248,324.0948289,484.2541248,330.0947611,1210
WR_17_11,-50.08059152,-26.18041176,17.06956439,11.69651515,57.32500158,315.3681259,26.76931818,6.365454545,20.40386364,20.72371212,13.13462121,20.72371212,13.13462121,1573.453612,177.6903036,97.14386041,20.89620922,493.4397336,327.048485,493.4397336,327.048485,798
WR_17_12,-50.08826671,-26.17652711,17.16633523,11.71327652,57.27827234,317.7067509,26.88227273,6.4325,20.44977273,20.83878788,13.19371212,20.83878788,13.19371212,1573.800528,177.7655212,96.91533262,20.92703639,493.614124,327.2845952,493.614124,327.2845952,797
WR_17_15,-50.0824513,-26.19382255,17.06956439,11.69651515,57.32500158,315.3681259,26.76931818,6.365454545,20.40386364,20.72371212,13.13462121,20.72371212,13.13462121,1575.453907,177.4462385,97.24094993,20.86915208,492.8316102,327.8136626,492.8316102,327.8136626,816
WR_17_15a,-50.07622015,-26.19587609,17.06956439,11.69651515,57.32500158,315.3681259,26.76931818,6.365454545,20.40386364,20.72371212,13.13462121,20.72371212,13.13462121,1575.058535,177.4111175,97.09682426,20.85780463,492.723215,327.5279194,492.723215,327.5279194,816
WR_17_15b,-50.08267812,-26.19771949,17.06956439,11.69651515,57.32500158,315.3681259,26.76931818,6.365454545,20.40386364,20.72371212,14.83075758,20.72371212,13.13462121,1575.998902,177.3749884,97.13011648,20.86111179,492.6554144,327.9113895,492.6554144,328.0195994,816
WR_17_16,-50.11891835,-26.1907457,17.16633523,11.71327652,57.27827234,317.7067509,26.88227273,6.4325,20.44977273,20.83878788,14.91140152,20.83878788,13.19371212,1579.016872,177.4981051,97.05865287,20.94605574,493.0330038,329.847091,493.0330038,329.8606821,776
WR_17_17,-50.11768857,-26.19565497,17.16633523,11.71327652,57.27827234,317.7067509,26.88227273,6.4325,20.44977273,20.83878788,14.91140152,20.83878788,13.19371212,1579.488647,177.3997904,97.28630806,20.91761336,492.8334171,329.6528899,492.8334171,330.0882802,774
WR_17_18,-50.08938586,-26.18586385,17.16633523,11.71327652,57.27827234,317.7067509,26.88227273,6.4325,20.44977273,20.83878788,13.19371212,20.83878788,13.19371212,1575.155955,177.5924432,97.18892971,20.90156167,493.1995212,327.8283888,493.1995212,327.8283888,805
WR_17_3,-50.08815866,-26.17259974,17.16633523,11.71327652,57.27827234,317.7067509,26.88227273,6.4325,20.44977273,20.83878788,13.19371212,20.83878788,13.19371212,1573.323771,177.797342,96.86767623,20.92686985,493.6540257,327.1748899,493.6540257,327.1748899,818
WR_17_36,-50.08842344,-26.18262718,17.16633523,11.71327652,57.27827234,317.7067509,26.88227273,6.4325,20.44977273,20.83878788,13.19371212,20.83878788,13.19371212,1574.622813,177.6523928,97.10061862,20.90896569,493.342609,327.6060466,493.342609,327.6060466,797
WR_17_38,-50.08857501,-26.17168031,17.16633523,11.71327652,57.27827234,317.7067509,26.88227273,6.4325,20.44977273,20.83878788,13.19371212,20.83878788,13.19371212,1573.289563,177.8021006,96.86140603,20.92588009,493.6472997,327.1937379,493.6472997,327.1937379,818
WR_17_4,-50.07921093,-26.18874765,17.06956439,11.69651515,57.32500158,315.3681259,26.76931818,6.365454545,20.40386364,20.72371212,13.13462121,20.72371212,13.13462121,1574.420756,177.5389376,97.35320712,20.87493896,493.0573211,327.3709103,493.0573211,327.3709103,804
WR_17_40,-50.11618009,-26.19275974,17.16633523,11.71327652,57.27827234,317.7067509,26.88227273,6.4325,20.44977273,20.83878788,14.91140152,20.83878788,13.19371212,1578.967872,177.4581902,97.17206069,20.92962227,492.9468947,329.656703,492.9468947,329.8183379,787
WR_17_6,-50.07945011,-26.18219394,17.06956439,11.69651515,57.32500158,315.3681259,26.76931818,6.365454545,20.40386364,20.72371212,13.13462121,20.72371212,13.13462121,1573.565499,177.6575736,97.20775876,20.88945557,493.3578795,327.0695957,493.3578795,327.0695957,798
WR_17_9,-50.07876675,-26.18324361,17.06956439,11.69651515,57.32500158,315.3681259,26.76931818,6.365454545,20.40386364,20.72371212,13.13462121,20.72371212,13.13462121,1573.630718,177.6383905,97.24467931,20.8856588,493.3093846,327.0807271,493.3093846,327.0807271,798
WR_1711_1,-50.43817614,-26.56523755,15.55268939,11.65238636,56.93559134,314.025135,25.35681818,4.890909091,20.46590909,19.24106061,11.65496212,19.24106061,11.65496212,1594.332036,180.281594,95.88502579,19.8070843,473.1982723,333.8329185,473.1982723,333.8329185,1138
WR_1711_2,-50.42773571,-26.57630557,15.55268939,11.65238636,56.93559134,314.025135,25.35681818,4.890909091,20.46590909,19.24106061,11.65496212,19.24106061,11.65496212,1586.887525,179.1679717,95.11039174,19.7581571,470.5076177,333.0440138,470.5076177,333.0440138,1125
WR_1711_3,-50.43528475,-26.56396009,15.55268939,11.65238636,56.93559134,314.025135,25.35681818,4.890909091,20.46590909,19.24106061,11.65496212,19.24106061,11.65496212,1594.539268,180.2805256,95.84838432,19.83789733,473.5543795,333.7280663,473.5543795,333.7280663,1138
WR_1711_4,-50.4293984,-26.57171599,15.55268939,11.65238636,56.93559134,314.025135,25.35681818,4.890909091,20.46590909,19.24106061,11.65496212,19.24106061,11.65496212,1589.036601,179.4764213,95.31074184,19.78383811,471.4289713,333.2202443,471.4289713,333.2202443,1131
WR_1711_6,-50.42475995,-26.57487069,15.55268939,11.65238636,56.93559134,314.025135,25.35681818,4.890909091,20.46590909,19.24106061,11.65496212,19.24106061,11.65496212,1586.266948,179.0804503,95.00874153,19.77974218,470.5149352,332.8598902,470.5149352,332.8598902,1137
WR_1711_7,-50.42156683,-26.57152215,15.55268939,11.65238636,56.93559134,314.025135,25.35681818,4.890909091,20.46590909,19.24106061,11.65496212,19.24106061,11.65496212,1587.884122,179.2371816,95.06391602,19.85076702,471.752761,332.7177029,471.752761,332.7177029,1137
WR_1711_8,-50.41963617,-26.57859748,15.55268939,11.65238636,56.93559134,314.025135,25.35681818,4.890909091,20.46590909,19.24106061,11.65496212,19.24106061,11.65496212,1585.908824,178.9118935,94.85519103,19.83094149,470.9565263,332.526008,470.9565263,332.526008,1176
WR_1723_15,-49.93878058,-26.63872932,17.55409091,10.96818182,54.94830806,323.1686514,27.26318182,7.302272727,19.96090909,21.34109848,13.52045455,21.34109848,13.52045455,1637.718256,188.3568528,98.8500737,22.13356843,516.6048499,328.8314729,516.6048499,328.8314729,663
WR_1723_16,-49.9319025,-26.6299492,17.55409091,10.96818182,54.94830806,323.1686514,27.26318182,7.302272727,19.96090909,21.34109848,13.52045455,21.34109848,13.52045455,1644.804904,189.4976475,99.77403351,22.19356656,519.7810606,329.9263054,519.7810606,329.9263054,681
WR_1723_2,-49.94272395,-26.64406326,17.55409091,10.96818182,54.94830806,323.1686514,27.26318182,7.302272727,19.96090909,21.34109848,13.52045455,21.34109848,13.52045455,1633.355876,187.6410759,98.27043022,22.09923723,514.624904,328.142814,514.624904,328.142814,657
WR_1723_21,-49.95233853,-26.63612994,17.55409091,10.96818182,54.94830806,323.1686514,27.26318182,7.302272727,19.96090909,21.34109848,13.52045455,21.34109848,13.52045455,1632.136749,187.0434985,98.24603626,22.01179944,513.4945183,328.0906435,513.4945183,328.0906435,651
WR_1723_22,-49.94864382,-26.63348268,17.55409091,10.96818182,54.94830806,323.1686514,27.26318182,7.302272727,19.96090909,21.34109848,13.52045455,21.34109848,13.52045455,1635.193946,187.5927462,98.63814799,22.04365088,514.9519925,328.5594309,514.9519925,328.5594309,622
WR_1723_23,-49.95249514,-26.63172626,17.55409091,10.96818182,54.94830806,323.1686514,27.26318182,7.302272727,19.96090909,21.34109848,13.52045455,21.34109848,13.52045455,1634.154608,187.29978,98.55020265,22.0107603,514.305103,328.4483019,514.305103,328.4483019,642
WR_1723_25,-49.93127396,-26.6330409,17.55409091,10.96818182,54.94830806,323.1686514,27.26318182,7.302272727,19.96090909,21.34109848,13.52045455,21.34109848,13.52045455,1643.832474,189.4246288,99.62413254,22.20116703,519.468358,329.7538524,519.468358,329.7538524,681
WR_1723_3,-49.94829273,-26.64917446,17.55409091,10.96818182,54.94830806,323.1686514,27.26318182,7.302272727,19.96090909,21.34109848,13.52045455,21.34109848,13.52045455,1628.098806,186.7118812,97.57861566,22.05019179,512.136824,327.3159555,512.136824,327.3159555,657
WR_1723_33c,-49.91136036,-26.60467921,18.00912879,10.86738636,54.61871473,325.3576536,27.68840909,7.791590909,19.89681818,21.81651515,13.94579545,21.81651515,13.94579545,1658.682452,192.1282218,101.5599153,22.45078891,528.5015153,332.1796768,528.5015153,332.1796768,450
WR_1723_34,-49.94867785,-26.64177597,17.55409091,10.96818182,54.94830806,323.1686514,27.26318182,7.302272727,19.96090909,21.34109848,13.52045455,21.34109848,13.52045455,1631.327465,187.1016148,98.06426826,22.04440694,513.4016421,327.8853028,513.4016421,327.8853028,657
WR_1723_38,-49.94475301,-26.64102283,17.55409091,10.96818182,54.94830806,323.1686514,27.26318182,7.302272727,19.96090909,21.34109848,13.52045455,21.34109848,13.52045455,1633.677906,187.5801696,98.34949322,22.07950551,514.6049394,328.2299138,514.6049394,328.2299138,622
WR_1723_4,-49.94098937,-26.64825734,17.55409091,10.96818182,54.94830806,323.1686514,27.26318182,7.302272727,19.96090909,21.34109848,13.52045455,21.34109848,13.52045455,1632.407192,187.6178218,98.10506354,22.11754239,514.3886595,327.9544864,514.3886595,327.9544864,678
WR_1723_43,-49.955148,-26.63465569,17.55409091,10.96818182,54.94830806,323.1686514,27.26318182,7.302272727,19.96090909,21.34109848,13.52045455,21.34109848,13.52045455,1631.459674,186.8387956,98.19364418,21.98805265,513.0530327,328.0232688,513.0530327,328.0232688,651
WR_1723_5000,-49.90425623,-26.61253531,18.00912879,10.86738636,54.61871473,325.3576536,27.68840909,7.791590909,19.89681818,21.81651515,13.94579545,21.81651515,13.94579545,1659.005912,192.5202828,101.5102094,22.55948948,529.1272666,331.6899336,529.1272666,331.6899336,670
WR_1723_52,-49.89469914,-26.63145633,18.04647727,10.82162879,54.4995498,325.5078398,27.74931818,7.892954545,19.85636364,21.86079545,13.98045455,21.86079545,13.98045455,1658.924224,193.1208673,101.2951756,22.74642256,529.7885492,330.8914187,529.7885492,330.8914187,524
WR_1723_6,-49.96690255,-26.6414023,17.20232008,11.08767045,55.29947518,322.7641777,26.89068182,6.840454545,20.05022727,20.97753788,13.16719697,20.97753788,13.16719697,1622.189263,185.1012684,97.00298801,21.89071689,508.5202237,326.5938949,508.5202237,326.5938949,751
WR_1723_63,-49.90315557,-26.60563064,18.00912879,10.86738636,54.61871473,325.3576536,27.68840909,7.791590909,19.89681818,21.81651515,13.94579545,21.81651515,13.94579545,1660.122069,192.6929274,101.7017526,22.56318814,530.0474608,332.030116,530.0474608,332.030116,463
WR_1723_68c,-49.90811523,-26.60447551,18.00912879,10.86738636,54.61871473,325.3576536,27.68840909,7.791590909,19.89681818,21.81651515,13.94579545,21.81651515,13.94579545,1659.330383,192.3599178,101.6305056,22.49426141,529.1728356,332.1506733,529.1728356,332.1506733,463
WR_1723_92,-49.94262169,-26.64031858,17.55409091,10.96818182,54.94830806,323.1686514,27.26318182,7.302272727,19.96090909,21.34109848,13.52045455,21.34109848,13.52045455,1635.078382,187.8538314,98.52237992,22.09871814,515.3049065,328.438002,515.3049065,328.438002,622
WR_1738_10,-49.73741798,-26.6580877,16.22145833,10.66856061,55.15217025,310.6274115,25.61386364,6.27,19.34386364,19.86905303,14.1442803,19.86905303,12.37049242,1567.652866,185.1902208,88.95439547,22.65353254,495.8918902,311.1376094,495.8918902,317.228707,927
WR_1738_13,-49.71284472,-26.71106185,17.38762311,10.46770833,54.2081053,317.9025191,26.88068182,7.570454545,19.31022727,21.12003788,15.28666667,21.12003788,13.43420455,1607.922818,195.2862399,95.94255493,23.50876509,515.4696179,317.3121619,515.4696179,318.4519003,760
WR_1738_19,-49.72372725,-26.71693569,17.38762311,10.46770833,54.2081053,317.9025191,26.88068182,7.570454545,19.31022727,21.12003788,13.43420455,21.12003788,13.43420455,1615.099832,196.7647099,97.54883872,23.63405957,519.042256,318.6098947,519.042256,318.6098947,604
WR_1738_21,-49.7217325,-26.69783983,16.90903409,10.59022727,54.68425438,314.9687724,26.36318182,6.997045455,19.36613636,20.61037879,14.82125,20.61037879,12.99988636,1599.200333,192.6229523,94.38603994,23.22869978,511.029186,316.3218767,511.029186,318.6181839,871
WR_1738_21REG,-49.72065745,-26.69689505,16.90903409,10.59022727,54.68425438,314.9687724,26.36318182,6.997045455,19.36613636,20.61037879,14.82125,20.61037879,12.99988636,1598.240267,192.4177152,94.1657227,23.2137096,510.5504152,316.0765799,510.5504152,318.6060958,871
WR_1738_23,-49.72486789,-26.68612229,16.90903409,10.59022727,54.68425438,314.9687724,26.36318182,6.997045455,19.36613636,20.61037879,14.82125,20.61037879,12.99988636,1590.217378,190.082454,92.73040814,22.98994936,506.4792062,314.9893473,506.4792062,318.6790053,746
WR_1738_24,-49.73402916,-26.69030718,16.90903409,10.59022727,54.68425438,314.9687724,26.36318182,6.997045455,19.36613636,20.61037879,14.82125,20.61037879,12.99988636,1600.753323,192.0764171,94.46127675,23.18138533,511.5292433,317.0316316,511.5292433,319.0423541,651
WR_1738_27,-49.72936451,-26.689953,16.90903409,10.59022727,54.68425438,314.9687724,26.36318182,6.997045455,19.36613636,20.61037879,14.82125,20.61037879,12.99988636,1596.817133,191.4434272,93.86189468,23.11533719,509.6796074,316.2430457,509.6796074,318.8559932,690
WR_1738_31,-49.71149341,-26.68172745,16.90903409,10.59022727,54.68425438,314.9687724,26.36318182,6.997045455,19.36613636,20.61037879,14.82125,20.61037879,12.99988636,1584.720338,189.3234728,91.12058637,22.99552353,503.7849796,312.9376299,503.7849796,318.5442968,935
WR_1738_33,-49.72545662,-26.7036235,16.90903409,10.59022727,54.68425438,314.9687724,26.36318182,6.997045455,19.36613636,20.61037879,14.82125,20.61037879,12.99988636,1604.812722,193.9365366,95.55466497,23.34510566,513.8345194,317.5335588,513.8345194,318.6573354,848
WR_1738_41,-49.72485582,-26.68955472,16.90903409,10.59022727,54.68425438,314.9687724,26.36318182,6.997045455,19.36613636,20.61037879,14.82125,20.61037879,12.99988636,1593.017164,190.8301625,93.27404632,23.05483507,507.8923309,315.4731085,507.8923309,318.6732572,746
WR_1738_43,-49.71901992,-26.6936962,16.90903409,10.59022727,54.68425438,314.9687724,26.36318182,6.997045455,19.36613636,20.61037879,14.82125,20.61037879,12.99988636,1595.379099,191.7381622,93.54791507,23.1589053,509.1158845,315.4508614,509.1158845,318.5929241,871
WR_1738_44,-49.72780192,-26.69833248,16.90903409,10.59022727,54.68425438,314.9687724,26.36318182,6.997045455,19.36613636,20.61037879,14.82125,20.61037879,12.99988636,1602.129268,193.0261052,94.9535564,23.26445842,512.4194575,317.1188548,512.4194575,318.7248875,857
WR_1738_45,-49.72710651,-26.68051688,16.90903409,10.59022727,54.68425438,314.9687724,26.36318182,6.997045455,19.36613636,20.61037879,14.82125,20.61037879,12.99988636,1587.576888,189.1606393,92.143754,22.91081456,505.0726678,314.5977052,505.0726678,318.8217747,788
WR_1738_50,-49.68583321,-26.66763003,16.00557765,10.5474053,54.83314823,308.9164972,25.37386364,6.138409091,19.23545455,19.64291667,13.95742424,19.64291667,12.18518939,1568.130038,187.0890597,87.09434447,23.03617931,496.2107043,307.7388146,496.2107043,317.4665962,974
WR_1738_50000,-49.70868437,-26.69863447,16.90903409,10.59022727,54.68425438,314.9687724,26.36318182,6.997045455,19.36613636,20.61037879,14.82125,20.61037879,12.99988636,1597.394423,192.7322236,93.67022082,23.28615617,510.184792,315.0920221,510.184792,318.4412474,886
WR_1738_51,-49.6869833,-26.67131458,16.00557765,10.5474053,54.83314823,308.9164972,25.37386364,6.138409091,19.23545455,19.64291667,13.95742424,19.64291667,12.18518939,1572.294882,187.7826602,87.74162067,23.05970934,497.9890084,308.5747205,497.9890084,317.9049302,974
WR_1738_54,-49.73287245,-26.65882608,16.22145833,10.66856061,55.15217025,310.6274115,25.61386364,6.27,19.34386364,19.86905303,14.1442803,19.86905303,12.37049242,1564.381363,184.6936918,88.42731968,22.62982354,494.3925957,310.4634104,494.3925957,317.0004775,928
WR_1738_55,-49.73146101,-26.65598355,16.22145833,10.66856061,55.15217025,310.6274115,25.61386364,6.27,19.34386364,19.86905303,14.1442803,19.86905303,12.37049242,1558.718906,183.7445177,87.55265153,22.58521361,491.8206428,309.3963995,491.8206428,316.4952171,969
WR_1764_13,-50.69043394,-26.86601972,15.06080492,11.38263258,56.35093424,312.6878716,24.77704545,4.5775,20.19954545,18.73556818,15.15242424,18.73556818,11.19003788,1665.831268,185.5952233,101.1665601,17.26214325,477.2026571,358.8430538,477.2026571,362.1073902,1172
WR_1764_20,-50.72250343,-26.88608405,15.73284091,11.42511364,55.77925969,322.0249068,25.56909091,5.086363636,20.48272727,19.4967803,13.4830303,19.4967803,11.72556818,1686.436394,186.401223,103.1320097,16.85842001,484.3293745,364.1366938,484.3293745,367.2728035,1059
WR_1764_21,-50.71769861,-26.88076626,15.73284091,11.42511364,55.77925969,322.0249068,25.56909091,5.086363636,20.48272727,19.4967803,13.4830303,19.4967803,11.72556818,1683.357218,186.2907848,102.6820226,16.93280995,483.320357,363.2401132,483.320357,366.5093439,1040
WR_1764_22,-50.71332466,-26.88675889,15.73284091,11.42511364,55.77925969,322.0249068,25.56909091,5.086363636,20.48272727,19.4967803,13.4830303,19.4967803,11.72556818,1682.570102,186.2050712,102.8745285,16.93597579,483.2614871,363.1165619,483.2614871,366.1831407,1072
WR_1764_23,-50.7116427,-26.87954891,15.73284091,11.42511364,55.77925969,322.0249068,25.56909091,5.086363636,20.48272727,19.4967803,13.4830303,19.4967803,11.72556818,1680.31356,186.1583133,102.4307376,16.99600597,482.4128845,362.4397642,482.4128845,365.672193,1078
WR_1764_26,-50.70797599,-26.88313647,15.53050189,11.36960227,55.93587522,319.7172162,25.31386364,4.987727273,20.32613636,19.28136364,13.30363636,19.28136364,11.56344697,1679.425934,186.0846624,102.5099296,17.00728106,482.2648445,362.2488921,482.2648445,365.3631032,1092
WR_1764_27,-50.70479493,-26.87560664,15.53050189,11.36960227,55.93587522,319.7172162,25.31386364,4.987727273,20.32613636,19.28136364,13.30363636,19.28136364,11.56344697,1676.170442,186.0040557,102.017429,17.08635949,481.0964506,361.345076,481.0964506,364.5629591,1092
WR_1764_28,-50.69592224,-26.87159992,15.06080492,11.38263258,56.35093424,312.6878716,24.77704545,4.5775,20.19954545,18.73556818,12.87102273,18.73556818,11.19003788,1670.42471,185.7765875,101.5715075,17.19147111,479.075288,360.0986099,479.075288,363.1005728,1132
WR_1764_29,-50.6937327,-26.86532675,15.06080492,11.38263258,56.35093424,312.6878716,24.77704545,4.5775,20.19954545,18.73556818,15.15242424,18.73556818,11.19003788,1667.064108,185.6634965,101.2244091,17.23706159,477.495513,359.2811548,477.495513,362.465611,1118
WR_1764_30,-50.70873426,-26.85783514,15.35455492,11.45464015,56.20655366,317.2998205,25.16727273,4.787727273,20.37954545,19.07806818,15.43954545,19.07806818,11.41534091,1670.594999,185.9453048,101.2628336,17.16735497,477.8026542,360.676133,477.8026542,363.6072893,1123
WR_1764_31,-50.70612047,-26.84914104,15.06080492,11.38263258,56.35093424,312.6878716,24.77704545,4.5775,20.19954545,18.73556818,15.15242424,18.73556818,11.19003788,1665.863758,185.8072538,100.7776865,17.24652809,475.5891035,359.3050547,475.5891035,362.6381907,1205
WR_1764_32,-50.70945914,-26.84645013,15.35455492,11.45464015,56.20655366,317.2998205,25.16727273,4.787727273,20.37954545,19.07806818,15.43954545,19.07806818,11.41534091,1665.998921,185.8687485,100.7237901,17.25133394,475.3672474,359.4145806,475.3672474,362.6919917,1137
WR_1764_33,-50.70175717,-26.85245342,15.06080492,11.38263258,56.35093424,312.6878716,24.77704545,4.5775,20.19954545,18.73556818,15.15242424,18.73556818,11.19003788,1665.502158,185.7285349,100.832422,17.24764959,475.804518,359.1012821,475.804518,362.4987351,1113
WR_1764_4,-50.68985621,-26.86391228,15.06080492,11.38263258,56.35093424,312.6878716,24.77704545,4.5775,20.19954545,18.73556818,15.15242424,18.73556818,11.19003788,1664.82023,185.5592353,101.0569698,17.27434416,476.7067654,358.560483,476.7067654,361.9377647,1172
WR_1764_41,-50.66408671,-26.91356988,15.22090909,11.31715909,55.87905244,315.1262807,24.94840909,4.695454545,20.25295455,18.92545455,13.03227273,18.92545455,11.31784091,1674.40731,185.2037275,102.8567765,17.15585575,482.8726421,360.4779794,482.8726421,363.4014744,1075
WR_1764_42,-50.65471099,-26.90968297,15.22090909,11.31715909,55.87905244,315.1262807,24.94840909,4.695454545,20.25295455,18.92545455,13.03227273,18.92545455,11.31784091,1671.425194,184.98588,102.6843124,17.24516097,482.3871355,359.681163,482.3871355,362.3533143,1087
WR_1764_43,-50.65289497,-26.90407306,15.22090909,11.31715909,55.87905244,315.1262807,24.94840909,4.695454545,20.25295455,18.92545455,13.03227273,18.92545455,11.31784091,1668.841009,184.9247194,102.3943963,17.30173331,481.4883901,359.0627494,481.4883901,361.674268,1117
WR_1764_45,-50.64628618,-26.90207358,15.22090909,11.31715909,55.87905244,315.1262807,24.94840909,4.695454545,20.25295455,18.92545455,13.03227273,18.92545455,11.31784091,1666.91517,184.7680865,102.2822679,17.36169444,481.2239682,358.5375948,481.2239682,361.0069396,1197
WR_1764_48,-50.64357557,-26.89908698,15.22090909,11.31715909,55.87905244,315.1262807,24.94840909,4.695454545,20.25295455,18.92545455,13.03227273,18.92545455,11.31784091,1665.192288,184.693637,102.113177,17.40474578,480.7434405,358.1051776,480.7434405,360.5205911,1136
WR_1764_49,-50.65163799,-26.88893258,15.22090909,11.31715909,55.87905244,315.1262807,24.94840909,4.695454545,20.25295455,18.92545455,15.32935606,18.92545455,11.31784091,1662.391233,184.8379548,101.5968298,17.43562667,478.9976132,357.4906873,478.9976132,360.1008582,1192
WR_1764_5F,-50.64830782,-26.89373312,15.22090909,11.31715909,55.87905244,315.1262807,24.94840909,4.695454545,20.25295455,18.92545455,13.03227273,18.92545455,11.31784091,1663.77011,184.7793973,101.8355902,17.41772742,479.8092894,357.8334342,479.8092894,360.3334153,1136
WR_1764_8,-50.68802416,-26.86534257,15.06080492,11.38263258,56.35093424,312.6878716,24.77704545,4.5775,20.19954545,18.73556818,15.15242424,18.73556818,11.19003788,1664.506707,185.5326517,101.0713884,17.28479266,476.7521238,358.4130568,476.7521238,361.7880046,1172
WR_1772_1,-50.41550788,-26.85468111,14.95119318,11.19109848,56.10979436,310.3397898,24.58272727,4.637727273,19.945,18.60416667,12.83973485,18.60416667,11.1207197,1611.30724,178.5381948,93.61056521,19.38339776,475.0076066,337.0014349,475.0076066,340.329546,1109
WR_1772_10,-50.41535694,-26.84333937,14.95119318,11.19109848,56.10979436,310.3397898,24.58272727,4.637727273,19.945,18.60416667,12.83973485,18.60416667,11.1207197,1607.854898,178.5796801,93.3862662,19.4190088,473.7028079,336.0171519,473.7028079,339.2061661,1137
WR_1772_11,-50.41540747,-26.83980667,14.95119318,11.19109848,56.10979436,310.3397898,24.58272727,4.637727273,19.945,18.60416667,12.83973485,18.60416667,11.1207197,1606.786224,178.5964118,93.32019735,19.42964688,473.2868178,335.7220476,473.2868178,338.8613454,1162
WR_1772_12,-50.42118237,-26.84230804,15.01267992,11.22054924,56.16146047,311.2442434,24.66318182,4.684090909,19.97909091,18.67965909,12.88723485,18.67965909,11.1707197,1607.993908,178.8207067,93.5831469,19.37102643,473.0289054,336.588903,473.0289054,339.4171734,1131
WR_1772_2,-50.42292804,-26.85837546,15.01267992,11.22054924,56.16146047,311.2442434,24.66318182,4.684090909,19.97909091,18.67965909,12.88723485,18.67965909,11.1707197,1612.763614,178.7838356,94.00145179,19.30220622,474.6532023,338.2702322,474.6532023,341.0528602,1090
WR_1772_4,-50.41630669,-26.85405276,14.95119318,11.19109848,56.10979436,310.3397898,24.58272727,4.637727273,19.945,18.60416667,12.83973485,18.60416667,11.1207197,1611.159694,178.5701133,93.63160292,19.37774099,474.8523824,337.0472462,474.8523824,340.3076127,1109
WR_1772_5,-50.40139818,-26.84020856,14.95119318,11.19109848,56.10979436,310.3397898,24.58272727,4.637727273,19.945,18.60416667,12.83973485,18.60416667,11.1207197,1605.761402,178.0154074,92.81755621,19.55283233,474.6460788,334.1982377,474.6460788,338.1400448,1160
WR_1772_6,-50.40965236,-26.84769485,14.95119318,11.19109848,56.10979436,310.3397898,24.58272727,4.637727273,19.945,18.60416667,12.83973485,18.60416667,11.1207197,1608.796763,178.3402149,93.24652519,19.45793674,474.7724891,335.7127267,474.7724891,339.338489,1137
WR_1772_7,-50.42329608,-26.84736034,15.01267992,11.22054924,56.16146047,311.2442434,24.66318182,4.684090909,19.97909091,18.67965909,12.88723485,18.67965909,11.1707197,1609.611434,178.8720779,93.77357096,19.33515926,473.3896597,337.2965221,473.3896597,340.0148484,1131
WR_1772_8,-50.41325708,-26.84864461,14.95119318,11.19109848,56.10979436,310.3397898,24.58272727,4.637727273,19.945,18.60416667,12.83973485,18.60416667,11.1207197,1609.329882,178.4768725,93.40525325,19.42202141,474.5288515,336.2183041,474.5288515,339.6197363,1137
WR_1772_9,-50.41643949,-26.84718385,14.95119318,11.19109848,56.10979436,310.3397898,24.58272727,4.637727273,19.945,18.60416667,12.83973485,18.60416667,11.1207197,1609.095825,178.6059597,93.50236402,19.39736488,474.0439705,336.4719928,474.0439705,339.6407983,1137
WR_1789_6,-50.4054062,-26.80980483,14.64329545,11.26609848,56.50256843,307.6520167,24.23863636,4.299545455,19.93909091,18.26310606,12.545,18.26310606,10.84670455,1597.561758,177.864904,92.95448993,19.52503928,471.2730948,333.1420878,471.2730948,335.6040943,1221
WR_1789_7,-50.41229633,-26.80713007,14.64329545,11.26609848,56.50256843,307.6520167,24.23863636,4.299545455,19.93909091,18.26310606,12.545,18.26310606,10.84670455,1598.4576,178.2535815,93.14571789,19.46811385,470.5526303,333.8901471,470.5526303,336.0200773,1211
WR_1789_8,-50.40720202,-26.81566248,14.64329545,11.26609848,56.50256843,307.6520167,24.23863636,4.299545455,19.93909091,18.26310606,12.545,18.26310606,10.84670455,1599.255945,178.0919869,92.91371836,19.52397124,471.5647699,333.4709193,471.5647699,336.2065544,1221
WR_1789_9,-50.41440194,-26.81298322,14.64329545,11.26609848,56.50256843,307.6520167,24.23863636,4.299545455,19.93909091,18.26310606,12.545,18.26310606,10.84670455,1599.990669,178.4624585,93.13046222,19.46362192,470.804033,334.2117474,470.804033,336.5833847,1241
WR_1795_1,-50.51373594,-26.91827853,15.21071023,11.19895833,55.79886157,313.7386289,24.89090909,4.820681818,20.07022727,18.90439394,13.08155303,18.90439394,11.33242424,1648.935324,179.3484148,98.06047398,18.04773584,483.9336384,348.2433178,483.9336384,356.955727,1176
WR_1796_1,-50.28015401,-26.83840292,14.53954545,11.04469697,56.20710926,303.8220636,24.03704545,4.387045455,19.65,18.13935606,12.50439394,18.13935606,10.80931818,1565.591739,176.257562,88.58854801,21.1628423,478.9166429,316.635016,478.9166429,321.9765784,1294
WR_1796_2,-50.28241358,-26.84387201,14.53954545,11.04469697,56.20710926,303.8220636,24.03704545,4.387045455,19.65,18.13935606,12.50439394,18.13935606,10.80931818,1567.691542,176.5640348,88.6952347,21.13907781,479.4108231,317.0244621,479.4108231,322.5123161,1294
WR_1796_4,-50.28736994,-26.84409451,14.53954545,11.04469697,56.20710926,303.8220636,24.03704545,4.387045455,19.65,18.13935606,12.50439394,18.13935606,10.80931818,1569.227394,176.5506217,88.83488753,21.08314208,479.3890822,317.6412858,479.3890822,323.0807115,1248
WR_1796_6,-50.29061776,-26.84517425,14.53954545,11.04469697,56.20710926,303.8220636,24.03704545,4.387045455,19.65,18.13935606,12.50439394,18.13935606,10.80931818,1570.592824,176.6116084,88.93748008,21.04671762,479.4865035,318.0920844,479.4865035,323.5279594,1248
WR_18_1,-50.37428461,-26.42025894,16.9584375,11.81979167,56.4404833,328.5719869,26.93204545,5.99,20.94204545,20.77170455,12.83462121,20.77170455,12.83462121,1610.451486,182.4930054,99.86973053,20.86434858,490.8541523,331.5702225,490.8541523,331.5702225,783
WR_18_11,-50.38130358,-26.38473149,17.00585227,11.91094697,56.51024538,329.0436653,26.98772727,5.910227273,21.0775,20.81492424,12.87011364,20.81492424,12.87011364,1608.508567,181.9077747,99.79934773,20.65592116,489.3335242,329.9807583,489.3335242,329.9807583,802
WR_18_2,-50.39424023,-26.41725464,16.95055871,11.84801136,56.54700567,328.1233798,26.93704545,5.984545455,20.9525,20.75772727,12.83026515,20.75772727,12.83026515,1612.015294,183.0984361,99.85580285,20.75920118,489.0600306,331.7300922,489.0600306,331.7300922,813
WR_18_3,-50.39994967,-26.42110198,16.95055871,11.84801136,56.54700567,328.1233798,26.93704545,5.984545455,20.9525,20.75772727,12.83026515,20.75772727,12.83026515,1612.855108,183.426345,99.75284058,20.75589996,488.621195,331.9526972,488.621195,331.9526972,813
WR_18_42,-50.38737653,-26.40140139,17.00585227,11.91094697,56.51024538,329.0436653,26.98772727,5.910227273,21.0775,20.81492424,12.87011364,20.81492424,12.87011364,1610.210853,182.4386995,100.1913038,20.70749012,489.2991861,330.9366828,489.2991861,330.9366828,802
WR_18_46,-50.38841774,-26.378118,17.00585227,11.91094697,56.51024538,329.0436653,26.98772727,5.910227273,21.0775,20.81492424,12.87011364,20.81492424,12.87011364,1608.589162,181.8222524,99.48141633,20.59040858,488.7065026,329.9771336,488.7065026,329.9771336,807
WR_18_48,-50.38526363,-26.37896106,17.00585227,11.91094697,56.51024538,329.0436653,26.98772727,5.910227273,21.0775,20.81492424,12.87011364,20.81492424,12.87011364,1608.407847,181.8140299,99.56749354,20.60974741,488.9277407,329.8772257,488.9277407,329.8772257,807
WR_18_5,-50.39453008,-26.42299854,16.95055871,11.84801136,56.54700567,328.1233798,26.93704545,5.984545455,20.9525,20.75772727,12.83026515,20.75772727,12.83026515,1612.480538,183.2885639,99.73355123,20.78905364,489.1401834,331.953528,489.1401834,331.953528,813
WR_18_51,-50.39087404,-26.38815083,17.00585227,11.91094697,56.51024538,329.0436653,26.98772727,5.910227273,21.0775,20.81492424,12.87011364,20.81492424,12.87011364,1609.526495,182.137321,99.74559309,20.62593312,488.7557767,330.492451,488.7557767,330.492451,822
WR_18_52,-50.3714446,-26.42357164,16.9584375,11.81979167,56.4404833,328.5719869,26.93204545,5.99,20.94204545,20.77170455,12.83462121,20.77170455,12.83462121,1610.863115,182.5213713,99.8322111,20.87474483,491.058137,331.6989656,491.058137,331.6989656,783
WR_18_53,-50.40219959,-26.40998036,17.00585227,11.91094697,56.51024538,329.0436653,26.98772727,5.910227273,21.0775,20.81492424,12.87011364,20.81492424,12.87011364,1612.184863,183.1056913,99.98860188,20.68685896,488.2668868,331.6190377,488.2668868,331.6190377,821
WR_18_60,-50.38086795,-26.41894241,16.95055871,11.84801136,56.54700567,328.1233798,26.93704545,5.984545455,20.9525,20.75772727,12.83026515,20.75772727,12.83026515,1610.875525,182.6823849,99.86818588,20.82964318,490.268798,331.598063,490.268798,331.598063,802
WR_18_65,-50.38088267,-26.43445522,16.95055871,11.84801136,56.54700567,328.1233798,26.93704545,5.984545455,20.9525,20.75772727,12.83026515,20.75772727,12.83026515,1611.20888,182.8608549,99.40554702,20.90186269,490.5199734,331.8515164,490.5199734,331.8515164,806
WR_18_69,-50.3886606,-26.42857194,16.95055871,11.84801136,56.54700567,328.1233798,26.93704545,5.984545455,20.9525,20.75772727,12.83026515,20.75772727,12.83026515,1612.06485,183.1513048,99.60203901,20.84015886,489.7492131,331.9568103,489.7492131,331.9568103,822
WR_18_69a,-50.38504707,-26.42164199,16.95055871,11.84801136,56.54700567,328.1233798,26.93704545,5.984545455,20.9525,20.75772727,12.83026515,20.75772727,12.83026515,1611.466388,182.8975372,99.79907592,20.82435059,489.9655634,331.7804999,489.9655634,331.7804999,804
WR_18_69b,-50.38155962,-26.42857957,16.95055871,11.84801136,56.54700567,328.1233798,26.93704545,5.984545455,20.9525,20.75772727,12.83026515,20.75772727,12.83026515,1611.336384,182.8636324,99.61778666,20.87409519,490.4006326,331.8811769,490.4006326,331.8811769,803
WR_18_73,-50.39821461,-26.41401697,17.00585227,11.91094697,56.51024538,329.0436653,26.98772727,5.910227273,21.0775,20.81492424,12.87011364,20.81492424,12.87011364,1612.137107,183.1244364,99.91199476,20.72488955,488.6617494,331.6783953,488.6617494,331.6783953,810
WR_18_75,-50.39336879,-26.4094529,17.00585227,11.91094697,56.51024538,329.0436653,26.98772727,5.910227273,21.0775,20.81492424,12.87011364,20.81492424,12.87011364,1611.342425,182.8296356,100.0224591,20.72169227,488.9873598,331.4125949,488.9873598,331.4125949,810
WR_18_75a,-50.39175825,-26.40459328,17.00585227,11.91094697,56.51024538,329.0436653,26.98772727,5.910227273,21.0775,20.81492424,12.87011364,20.81492424,12.87011364,1610.831862,182.6386995,100.1276062,20.70369551,489.0229084,331.1834119,489.0229084,331.1834119,805
WR_18_78a,-50.38006235,-26.41115142,17.00585227,11.91094697,56.51024538,329.0436653,26.98772727,5.910227273,21.0775,20.81492424,12.87011364,20.81492424,12.87011364,1610.254955,182.4803314,100.0229104,20.79217328,490.1297241,331.2095933,490.1297241,331.2095933,788
WR_18_8,-50.39155483,-26.38123758,17.00585227,11.91094697,56.51024538,329.0436653,26.98772727,5.910227273,21.0775,20.81492424,12.87011364,20.81492424,12.87011364,1609.063753,181.9439608,99.5179151,20.58984001,488.5692244,330.2393674,488.5692244,330.2393674,807
WR_18_83,-50.37762685,-26.39546083,17.00585227,11.91094697,56.51024538,329.0436653,26.98772727,5.910227273,21.0775,20.81492424,12.87011364,20.81492424,12.87011364,1608.95337,182.0807832,100.1330422,20.72504997,489.8872049,330.374789,489.8872049,330.374789,794
WR_18_84,-50.38342003,-26.39634125,17.00585227,11.91094697,56.51024538,329.0436653,26.98772727,5.910227273,21.0775,20.81492424,12.87011364,20.81492424,12.87011364,1609.505387,182.2200049,100.0876902,20.70100564,489.4799951,330.596774,489.4799951,330.596774,813
WR_18_97,-50.37611789,-26.39338509,17.00585227,11.91094697,56.51024538,329.0436653,26.98772727,5.910227273,21.0775,20.81492424,12.87011364,20.81492424,12.87011364,1608.684587,182.0089456,100.099965,20.72260788,489.9381702,330.2213691,489.9381702,330.2213691,794
WR_19_12,-50.4203075,-25.96513619,17.44667614,11.85793561,56.75196244,328.3833849,27.37340909,6.479090909,20.89431818,21.23356061,13.33443182,21.23356061,13.33443182,1642.085942,195.0514013,101.212768,22.09207565,526.5765857,342.9178394,526.5765857,342.9178394,799
WR_19_13,-50.41619934,-25.96373335,17.39203598,11.82691288,56.84028385,327.3453441,27.24795455,6.440681818,20.80727273,21.16393939,14.35386364,21.16393939,13.29856061,1641.200611,195.4499733,101.2617222,22.23746052,527.6464007,342.727162,527.6464007,342.9983112,783
WR_19_15,-50.42876939,-25.94728635,17.58421402,11.79873106,56.54857215,329.0370306,27.47227273,6.6075,20.86477273,21.37132576,14.54,21.37132576,13.46503788,1635.098724,195.357298,101.0894932,22.23226156,524.8529561,340.8044943,524.8529561,341.5285836,764
WR_19_16,-50.416478,-25.96673338,17.39203598,11.82691288,56.84028385,327.3453441,27.24795455,6.440681818,20.80727273,21.16393939,13.29856061,21.16393939,13.29856061,1642.468267,195.2383167,101.2913656,22.15394363,527.3821551,343.1746327,527.3821551,343.1746327,814
WR_19_19,-50.42077,-25.95728416,17.58421402,11.79873106,56.54857215,329.0370306,27.47227273,6.6075,20.86477273,21.37132576,14.54,21.37132576,13.46503788,1638.832393,195.4852705,101.1750653,22.26057186,526.8389,341.8775448,526.8389,342.4320257,765
WR_19_21,-50.40033791,-25.96756543,17.39203598,11.82691288,56.84028385,327.3453441,27.24795455,6.440681818,20.80727273,21.16393939,17.34007576,21.16393939,13.29856061,1641.600177,196.3660912,101.6233389,22.5554278,530.9986326,341.9775037,530.9986326,343.9159755,823
WR_19_22,-50.39383657,-25.97342625,17.39203598,11.82691288,56.84028385,327.3453441,27.24795455,6.440681818,20.80727273,21.16393939,17.34007576,21.16393939,13.29856061,1643.458685,196.3536435,102.0433305,22.50488899,531.5355588,342.1277024,531.5355588,344.6536414,810
WR_19_23,-50.39236124,-25.9783685,17.39203598,11.82691288,56.84028385,327.3453441,27.24795455,6.440681818,20.80727273,21.16393939,17.34007576,21.16393939,13.29856061,1643.905701,195.9999872,102.1326329,22.38603581,530.8140452,342.7013878,530.8140452,344.7559441,806
WR_19_24,-50.39570811,-25.98413149,17.39203598,11.82691288,56.84028385,327.3453441,27.24795455,6.440681818,20.80727273,21.16393939,17.34007576,21.16393939,13.29856061,1644.027711,195.2541638,101.9584202,22.16274762,528.916753,344.0296799,528.916753,344.4638078,816
WR_19_25,-50.3966182,-25.9879419,17.39203598,11.82691288,56.84028385,327.3453441,27.24795455,6.440681818,20.80727273,21.16393939,13.29856061,21.16393939,13.29856061,1643.998972,194.8515727,101.8853585,22.04731845,527.9258275,344.3368136,527.9258275,344.3368136,816
WR_19_27,-50.40612049,-25.9677466,17.39203598,11.82691288,56.84028385,327.3453441,27.24795455,6.440681818,20.80727273,21.16393939,17.34007576,21.16393939,13.29856061,1642.109209,195.9299884,101.5129163,22.39551249,529.6636771,343.0180339,529.6636771,343.6816464,823
WR_19_29,-50.39815668,-25.97197462,17.39203598,11.82691288,56.84028385,327.3453441,27.24795455,6.440681818,20.80727273,21.16393939,17.34007576,21.16393939,13.29856061,1643.215029,196.175188,101.8528639,22.45481797,530.8663554,342.5500842,530.8663554,344.3417374,810
WR_19_3,-50.39909362,-25.97102487,17.39203598,11.82691288,56.84028385,327.3453441,27.24795455,6.440681818,20.80727273,21.16393939,17.34007576,21.16393939,13.29856061,1642.904504,196.1849804,101.7885949,22.46564538,530.8022438,342.5059898,530.8022438,344.2277874,810
WR_19_30,-50.40257119,-25.96795368,17.39203598,11.82691288,56.84028385,327.3453441,27.24795455,6.440681818,20.80727273,21.16393939,17.34007576,21.16393939,13.29856061,1641.925961,196.1733799,101.5921541,22.48242157,530.4425674,342.447374,530.4425674,343.8486676,823
WR_19_31,-50.42062618,-25.96292039,17.44667614,11.85793561,56.75196244,328.3833849,27.37340909,6.479090909,20.89431818,21.23356061,14.39753788,21.23356061,13.33443182,1641.181869,195.1599524,101.1986007,22.13426594,526.6072304,342.7717278,526.6072304,342.7728066,799
WR_19_36,-50.39799103,-25.96445746,17.39203598,11.82691288,56.84028385,327.3453441,27.24795455,6.440681818,20.80727273,21.16393939,17.34007576,21.16393939,13.29856061,1640.170055,196.7852301,101.5383437,22.73326551,531.9775145,340.9003868,531.9775145,343.7814026,807
WR_2_1,-50.25053792,-26.09218234,17.20793561,11.80401515,56.97918495,324.0951736,27.025,6.308636364,20.71636364,20.95965909,13.15397727,20.95965909,13.15397727,1616.871719,185.5814816,99.71124425,20.70859166,507.0112887,340.9562479,507.0112887,340.9562479,812
WR_2_136,-50.25296971,-26.085545,17.20793561,11.80401515,56.97918495,324.0951736,27.025,6.308636364,20.71636364,20.95965909,13.15397727,20.95965909,13.15397727,1617.517108,186.0783105,99.83459087,20.78010995,508.0114841,340.9327168,508.0114841,340.9327168,797
WR_2_14,-50.25959454,-26.08542466,17.20793561,11.80401515,56.97918495,324.0951736,27.025,6.308636364,20.71636364,20.95965909,13.15397727,20.95965909,13.15397727,1618.466143,186.4665945,99.81178459,20.85877574,508.760006,340.779812,508.760006,340.779812,803
WR_2_145,-50.2540617,-26.05486883,17.34737689,11.81255682,57.0899375,323.9214283,27.19340909,6.502272727,20.69113636,21.08477273,17.33253788,21.08477273,13.29325758,1618.307358,188.2144717,100.1020339,21.26213261,513.6005535,339.9894222,513.6005535,340.0474098,791
WR_2_14a,-50.26078662,-26.07907282,17.34737689,11.81255682,57.0899375,323.9214283,27.19340909,6.502272727,20.69113636,21.08477273,13.29325758,21.08477273,13.29325758,1618.845988,186.8368907,99.98235983,20.91408605,509.5479335,340.8588796,509.5479335,340.8588796,794
WR_2_150,-50.24891104,-26.08664992,17.19631629,11.78323864,56.900743,323.4793376,27.07386364,6.365454545,20.70840909,20.94704545,13.15859848,20.94704545,13.15859848,1616.886436,185.7835569,99.82973239,20.72543134,507.4378567,341.0240597,507.4378567,341.0240597,788
WR_2_151,-50.2484218,-26.08992688,17.19631629,11.78323864,56.900743,323.4793376,27.07386364,6.365454545,20.70840909,20.94704545,13.15859848,20.94704545,13.15859848,1616.660565,185.5747955,99.77154859,20.69823371,507.0181343,341.0276601,507.0181343,341.0276601,788
WR_2_153,-50.24969479,-26.10452296,17.19631629,11.78323864,56.900743,323.4793376,27.07386364,6.365454545,20.70840909,20.94704545,13.15859848,20.94704545,13.15859848,1616.177774,184.860385,99.4792541,20.62164295,505.5497185,340.9324831,505.5497185,340.9324831,813
WR_2_165,-50.26868327,-26.0637022,17.34737689,11.81255682,57.0899375,323.9214283,27.19340909,6.502272727,20.69113636,21.08477273,13.29325758,21.08477273,13.29325758,1620.32664,188.3787543,100.2268912,21.25986398,513.5079062,340.4708157,513.5079062,340.4708157,786
WR_2_165a,-50.26506538,-26.05928936,17.34737689,11.81255682,57.0899375,323.9214283,27.19340909,6.502272727,20.69113636,21.08477273,13.29325758,21.08477273,13.29325758,1619.908999,188.5322358,100.2241457,21.30618463,514.0941498,340.3098484,514.0941498,340.3098484,815
WR_2_167,-50.26251134,-26.05633175,17.34737689,11.81255682,57.0899375,323.9214283,27.19340909,6.502272727,20.69113636,21.08477273,17.33253788,21.08477273,13.29325758,1619.587385,188.6180549,100.2115861,21.33588908,514.4385121,340.1744012,514.4385121,340.1827399,790
WR_2_16f,-50.2532947,-26.07715589,17.34737689,11.81255682,57.0899375,323.9214283,27.19340909,6.502272727,20.69113636,21.08477273,17.33253788,21.08477273,13.29325758,1617.913903,186.5335279,100.0183292,20.83973166,508.9550003,340.9064493,508.9550003,340.9937961,784
WR_2_180,-50.24350307,-26.08766862,17.19631629,11.78323864,56.900743,323.4793376,27.07386364,6.365454545,20.70840909,20.94704545,17.19450758,20.94704545,13.15859848,1616.053998,185.4086415,99.8402591,20.65574557,506.7163071,341.0142047,506.7163071,341.1604089,788
WR_2_180a,-50.24438963,-26.09104907,17.19631629,11.78323864,56.900743,323.4793376,27.07386364,6.365454545,20.70840909,20.94704545,13.15859848,20.94704545,13.15859848,1616.00641,185.2668141,99.78301967,20.6436441,506.4304961,341.1444979,506.4304961,341.1444979,788
WR_2_180ba,-50.24248416,-26.08594703,17.19631629,11.78323864,56.900743,323.4793376,27.07386364,6.365454545,20.70840909,20.94704545,17.19450758,20.94704545,13.15859848,1615.99972,185.4493728,99.87010897,20.65553953,506.8001992,340.9262136,506.8001992,341.179379,788
WR_2_181,-50.26753316,-26.08146055,17.34737689,11.81255682,57.0899375,323.9214283,27.19340909,6.502272727,20.69113636,21.08477273,13.29325758,21.08477273,13.29325758,1619.69725,187.0963048,99.91032725,20.97816775,510.0328005,340.6928521,510.0328005,340.6928521,811
WR_2_189,-50.24777619,-26.09711391,17.19631629,11.78323864,56.900743,323.4793376,27.07386364,6.365454545,20.70840909,20.94704545,13.15859848,20.94704545,13.15859848,1616.218833,185.1377987,99.64689151,20.64448638,506.1409269,341.0328022,506.1409269,341.0328022,803
WR_2_191,-50.24335467,-26.09863171,17.19631629,11.78323864,56.900743,323.4793376,27.07386364,6.365454545,20.70840909,20.94704545,13.15859848,20.94704545,13.15859848,1615.44775,184.7633249,99.67959445,20.58227554,505.4417344,341.1998859,505.4417344,341.1998859,803
WR_2_195,-50.2881016,-26.10390699,17.20793561,11.80401515,56.97918495,324.0951736,27.025,6.308636364,20.71636364,20.95965909,13.15397727,20.95965909,13.15397727,1623.85212,186.9862146,99.35818726,20.87983807,509.6114972,340.1487049,509.6114972,340.1487049,793
WR_2_196,-50.26821669,-26.05409772,17.34737689,11.81255682,57.0899375,323.9214283,27.19340909,6.502272727,20.69113636,21.08477273,13.29325758,21.08477273,13.29325758,1620.522986,189.1515629,100.3068137,21.45358626,515.7523931,340.1534512,515.7523931,340.1534512,770
WR_2_200,-50.26083054,-26.06011243,17.34737689,11.81255682,57.0899375,323.9214283,27.19340909,6.502272727,20.69113636,21.08477273,17.33253788,21.08477273,13.29325758,1619.26026,188.2153052,100.1701749,21.23754081,513.3512895,340.3166815,513.3512895,340.3229656,815
WR_2_203,-50.2636225,-26.088316,17.20793561,11.80401515,56.97918495,324.0951736,27.025,6.308636364,20.71636364,20.95965909,13.15397727,20.95965909,13.15397727,1618.954033,186.5665652,99.71055142,20.88827393,508.9141858,340.6282455,508.9141858,340.6282455,803
WR_2_21,-50.27976441,-26.06551611,17.34737689,11.81255682,57.0899375,323.9214283,27.19340909,6.502272727,20.69113636,21.08477273,13.29325758,21.08477273,13.29325758,1622.449212,188.7285135,100.3665723,21.26950821,514.1256186,340.6845291,514.1256186,340.6845291,768
WR_2_211,-50.2550075,-26.06620481,17.34737689,11.81255682,57.0899375,323.9214283,27.19340909,6.502272727,20.69113636,21.08477273,17.33253788,21.08477273,13.29325758,1618.32629,187.4060874,100.0911462,21.04529671,511.2738467,340.4807571,511.2738467,340.5832371,796
WR_2_212,-50.25727385,-26.1042166,17.20793561,11.80401515,56.97918495,324.0951736,27.025,6.308636364,20.71636364,20.95965909,13.15397727,20.95965909,13.15397727,1617.437443,185.4005222,99.35115095,20.71555564,506.5191716,340.5938376,506.5191716,340.5938376,825
WR_2_23,-50.25353005,-26.08206468,17.34737689,11.81255682,57.0899375,323.9214283,27.19340909,6.502272727,20.69113636,21.08477273,13.29325758,21.08477273,13.29325758,1617.741461,186.2912322,99.90974924,20.80956089,508.4496451,340.9490583,508.4496451,340.9490583,784
WR_2_27,-50.26532169,-26.06959191,17.34737689,11.81255682,57.0899375,323.9214283,27.19340909,6.502272727,20.69113636,21.08477273,13.29325758,21.08477273,13.29325758,1619.701098,187.7052024,100.1516871,21.10068804,511.7098952,340.6817617,511.7098952,340.6817617,797
WR_2_27e,-50.2599705,-26.0718075,17.34737689,11.81255682,57.0899375,323.9214283,27.19340909,6.502272727,20.69113636,21.08477273,13.29325758,21.08477273,13.29325758,1618.929597,187.2406176,100.1062831,20.99370051,510.6031445,340.8041477,510.6031445,340.8041477,797
WR_2_27f,-50.26237715,-26.07144148,17.34737689,11.81255682,57.0899375,323.9214283,27.19340909,6.502272727,20.69113636,21.08477273,13.29325758,21.08477273,13.29325758,1619.260184,187.3974687,100.1215417,21.02921098,510.9510768,340.7706898,510.9510768,340.7706898,797
WR_2_27h,-50.25846134,-26.06973523,17.34737689,11.81255682,57.0899375,323.9214283,27.19340909,6.502272727,20.69113636,21.08477273,17.33253788,21.08477273,13.29325758,1618.759063,187.3227902,100.1060716,21.01653676,510.8994043,340.6959668,510.8994043,340.7271308,797
WR_2_293,-50.26759277,-26.04992687,17.34737689,11.81255682,57.0899375,323.9214283,27.19340909,6.502272727,20.69113636,21.08477273,17.33253788,21.08477273,13.29325758,1620.536966,189.4586805,100.3331716,21.53434526,516.6601088,339.9513351,516.6601088,340.0067511,773
WR_2_31,-50.26044622,-26.09874452,17.20793561,11.80401515,56.97918495,324.0951736,27.025,6.308636364,20.71636364,20.95965909,13.15397727,20.95965909,13.15397727,1618.14188,185.8805787,99.44456236,20.78647818,507.4767947,340.541394,507.4767947,340.541394,828
WR_2_33,-50.26092964,-26.09074615,17.20793561,11.80401515,56.97918495,324.0951736,27.025,6.308636364,20.71636364,20.95965909,13.15397727,20.95965909,13.15397727,1618.481341,186.2913989,99.65935896,20.84102114,508.35949,340.6584976,508.35949,340.6584976,803
WR_2_40,-50.26408332,-26.06628422,17.34737689,11.81255682,57.0899375,323.9214283,27.19340909,6.502272727,20.69113636,21.08477273,13.29325758,21.08477273,13.29325758,1619.605492,187.9065048,100.1657197,21.15194173,512.3385531,340.5656536,512.3385531,340.5656536,815
WR_2_41,-50.27108098,-26.08878082,17.20793561,11.80401515,56.97918495,324.0951736,27.025,6.308636364,20.71636364,20.95965909,13.15397727,20.95965909,13.15397727,1620.032064,186.9905712,99.64968517,20.97475792,509.7116633,340.41691,509.7116633,340.41691,817
WR_2_42,-50.26716007,-26.08840036,17.20793561,11.80401515,56.97918495,324.0951736,27.025,6.308636364,20.71636364,20.95965909,13.15397727,20.95965909,13.15397727,1619.46783,186.7730818,99.68671175,20.93001866,509.3053333,340.5322889,509.3053333,340.5322889,817
WR_2_46,-50.24535243,-26.07803014,17.34680871,11.77782197,57.01537722,323.3823398,27.17,6.512727273,20.65727273,21.08647727,17.33958333,21.08647727,13.30435606,1616.814009,186.0657498,99.98625993,20.7426151,508.017528,340.7513233,508.017528,341.1035027,773
WR_2_47,-50.25936446,-26.06533299,17.34737689,11.81255682,57.0899375,323.9214283,27.19340909,6.502272727,20.69113636,21.08477273,17.33253788,21.08477273,13.29325758,1618.955715,187.7180179,100.1309708,21.11445625,511.9894587,340.5211768,511.9894587,340.5367145,815
WR_2_49,-50.255013,-26.07185136,17.34737689,11.81255682,57.0899375,323.9214283,27.19340909,6.502272727,20.69113636,21.08477273,17.33253788,21.08477273,13.29325758,1618.263422,186.974663,100.0791627,20.93486716,510.05003,340.7189388,510.05003,340.8457163,787
WR_2_53,-50.24491065,-26.08120257,17.34680871,11.77782197,57.01537722,323.3823398,27.17,6.512727273,20.65727273,21.08647727,17.33958333,21.08647727,13.30435606,1616.591401,185.8610553,99.93518311,20.71573986,507.6099092,340.8465471,507.6099092,341.1146387,773
WR_2_57,-50.25923069,-26.05205386,17.34737689,11.81255682,57.0899375,323.9214283,27.19340909,6.502272727,20.69113636,21.08477273,17.33253788,21.08477273,13.29325758,1619.154987,188.7545579,100.1863202,21.38424253,514.9498253,339.9398271,514.9498253,339.976675,790
WR_2_6,-50.24763876,-26.07289573,17.34680871,11.77782197,57.01537722,323.3823398,27.17,6.512727273,20.65727273,21.08647727,17.33958333,21.08647727,13.30435606,1617.271288,186.5083146,100.0407797,20.82961957,509.028835,340.6133548,509.028835,340.9612452,774
WR_2_60,-50.25393744,-26.10452313,17.20793561,11.80401515,56.97918495,324.0951736,27.025,6.308636364,20.71636364,20.95965909,13.15397727,20.95965909,13.15397727,1616.876542,185.1542295,99.40325489,20.67312183,506.0742875,340.7407236,506.0742875,340.7407236,825
WR_2_62,-50.24277561,-26.08231514,17.34680871,11.77782197,57.01537722,323.3823398,27.17,6.512727273,20.65727273,21.08647727,17.33958333,21.08647727,13.30435606,1616.237578,185.6784291,99.92082376,20.68364008,507.2507607,340.8225275,507.2507607,341.1582063,773
WR_2_64,-50.27734853,-26.06513602,17.34737689,11.81255682,57.0899375,323.9214283,27.19340909,6.502272727,20.69113636,21.08477273,13.29325758,21.08477273,13.29325758,1621.813642,188.6869194,100.3195251,21.29265979,514.0717257,340.5911629,514.0717257,340.5911629,768
WR_2_65,-50.27497803,-26.06333351,17.34737689,11.81255682,57.0899375,323.9214283,27.19340909,6.502272727,20.69113636,21.08477273,13.29325758,21.08477273,13.29325758,1621.24757,188.7703567,100.291417,21.3445182,514.3791142,340.4629886,514.3791142,340.4629886,786
WR_2_65b,-50.27428431,-26.05485026,17.34737689,11.81255682,57.0899375,323.9214283,27.19340909,6.502272727,20.69113636,21.08477273,13.29325758,21.08477273,13.29325758,1621.443137,189.4631561,100.385136,21.51389183,516.4153724,340.2347948,516.4153724,340.2347948,770
WR_2_66,-50.27797809,-26.05728896,17.34737689,11.81255682,57.0899375,323.9214283,27.19340909,6.502272727,20.69113636,21.08477273,13.29325758,21.08477273,13.29325758,1622.209853,189.375915,100.4236358,21.45230432,516.0555253,340.4066599,516.0555253,340.4066599,767
WR_2_68,-50.26379623,-26.10031435,17.20793561,11.80401515,56.97918495,324.0951736,27.025,6.308636364,20.71636364,20.95965909,13.15397727,20.95965909,13.15397727,1618.624717,186.0291892,99.35205141,20.81785761,507.7193104,340.3804359,507.7193104,340.3804359,824
WR_2_69,-50.28904446,-26.09653924,17.20793561,11.80401515,56.97918495,324.0951736,27.025,6.308636364,20.71636364,20.95965909,13.15397727,20.95965909,13.15397727,1624.305403,187.3275406,99.65995598,20.90929548,510.3865456,340.4501193,510.3865456,340.4501193,800
WR_2_7,-50.25785911,-26.06683284,17.34737689,11.81255682,57.0899375,323.9214283,27.19340909,6.502272727,20.69113636,21.08477273,17.33253788,21.08477273,13.29325758,1618.719503,187.5164052,100.1125055,21.06667557,511.4748949,340.5592055,511.4748949,340.6041567,787
WR_2_8,-50.25038664,-26.07485549,17.34737689,11.81255682,57.0899375,323.9214283,27.19340909,6.502272727,20.69113636,21.08477273,17.33253788,21.08477273,13.29325758,1617.625622,186.507149,100.0546478,20.82380027,508.9156808,340.7486516,508.9156808,341.036631,787
WR_2_9,-50.25312807,-26.09855255,17.20793561,11.80401515,56.97918495,324.0951736,27.025,6.308636364,20.71636364,20.95965909,13.15397727,20.95965909,13.15397727,1616.993805,185.4094024,99.54869559,20.69946793,506.6206792,340.8250345,506.6206792,340.8250345,812
WR_20_10,-50.50216714,-26.13595155,17.31322917,12.08676136,56.80718452,332.3767378,27.3625,6.085681818,21.27681818,21.10893939,13.12526515,21.10893939,13.12526515,1661.574425,190.5976461,99.96507943,20.2360561,509.4378394,344.4654196,509.4378394,344.4654196,831
WR_20_11,-50.49304845,-26.1480113,17.2755303,12.03204545,56.82498792,330.9684582,27.25431818,6.080454545,21.17386364,21.06965909,13.11147727,21.06965909,13.11147727,1657.727446,189.7165416,100.2393112,20.19374739,507.8006472,344.8814726,507.8006472,344.8814726,847
WR_20_15,-50.49594829,-26.1552682,17.2755303,12.03204545,56.82498792,330.9684582,27.25431818,6.080454545,21.17386364,21.06965909,13.11147727,21.06965909,13.11147727,1657.205195,189.2192715,100.2555058,20.12684654,507.2254026,345.0280994,507.2254026,345.0280994,843
WR_20_2,-50.49371578,-26.14096051,17.2755303,12.03204545,56.82498792,330.9684582,27.25431818,6.080454545,21.17386364,21.06965909,13.11147727,21.06965909,13.11147727,1658.925526,190.2214001,100.1732299,20.24413652,508.5445497,344.7124819,508.5445497,344.7124819,833
WR_20_4,-50.50112259,-26.14183165,17.31322917,12.08676136,56.80718452,332.3767378,27.3625,6.085681818,21.27681818,21.10893939,13.12526515,21.10893939,13.12526515,1660.386871,190.1871557,100.0466777,20.20005492,508.8163627,344.6381036,508.8163627,344.6381036,820
WR_20_8,-50.49787794,-26.14372573,17.2755303,12.03204545,56.82498792,330.9684582,27.25431818,6.080454545,21.17386364,21.06965909,13.11147727,21.06965909,13.11147727,1659.391852,190.0421607,100.122634,20.20255545,508.4715646,344.7269096,508.4715646,344.7269096,847
WR_20_9,-50.49364248,-26.1434657,17.2755303,12.03204545,56.82498792,330.9684582,27.25431818,6.080454545,21.17386364,21.06965909,13.11147727,21.06965909,13.11147727,1658.532945,190.0429466,100.1942069,20.22545072,508.2887594,344.771083,508.2887594,344.771083,847
WR_21_17,-50.62459499,-26.08862679,17.49179924,12.08458333,56.72665913,334.7900854,27.53090909,6.227727273,21.30318182,21.32912879,13.27215909,21.32912879,13.27215909,1684.000972,188.638309,96.71981113,20.42594119,512.0556506,338.0922886,512.0556506,338.0922886,785
WR_21_18,-50.60893492,-26.08554735,17.49179924,12.08458333,56.72665913,334.7900854,27.53090909,6.227727273,21.30318182,21.32912879,13.27215909,21.32912879,13.27215909,1679.848847,188.370541,97.16551626,20.34983197,510.9395513,337.7688318,510.9395513,337.7688318,777
WR_21_20,-50.62719913,-26.09112889,17.51677083,12.14551136,57.00718987,334.8745217,27.53886364,6.233636364,21.30522727,21.34515152,13.28916667,21.34515152,13.28916667,1685.406799,188.8257335,96.87904646,20.40667894,512.3907427,338.8950818,512.3907427,338.8950818,775
WR_21_21,-50.5672471,-26.07455747,17.51847538,12.02956439,56.68853308,333.2221793,27.55613636,6.335681818,21.22045455,21.34276515,13.32689394,21.34276515,13.32689394,1668.952793,187.6748494,98.31520629,20.14707348,508.3013286,337.631733,508.3013286,337.631733,762
WR_21_23,-50.61374393,-26.08669165,17.49179924,12.08458333,56.72665913,334.7900854,27.53090909,6.227727273,21.30318182,21.32912879,13.27215909,21.32912879,13.27215909,1681.19467,188.4674365,97.03687995,20.37241723,511.3093887,337.9000543,511.3093887,337.9000543,777
WR_21_26,-50.5986576,-26.08260293,17.51430871,12.07903409,56.69335225,334.0198847,27.55681818,6.250909091,21.30590909,21.34829545,13.31136364,21.34829545,13.31136364,1676.80989,188.1258912,97.42158492,20.30238565,510.073312,337.4396086,510.073312,337.4396086,804
WR_21_27,-50.59495226,-26.08069332,17.51430871,12.07903409,56.69335225,334.0198847,27.55681818,6.250909091,21.30590909,21.34829545,13.31136364,21.34829545,13.31136364,1675.401738,187.975582,97.47746663,20.28893228,509.6507673,337.1628727,509.6507673,337.1628727,804
WR_21_29,-50.59414947,-26.08110088,17.51430871,12.07903409,56.69335225,334.0198847,27.55681818,6.250909091,21.30590909,21.34829545,13.31136364,21.34829545,13.31136364,1675.411761,188.0025479,97.52640408,20.28162307,509.6594602,337.2821402,509.6594602,337.2821402,804
WR_21_36,-50.57386329,-26.07482156,17.51847538,12.02956439,56.68853308,333.2221793,27.55613636,6.335681818,21.22045455,21.34276515,13.32689394,21.34276515,13.32689394,1669.562518,187.5077589,98.04354642,20.17810118,507.9153036,336.9999935,507.9153036,336.9999935,762
WR_21_36a,-50.57154183,-26.07340364,17.51847538,12.02956439,56.68853308,333.2221793,27.55613636,6.335681818,21.22045455,21.34276515,13.32689394,21.34276515,13.32689394,1669.045369,187.4319807,98.11667497,20.16593939,507.79944,336.963447,507.79944,336.963447,762
WR_21_39,-50.62316641,-26.08862816,17.49179924,12.08458333,56.72665913,334.7900854,27.53090909,6.227727273,21.30318182,21.32912879,13.27215909,21.32912879,13.27215909,1683.733347,188.634204,96.77348038,20.41719942,511.9868035,338.1303499,511.9868035,338.1303499,785
WR_21_4,-50.59218868,-26.08306854,17.51430871,12.07903409,56.69335225,334.0198847,27.55681818,6.250909091,21.30590909,21.34829545,13.31136364,21.34829545,13.31136364,1675.803761,188.1391525,97.68885192,20.25915265,509.8022237,337.7740742,509.8022237,337.7740742,804
WR_21_9,-50.60400544,-26.08333166,17.51430871,12.07903409,56.69335225,334.0198847,27.55681818,6.250909091,21.30590909,21.34829545,13.31136364,21.34829545,13.31136364,1678.072054,188.1954977,97.25096197,20.33218869,510.4317126,337.412678,510.4317126,337.412678,782
WR_22_14,-50.00415203,-26.10969584,17.01408144,11.70486742,57.62525222,313.156127,26.69909091,6.387045455,20.31204545,20.64988636,13.11492424,20.64988636,13.11492424,1555.788167,177.3949063,93.94744831,21.24465511,491.8062352,321.9807874,491.8062352,321.9807874,859
WR_22_17,-50.0360601,-26.09008739,17.01408144,11.70486742,57.62525222,313.156127,26.69909091,6.387045455,20.31204545,20.64988636,13.11492424,20.64988636,13.11492424,1564.276562,180.5650215,95.66720229,21.47251002,497.2977211,322.9985376,497.2977211,322.9985376,844
WR_22_19,-49.99970947,-26.10509431,17.11060606,11.66481061,57.4672683,312.9967332,26.77568182,6.4775,20.29818182,20.73541667,13.20753788,20.73541667,13.20753788,1555.92005,177.5718307,94.05390588,21.24034341,492.0607527,321.9439527,492.0607527,321.9439527,805
WR_22_2,-50.02411836,-26.10292084,17.01408144,11.70486742,57.62525222,313.156127,26.69909091,6.387045455,20.31204545,20.64988636,13.11492424,20.64988636,13.11492424,1558.954662,179.2653261,94.45533975,21.532044,495.170683,321.8383414,495.170683,321.8383414,849
WR_22_21,-49.99861913,-26.07599181,17.20995265,11.64202652,57.51085289,312.9190343,26.82068182,6.5775,20.24318182,20.82587121,13.29931818,20.82587121,13.29931818,1559.978932,180.4049678,95.12876756,21.5140765,496.6902611,321.7447849,496.6902611,321.7447849,809
WR_22_22,-50.00250004,-26.09757861,17.01408144,11.70486742,57.62525222,313.156127,26.69909091,6.387045455,20.31204545,20.64988636,13.11492424,20.64988636,13.11492424,1557.289634,178.4813816,94.36703431,21.34341145,493.6059091,321.8677489,493.6059091,321.8677489,816
WR_22_23,-49.99960202,-26.09547086,17.11060606,11.66481061,57.4672683,312.9967332,26.77568182,6.4775,20.29818182,20.73541667,13.20753788,20.73541667,13.20753788,1557.281941,178.5207913,94.41075766,21.3310658,493.6213152,321.8718008,493.6213152,321.8718008,789
WR_22_24,-50.03290673,-26.08002168,17.26244318,11.68,57.4103243,315.375439,26.91772727,6.572954545,20.34477273,20.91462121,13.32939394,20.91462121,13.32939394,1565.130939,181.5084313,95.83927343,21.61649574,499.0080389,322.6161013,499.0080389,322.6161013,803
WR_22_26,-50.02997173,-26.08570637,17.01408144,11.70486742,57.62525222,313.156127,26.69909091,6.387045455,20.31204545,20.64988636,13.11492424,20.64988636,13.11492424,1562.953796,180.9275302,95.39190127,21.62958317,498.0893447,322.1688258,498.0893447,322.1688258,830
WR_22_31,-50.03898142,-26.07882983,17.26244318,11.68,57.4103243,315.375439,26.91772727,6.572954545,20.34477273,20.91462121,13.32939394,20.91462121,13.32939394,1568.007072,181.7251742,96.3880118,21.48570768,499.146634,323.6452137,499.146634,323.6452137,836
WR_22_34,-50.03828181,-26.08845141,17.01408144,11.70486742,57.62525222,313.156127,26.69909091,6.387045455,20.31204545,20.64988636,13.11492424,20.64988636,13.11492424,1565.410015,180.7472779,95.89951297,21.44068494,497.5483376,323.3253446,497.5483376,323.3253446,844
WR_22_35,-49.9938041,-26.10156674,17.11060606,11.66481061,57.4672683,312.9967332,26.77568182,6.4775,20.29818182,20.73541667,13.20753788,20.73541667,13.20753788,1555.771884,177.5673163,94.1093203,21.20858192,491.9697903,321.9435633,491.9697903,321.9435633,805
WR_22_37,-49.99672617,-26.09915288,17.11060606,11.66481061,57.4672683,312.9967332,26.77568182,6.4775,20.29818182,20.73541667,13.20753788,20.73541667,13.20753788,1556.445568,177.9849813,94.23820845,21.26340277,492.6936562,321.9165324,492.6936562,321.9165324,789
WR_22_39,-50.0103183,-26.08711203,17.01408144,11.70486742,57.62525222,313.156127,26.69909091,6.387045455,20.31204545,20.64988636,13.11492424,20.64988636,13.11492424,1559.509447,179.9385498,94.82656402,21.54102418,496.2183792,321.6677028,496.2183792,321.6677028,796
WR_22_41,-50.00460577,-26.06367026,17.26244318,11.68,57.4103243,315.375439,26.91772727,6.572954545,20.34477273,20.91462121,13.32939394,20.91462121,13.32939394,1564.367344,181.7507918,95.60052069,21.70750078,499.9004395,321.6049462,499.9004395,321.6049462,825
WR_22_42,-50.00459786,-26.09122967,17.01408144,11.70486742,57.62525222,313.156127,26.69909091,6.387045455,20.31204545,20.64988636,13.11492424,20.64988636,13.11492424,1558.389249,179.2233408,94.62181552,21.43077939,494.8856918,321.7864567,494.8856918,321.7864567,795
WR_22_44,-50.0009433,-26.10290436,17.01408144,11.70486742,57.62525222,313.156127,26.69909091,6.387045455,20.31204545,20.64988636,13.11492424,20.64988636,13.11492424,1556.370221,177.8638861,94.15159407,21.2745542,492.5579122,321.9228174,492.5579122,321.9228174,838
WR_22_46,-50.00184725,-26.06527736,17.26244318,11.68,57.4103243,315.375439,26.91772727,6.572954545,20.34477273,20.91462121,13.32939394,20.91462121,13.32939394,1563.398453,181.4387074,95.53632152,21.66665087,499.231988,321.5626896,499.231988,321.5626896,825
WR_22_47,-50.00972791,-26.06550886,17.26244318,11.68,57.4103243,315.375439,26.91772727,6.572954545,20.34477273,20.91462121,13.32939394,20.91462121,13.32939394,1564.566469,181.9264123,95.63708792,21.73723429,500.1402188,321.6834052,500.1402188,321.6834052,790
WR_22_48,-50.00713642,-26.06279785,17.26244318,11.68,57.4103243,315.375439,26.91772727,6.572954545,20.34477273,20.91462121,13.32939394,20.91462121,13.32939394,1565.105489,181.9959791,95.60513123,21.73706969,500.3919817,321.6677069,500.3919817,321.6677069,825
WR_22_49,-50.00516218,-26.06912343,17.26244318,11.68,57.4103243,315.375439,26.91772727,6.572954545,20.34477273,20.91462121,13.32939394,20.91462121,13.32939394,1562.640643,181.3288878,95.43640851,21.66084318,498.8352497,321.6107756,498.8352497,321.6107756,783
WR_22_5,-50.01007932,-26.09105593,17.01408144,11.70486742,57.62525222,313.156127,26.69909091,6.387045455,20.31204545,20.64988636,13.11492424,20.64988636,13.11492424,1558.962804,179.5487176,94.68620622,21.49678466,495.541132,321.7254237,495.541132,321.7254237,796
WR_22_51,-49.99966495,-26.0846907,17.11060606,11.66481061,57.4672683,312.9967332,26.77568182,6.4775,20.29818182,20.73541667,13.20753788,20.73541667,13.20753788,1558.827138,179.5945922,94.81272014,21.43836995,495.3902521,321.7897735,495.3902521,321.7897735,814
WR_22_52,-49.99697946,-26.0819728,17.20995265,11.64202652,57.51085289,312.9190343,26.82068182,6.5775,20.24318182,20.82587121,13.29931818,20.82587121,13.29931818,1558.969156,179.7220752,94.89061794,21.43326194,495.5241625,321.8129252,495.5241625,321.8129252,809
WR_22_53,-49.99896819,-26.09045317,17.11060606,11.66481061,57.4672683,312.9967332,26.77568182,6.4775,20.29818182,20.73541667,13.20753788,20.73541667,13.20753788,1557.935221,178.9834897,94.59094532,21.37279009,494.368761,321.8411253,494.368761,321.8411253,814
WR_22_54,-50.01701561,-26.09269041,17.01408144,11.70486742,57.62525222,313.156127,26.69909091,6.387045455,20.31204545,20.64988636,13.11492424,20.64988636,13.11492424,1559.452107,179.786974,94.70495269,21.56087949,496.0637184,321.6799557,496.0637184,321.6799557,832
WR_22_55,-50.0066968,-26.09424402,17.01408144,11.70486742,57.62525222,313.156127,26.69909091,6.387045455,20.31204545,20.64988636,13.11492424,20.64988636,13.11492424,1558.190101,179.0499731,94.53647351,21.42460852,494.6303714,321.7995724,494.6303714,321.7995724,816
WR_22_56,-50.02061088,-26.09225972,17.01408144,11.70486742,57.62525222,313.156127,26.69909091,6.387045455,20.31204545,20.64988636,13.11492424,20.64988636,13.11492424,1559.871034,180.0309,94.75842395,21.60782138,496.5457127,321.6359731,496.5457127,321.6359731,832
WR_22_57,-50.0197989,-26.0950566,17.01408144,11.70486742,57.62525222,313.156127,26.69909091,6.387045455,20.31204545,20.64988636,13.11492424,20.64988636,13.11492424,1559.443401,179.7274881,94.65752645,21.56782795,495.9886808,321.6992352,495.9886808,321.6992352,832
WR_22_6,-50.00615492,-26.08561129,17.01408144,11.70486742,57.62525222,313.156127,26.69909091,6.387045455,20.31204545,20.64988636,13.11492424,20.64988636,13.11492424,1559.312612,179.8556652,94.83971251,21.50684332,495.9866046,321.705347,495.9866046,321.705347,795
WR_22_64,-50.00948347,-26.09585485,17.01408144,11.70486742,57.62525222,313.156127,26.69909091,6.387045455,20.31204545,20.64988636,13.11492424,20.64988636,13.11492424,1558.26323,179.0557632,94.51133063,21.44025878,494.6826819,321.7965389,494.6826819,321.7965389,809
WR_22_65,-50.01235604,-26.08947438,17.01408144,11.70486742,57.62525222,313.156127,26.69909091,6.387045455,20.31204545,20.64988636,13.11492424,20.64988636,13.11492424,1559.397587,179.8266013,94.76492234,21.54028823,496.0625649,321.6767802,496.0625649,321.6767802,796
WR_22_71,-50.0016114,-26.10916643,17.01408144,11.70486742,57.62525222,313.156127,26.69909091,6.387045455,20.31204545,20.64988636,13.11492424,20.64988636,13.11492424,1555.562683,177.2870764,93.92989371,21.22259754,491.6083602,321.9750673,491.6083602,321.9750673,859
WR_23_11,-49.98876632,-26.12627052,16.97251894,11.66359848,57.52764108,311.8054592,26.64909091,6.374318182,20.27477273,20.59662879,13.0932197,20.59662879,13.0932197,1551.737022,174.8437264,93.13530813,20.94689417,487.5831884,322.0602852,487.5831884,322.0602852,874
WR_23_13,-49.98592152,-26.12466429,17.11060606,11.66481061,57.4672683,312.9967332,26.77568182,6.4775,20.29818182,20.73541667,13.20753788,20.73541667,13.20753788,1551.30174,174.6866916,93.08064216,20.93017063,487.344635,321.9621472,487.344635,321.9621472,838
WR_23_14,-50.0087899,-26.13703803,16.83820076,11.66666667,57.42112053,311.3024463,26.50659091,6.188863636,20.31772727,20.45617424,12.96598485,20.45617424,12.96598485,1555.898924,176.2486961,93.72526685,21.08144698,489.9658397,322.8501896,489.9658397,322.8501896,901
WR_23_15,-50.00602775,-26.12668645,16.83820076,11.66666667,57.42112053,311.3024463,26.50659091,6.188863636,20.31772727,20.45617424,12.96598485,20.45617424,12.96598485,1554.133388,176.0319551,93.45928982,21.11206539,489.5181106,322.2495662,489.5181106,322.2495662,896
WR_23_2,-49.98087975,-26.15402499,16.97251894,11.66359848,57.52764108,311.8054592,26.64909091,6.374318182,20.27477273,20.59662879,14.76136364,20.59662879,13.0932197,1552.557091,174.1906593,93.2950055,20.70080038,485.9462531,323.1201235,485.9462531,323.5394122,860
WR_23_4,-50.00943248,-26.12477126,17.01408144,11.70486742,57.62525222,313.156127,26.69909091,6.387045455,20.31204545,20.64988636,13.11492424,20.64988636,13.11492424,1554.401091,176.2839521,93.49475158,21.15721889,489.91503,322.1857884,489.91503,322.1857884,872
WR_23_41,-49.98756797,-26.10798312,17.11060606,11.66481061,57.4672683,312.9967332,26.77568182,6.4775,20.29818182,20.73541667,13.20753788,20.73541667,13.20753788,1554.093805,176.527894,93.77384219,21.08435765,490.2262314,321.9731668,490.2262314,321.9731668,793
WR_23_42,-49.99839152,-26.14703123,16.97251894,11.66359848,57.52764108,311.8054592,26.64909091,6.374318182,20.27477273,20.59662879,13.0932197,20.59662879,13.0932197,1555.317001,175.508346,93.66668664,20.91961535,488.6221413,323.3086897,488.6221413,323.3086897,881
WR_23_43,-49.98768415,-26.11650684,17.11060606,11.66481061,57.4672683,312.9967332,26.77568182,6.4775,20.29818182,20.73541667,13.20753788,20.73541667,13.20753788,1552.793014,175.6522031,93.43644719,21.01353237,488.859315,321.9760141,488.859315,321.9760141,796
WR_23_44,-49.98301817,-26.1110599,17.11060606,11.66481061,57.4672683,312.9967332,26.77568182,6.4775,20.29818182,20.73541667,13.20753788,20.73541667,13.20753788,1553.075745,175.920264,93.58372646,21.01100004,489.2194183,321.9683019,489.2194183,321.9683019,800
WR_23_45,-49.9894349,-26.11584077,17.11060606,11.66481061,57.4672683,312.9967332,26.77568182,6.4775,20.29818182,20.73541667,13.20753788,20.73541667,13.20753788,1553.112789,175.8353386,93.49076111,21.03675891,489.1618409,321.9830241,489.1618409,321.9830241,796
WR_23_46,-49.98358103,-26.11995658,17.11060606,11.66481061,57.4672683,312.9967332,26.77568182,6.4775,20.29818182,20.73541667,13.20753788,20.73541667,13.20753788,1551.736182,175.0212747,93.23042399,20.94481299,487.8466892,321.9500556,487.8466892,321.9500556,838
WR_23_47,-49.97917428,-26.12168769,17.11060606,11.66481061,57.4672683,312.9967332,26.77568182,6.4775,20.29818182,20.73541667,13.20753788,20.73541667,13.20753788,1550.891412,174.5428216,93.08452693,20.88857614,487.0805803,321.9126237,487.0805803,321.9126237,797
WR_23_48,-49.98987648,-26.12256837,17.11060606,11.66481061,57.4672683,312.9967332,26.77568182,6.4775,20.29818182,20.73541667,13.20753788,20.73541667,13.20753788,1552.144289,175.172555,93.23332327,20.98514648,488.119892,321.9960395,488.119892,321.9960395,838
WR_23_5,-49.99030475,-26.10928924,17.11060606,11.66481061,57.4672683,312.9967332,26.77568182,6.4775,20.29818182,20.73541667,13.20753788,20.73541667,13.20753788,1554.214422,176.564511,93.76151792,21.1018775,490.3214319,321.9740325,490.3214319,321.9740325,796
WR_23_50,-50.00006945,-26.15364567,16.83820076,11.66666667,57.42112053,311.3024463,26.50659091,6.188863636,20.31772727,20.45617424,14.62382576,20.45617424,12.96598485,1556.37761,175.6353278,93.82674973,20.89942965,488.8643375,323.6816295,488.8643375,323.692122,893
WR_23_51,-50.01612345,-26.15867595,16.83820076,11.66666667,57.42112053,311.3024463,26.50659091,6.188863636,20.31772727,20.45617424,12.96598485,20.45617424,12.96598485,1560.357034,176.8641668,94.39256338,21.04144504,491.4170023,324.1158576,491.4170023,324.1158576,903
WR_23_52,-50.01018774,-26.16095335,16.83820076,11.66666667,57.42112053,311.3024463,26.50659091,6.188863636,20.31772727,20.45617424,12.96598485,20.45617424,12.96598485,1559.409592,176.4173447,94.26472424,20.96594401,490.5090903,324.1888906,490.5090903,324.1888906,903
WR_23_53,-50.01261497,-26.16077302,16.83820076,11.66666667,57.42112053,311.3024463,26.50659091,6.188863636,20.31772727,20.45617424,12.96598485,20.45617424,12.96598485,1559.912207,176.6034171,94.33476143,20.99286619,490.8991901,324.2005439,490.8991901,324.2005439,903
WR_23_55,-50.00660344,-26.16497913,16.83820076,11.66666667,57.42112053,311.3024463,26.50659091,6.188863636,20.31772727,20.45617424,12.96598485,20.45617424,12.96598485,1559.14821,176.1498797,94.23594467,20.90603074,489.9685781,324.3803686,489.9685781,324.3803686,884
WR_23_56,-50.00251076,-26.15876002,16.83820076,11.66666667,57.42112053,311.3024463,26.50659091,6.188863636,20.31772727,20.45617424,14.62382576,20.45617424,12.96598485,1557.476748,175.8244753,93.98987195,20.89645549,489.2554588,323.9901261,489.2554588,323.9985328,884
WR_23_59,-49.99326979,-26.14241059,16.97251894,11.66359848,57.52764108,311.8054592,26.64909091,6.374318182,20.27477273,20.59662879,13.0932197,20.59662879,13.0932197,1553.920411,175.1360945,93.46482587,20.89454962,487.9378358,323.003849,487.9378358,323.003849,881
WR_23_59c,-50.00811104,-26.15233518,16.83820076,11.66666667,57.42112053,311.3024463,26.50659091,6.188863636,20.31772727,20.45617424,12.96598485,20.45617424,12.96598485,1557.81586,176.2369527,94.02441055,20.99041277,490.0667986,323.6923301,490.0667986,323.6923301,893
WR_23_61,-50.01173422,-26.14685468,16.83820076,11.66666667,57.42112053,311.3024463,26.50659091,6.188863636,20.31772727,20.45617424,12.96598485,20.45617424,12.96598485,1557.757962,176.4905314,94.00438874,21.05786952,490.5129952,323.4216804,490.5129952,323.4216804,898
WR_23_62,-50.00583565,-26.14450682,16.83820076,11.66666667,57.42112053,311.3024463,26.50659091,6.188863636,20.31772727,20.45617424,12.96598485,20.45617424,12.96598485,1556.371919,176.0519389,93.80742665,21.00992039,489.6561863,323.2370397,489.6561863,323.2370397,896
WR_23_63,-49.99716471,-26.13932908,16.97251894,11.66359848,57.52764108,311.8054592,26.64909091,6.374318182,20.27477273,20.59662879,13.0932197,20.59662879,13.0932197,1554.26921,175.419275,93.50678716,20.95151873,488.4757276,322.8684341,488.4757276,322.8684341,867
WR_23_64,-50.01781808,-26.13918265,16.83820076,11.66666667,57.42112053,311.3024463,26.50659091,6.188863636,20.31772727,20.45617424,12.96598485,20.45617424,12.96598485,1557.687519,176.9025488,93.97598974,21.16182628,491.1731056,323.0536481,491.1731056,323.0536481,890
WR_23_65,-50.01836312,-26.14645782,16.83820076,11.66666667,57.42112053,311.3024463,26.50659091,6.188863636,20.31772727,20.45617424,12.96598485,20.45617424,12.96598485,1558.918096,176.9766052,94.16408496,21.12903185,491.4414885,323.4607691,491.4414885,323.4607691,864
WR_23_66,-49.99071448,-26.13690471,16.97251894,11.66359848,57.52764108,311.8054592,26.64909091,6.374318182,20.27477273,20.59662879,13.0932197,20.59662879,13.0932197,1552.973043,174.9598915,93.32421346,20.9016915,487.6634891,322.6727172,487.6634891,322.6727172,840
WR_23_74,-50.01934809,-26.15610875,16.83820076,11.66666667,57.42112053,311.3024463,26.50659091,6.188863636,20.31772727,20.45617424,12.96598485,20.45617424,12.96598485,1560.633472,177.0975631,94.4254533,21.08926375,491.8558678,324.0029483,491.8558678,324.0029483,866
WR_23_78,-49.99622026,-26.12962784,16.97251894,11.66359848,57.52764108,311.8054592,26.64909091,6.374318182,20.27477273,20.59662879,13.0932197,20.59662879,13.0932197,1553.099333,175.3551869,93.32654953,20.99890116,488.4004001,322.3191006,488.4004001,322.3191006,873
WR_23_80,-50.00616246,-26.13260937,16.83820076,11.66666667,57.42112053,311.3024463,26.50659091,6.188863636,20.31772727,20.45617424,12.96598485,20.45617424,12.96598485,1554.909128,176.052729,93.57934166,21.07983881,489.5891393,322.579641,489.5891393,322.579641,896
WR_23_81,-50.00686587,-26.13836418,16.83820076,11.66666667,57.42112053,311.3024463,26.50659091,6.188863636,20.31772727,20.45617424,12.96598485,20.45617424,12.96598485,1555.760545,176.1142781,93.70943338,21.05461279,489.7344456,322.9056858,489.7344456,322.9056858,875
WR_23_82,-50.01211691,-26.14035247,16.83820076,11.66666667,57.42112053,311.3024463,26.50659091,6.188863636,20.31772727,20.45617424,12.96598485,20.45617424,12.96598485,1556.905653,176.4970138,93.87146843,21.09707085,490.4497915,323.0650634,490.4497915,323.0650634,901
WR_23_83,-50.00125395,-26.14232154,16.83820076,11.66666667,57.42112053,311.3024463,26.50659091,6.188863636,20.31772727,20.45617424,12.96598485,20.45617424,12.96598485,1555.298436,175.7154553,93.65461067,20.97552304,489.0175083,323.0731198,489.0175083,323.0731198,896
WR_23_84,-50.00140378,-26.13899404,16.83820076,11.66666667,57.42112053,311.3024463,26.50659091,6.188863636,20.31772727,20.45617424,12.96598485,20.45617424,12.96598485,1554.936411,175.7235782,93.59772075,20.9959701,489.0292997,322.8894794,489.0292997,322.8894794,875
WR_23_88,-50.0142117,-26.15358213,16.83820076,11.66666667,57.42112053,311.3024463,26.50659091,6.188863636,20.31772727,20.45617424,12.96598485,20.45617424,12.96598485,1559.202932,176.69865,94.22025002,21.04784298,491.0059394,323.8168109,491.0059394,323.8168109,909
WR_23_89,-50.02529015,-26.15152026,16.83820076,11.66666667,57.42112053,311.3024463,26.50659091,6.188863636,20.31772727,20.45617424,12.96598485,20.45617424,12.96598485,1561.032476,177.4944151,94.48000838,21.17168307,492.5630487,323.8075084,492.5630487,323.8075084,849
WR_23_9,-49.98440614,-26.11343673,17.11060606,11.66481061,57.4672683,312.9967332,26.77568182,6.4775,20.29818182,20.73541667,13.20753788,20.73541667,13.20753788,1552.867527,175.7593512,93.50815991,21.00570256,488.9908137,321.9661601,488.9908137,321.9661601,796
WR_23_92,-49.98113935,-26.12554517,16.97251894,11.66359848,57.52764108,311.8054592,26.64909091,6.374318182,20.27477273,20.59662879,13.0932197,20.59662879,13.0932197,1550.651769,174.3219028,92.98778584,20.87872811,486.7493897,321.9462165,486.7493897,321.9462165,812
WR_23_94,-49.99652311,-26.15642621,16.97251894,11.66359848,57.52764108,311.8054592,26.64909091,6.374318182,20.27477273,20.59662879,14.76136364,20.59662879,13.0932197,1555.958982,175.3677424,93.77347328,20.84693964,488.3143748,323.6936189,488.3143748,323.8148703,859
WR_23_95,-50.02153593,-26.12221113,17.01408144,11.70486742,57.62525222,313.156127,26.69909091,6.387045455,20.31204545,20.64988636,13.11492424,20.64988636,13.11492424,1556.317024,177.3459445,93.79348419,21.30303635,491.6727282,322.2478602,491.6727282,322.2478602,878
WR_24_1,-50.40130484,-26.44161106,16.95055871,11.84801136,56.54700567,328.1233798,26.93704545,5.984545455,20.9525,20.75772727,12.83026515,20.75772727,12.83026515,1613.609895,183.8424466,99.24903696,20.83386482,488.7115976,332.058693,488.7115976,332.058693,828
WR_24_11,-50.42444805,-26.4419853,16.88960227,11.9007197,56.5806914,326.6526781,26.87886364,5.845681818,21.03318182,20.68704545,12.78977273,20.68704545,12.78977273,1616.430326,184.9299713,99.36226336,20.74589464,486.5866151,332.3240775,486.5866151,332.3240775,839
WR_24_14,-50.42008012,-26.41874022,16.88960227,11.9007197,56.5806914,326.6526781,26.87886364,5.845681818,21.03318182,20.68704545,12.78977273,20.68704545,12.78977273,1614.576755,184.047236,99.73239654,20.66782977,486.8152929,332.1707367,486.8152929,332.1707367,825
WR_24_2,-50.40063105,-26.43534657,16.95055871,11.84801136,56.54700567,328.1233798,26.93704545,5.984545455,20.9525,20.75772727,12.83026515,20.75772727,12.83026515,1613.415154,183.7270969,99.40387632,20.81311248,488.7147795,332.0669564,488.7147795,332.0669564,828
WR_24_23a,-50.42653151,-26.43745785,16.88960227,11.9007197,56.5806914,326.6526781,26.87886364,5.845681818,21.03318182,20.68704545,12.78977273,20.68704545,12.78977273,1616.25022,184.8315861,99.45771744,20.71280711,486.3850529,332.3977218,486.3850529,332.3977218,833
WR_24_23b,-50.42443698,-26.4358196,16.88960227,11.9007197,56.5806914,326.6526781,26.87886364,5.845681818,21.03318182,20.68704545,12.78977273,20.68704545,12.78977273,1616.109835,184.7783996,99.43534262,20.72526718,486.5324509,332.3302814,486.5324509,332.3302814,821
WR_24_25,-50.41496483,-26.43562306,16.95055871,11.84801136,56.54700567,328.1233798,26.93704545,5.984545455,20.9525,20.75772727,12.83026515,20.75772727,12.83026515,1615.03351,184.3586715,99.42144688,20.7573446,487.4007516,332.2253474,487.4007516,332.2253474,825
WR_24_25a,-50.41792172,-26.42993442,16.88960227,11.9007197,56.5806914,326.6526781,26.87886364,5.845681818,21.03318182,20.68704545,12.78977273,20.68704545,12.78977273,1615.124331,184.3661044,99.51485635,20.7272931,487.0775602,332.2663867,487.0775602,332.2663867,813
WR_24_37,-50.41318575,-26.4304781,16.95055871,11.84801136,56.54700567,328.1233798,26.93704545,5.984545455,20.9525,20.75772727,12.83026515,20.75772727,12.83026515,1614.64888,184.1816796,99.51201697,20.74589078,487.5170671,332.2145977,487.5170671,332.2145977,815
WR_24_4,-50.39505361,-26.43679968,16.95055871,11.84801136,56.54700567,328.1233798,26.93704545,5.984545455,20.9525,20.75772727,12.83026515,20.75772727,12.83026515,1612.804344,183.4992006,99.35391583,20.84319084,489.2408471,332.0009172,489.2408471,332.0009172,827
WR_24_5,-50.40431984,-26.42990092,16.95055871,11.84801136,56.54700567,328.1233798,26.93704545,5.984545455,20.9525,20.75772727,12.83026515,20.75772727,12.83026515,1613.70208,183.8058583,99.53589088,20.77768062,488.3252331,332.1204552,488.3252331,332.1204552,820
WR_24_50,-50.41309569,-26.42178212,16.95055871,11.84801136,56.54700567,328.1233798,26.93704545,5.984545455,20.9525,20.75772727,12.83026515,20.75772727,12.83026515,1614.171912,183.9342065,99.68672849,20.70914073,487.4516813,332.142915,487.4516813,332.142915,814
WR_24_51,-50.40754456,-26.447499,16.95055871,11.84801136,56.54700567,328.1233798,26.93704545,5.984545455,20.9525,20.75772727,12.83026515,20.75772727,12.83026515,1614.529097,184.2310693,99.15492467,20.8292445,488.1922785,332.1179203,488.1922785,332.1179203,812
WR_24_52,-50.40565628,-26.44219707,16.95055871,11.84801136,56.54700567,328.1233798,26.93704545,5.984545455,20.9525,20.75772727,12.83026515,20.75772727,12.83026515,1614.151312,184.0544275,99.25801325,20.81748361,488.3168689,332.1073555,488.3168689,332.1073555,812
WR_24_6,-50.40298632,-26.42426552,16.95055871,11.84801136,56.54700567,328.1233798,26.93704545,5.984545455,20.9525,20.75772727,12.83026515,20.75772727,12.83026515,1613.399073,183.6529678,99.67142135,20.76102623,488.3920222,332.0942975,488.3920222,332.0942975,808
WR_24_7,-50.40758038,-26.436718,16.95055871,11.84801136,56.54700567,328.1233798,26.93704545,5.984545455,20.9525,20.75772727,12.83026515,20.75772727,12.83026515,1614.232895,184.0534281,99.38541753,20.78949454,488.0891823,332.1410755,488.0891823,332.1410755,828
WR_24_8,-50.4131974,-26.4439377,16.95055871,11.84801136,56.54700567,328.1233798,26.93704545,5.984545455,20.9525,20.75772727,12.83026515,20.75772727,12.83026515,1615.132687,184.4413887,99.26718002,20.79342246,487.6392149,332.1911961,487.6392149,332.1911961,827
WR_24_9,-50.40966083,-26.42552102,16.95055871,11.84801136,56.54700567,328.1233798,26.93704545,5.984545455,20.9525,20.75772727,12.83026515,20.75772727,12.83026515,1614.124876,183.9484309,99.61622389,20.74144825,487.7948174,332.1864263,487.7948174,332.1864263,815
WR_25_11,-50.38963649,-26.00462681,17.39782197,11.86568182,56.80201058,328.452664,27.31477273,6.425227273,20.88954545,21.18583333,13.28681818,21.18583333,13.28681818,1643.268026,193.610242,101.9413854,21.73043916,525.2901454,344.1001491,525.2901454,344.1001491,813
WR_25_12,-50.40217538,-26.02479677,17.39782197,11.86568182,56.80201058,328.452664,27.31477273,6.425227273,20.88954545,21.18583333,13.28681818,21.18583333,13.28681818,1643.238829,191.3428516,101.2694633,21.10600397,519.3397319,343.4309499,519.3397319,343.4309499,782
WR_25_13,-50.41001338,-26.03038308,17.39782197,11.86568182,56.80201058,328.452664,27.31477273,6.425227273,20.88954545,21.18583333,13.28681818,21.18583333,13.28681818,1644.288119,191.0443702,101.0760422,20.97147779,518.10055,343.7406992,518.10055,343.7406992,797
WR_25_2,-50.38834017,-25.99829591,17.39203598,11.82691288,56.84028385,327.3453441,27.24795455,6.440681818,20.80727273,21.16393939,13.29856061,21.16393939,13.29856061,1643.301673,194.2886853,102.0536213,21.91967247,526.9454358,344.3244188,526.9454358,344.3244188,821
WR_25_26,-50.41867398,-25.98498019,17.44667614,11.85793561,56.75196244,328.3833849,27.37340909,6.479090909,20.89431818,21.23356061,13.33443182,21.23356061,13.33443182,1645.591657,193.8425565,101.1830572,21.70851492,524.6479128,343.5361491,524.6479128,343.5361491,807
WR_25_27,-50.39967585,-25.99339023,17.39203598,11.82691288,56.84028385,327.3453441,27.24795455,6.440681818,20.80727273,21.16393939,13.29856061,21.16393939,13.29856061,1644.048696,194.1970438,101.7202704,21.85753483,526.2460868,344.1086568,526.2460868,344.1086568,833
WR_25_27a,-50.40060126,-25.992414,17.39203598,11.82691288,56.84028385,327.3453441,27.24795455,6.440681818,20.80727273,21.16393939,13.29856061,21.16393939,13.29856061,1644.131775,194.236112,101.700069,21.86528998,526.3007898,344.0985832,526.3007898,344.0985832,799
WR_25_29,-50.39349551,-25.99625757,17.39203598,11.82691288,56.84028385,327.3453441,27.24795455,6.440681818,20.80727273,21.16393939,13.29856061,21.16393939,13.29856061,1643.621843,194.2406985,101.8988474,21.88924587,526.6098078,344.2329218,526.6098078,344.2329218,833
WR_25_36,-50.40487568,-26.02663302,17.39782197,11.86568182,56.80201058,328.452664,27.31477273,6.425227273,20.88954545,21.18583333,13.28681818,21.18583333,13.28681818,1643.544194,191.2294332,101.195126,21.0586145,518.8881206,343.5185841,518.8881206,343.5185841,796
WR_25_40,-50.39808311,-25.9983595,17.39203598,11.82691288,56.84028385,327.3453441,27.24795455,6.440681818,20.80727273,21.16393939,13.29856061,21.16393939,13.29856061,1643.825314,193.8289767,101.7180766,21.76274243,525.4385655,344.0484613,525.4385655,344.0484613,833
WR_25_45,-50.40526916,-26.00539606,17.39782197,11.86568182,56.80201058,328.452664,27.31477273,6.425227273,20.88954545,21.18583333,13.28681818,21.18583333,13.28681818,1643.972896,192.9022553,101.387459,21.49584606,522.9216876,343.731133,522.9216876,343.731133,808
WR_25_5,-50.40031349,-26.00209684,17.39782197,11.86568182,56.80201058,328.452664,27.31477273,6.425227273,20.88954545,21.18583333,13.28681818,21.18583333,13.28681818,1643.839207,193.3946582,101.5984132,21.6396663,524.3106026,343.9087996,524.3106026,343.9087996,808
WR_25_68,-50.41452596,-26.00596824,17.39782197,11.86568182,56.80201058,328.452664,27.31477273,6.425227273,20.88954545,21.18583333,13.28681818,21.18583333,13.28681818,1644.372286,192.483888,101.0571201,21.36395313,521.5186045,343.5212589,521.5186045,343.5212589,788
WR_25_69,-50.41347301,-26.00040914,17.39782197,11.86568182,56.80201058,328.452664,27.31477273,6.425227273,20.88954545,21.18583333,13.28681818,21.18583333,13.28681818,1644.565243,192.9546845,101.1634727,21.4879183,522.7000765,343.5963664,522.7000765,343.5963664,788
WR_25_70,-50.40852414,-25.99406026,17.39203598,11.82691288,56.84028385,327.3453441,27.24795455,6.440681818,20.80727273,21.16393939,13.29856061,21.16393939,13.29856061,1644.54953,193.6928972,101.4113759,21.69549973,524.679174,343.813347,524.679174,343.813347,782
WR_25_78,-50.43491617,-25.98117514,17.44667614,11.85793561,56.75196244,328.3833849,27.37340909,6.479090909,20.89431818,21.23356061,13.33443182,21.23356061,13.33443182,1645.296127,193.0039743,100.6926389,21.49271894,521.3241874,342.6276361,521.3241874,342.6276361,806
WR_25_85,-50.41306293,-25.99220499,17.39203598,11.82691288,56.84028385,327.3453441,27.24795455,6.440681818,20.80727273,21.16393939,13.29856061,21.16393939,13.29856061,1644.895392,193.6085981,101.2800178,21.66071279,524.2949469,343.6872281,524.2949469,343.6872281,782
WR_25_86,-50.41123341,-25.98699953,17.39203598,11.82691288,56.84028385,327.3453441,27.24795455,6.440681818,20.80727273,21.16393939,13.29856061,21.16393939,13.29856061,1644.996292,194.1148767,101.4062761,21.80111474,525.5864755,343.8071199,525.5864755,343.8071199,797
WR_25_87,-50.41141065,-25.99102939,17.39203598,11.82691288,56.84028385,327.3453441,27.24795455,6.440681818,20.80727273,21.16393939,13.29856061,21.16393939,13.29856061,1644.843083,193.7869851,101.3505544,21.71263851,524.7900506,343.7554525,524.7900506,343.7554525,797
WR_25_88,-50.41570859,-25.99267635,17.39203598,11.82691288,56.84028385,327.3453441,27.24795455,6.440681818,20.80727273,21.16393939,13.29856061,21.16393939,13.29856061,1645.034645,193.4360193,101.18435,21.60820266,523.7739701,343.5954537,523.7739701,343.5954537,782
WR_25_9,-50.41367182,-25.98345952,17.39203598,11.82691288,56.84028385,327.3453441,27.24795455,6.440681818,20.80727273,21.16393939,13.29856061,21.16393939,13.29856061,1645.312883,194.2499414,101.3689241,21.8309004,525.8197944,343.7477222,525.8197944,343.7477222,797
WR_25_90,-50.39017705,-26.00475849,17.39782197,11.86568182,56.80201058,328.452664,27.31477273,6.425227273,20.88954545,21.18583333,13.28681818,21.18583333,13.28681818,1643.291071,193.5752059,101.9211341,21.71924454,525.1834352,344.0839801,525.1834352,344.0839801,813
WR_25_91,-50.40242365,-26.00777938,17.39782197,11.86568182,56.80201058,328.452664,27.31477273,6.425227273,20.88954545,21.18583333,13.28681818,21.18583333,13.28681818,1643.7689,192.8110102,101.4589818,21.47984536,522.828364,343.7493593,522.828364,343.7493593,808
WR_25_92,-50.41090455,-26.00806331,17.39782197,11.86568182,56.80201058,328.452664,27.31477273,6.425227273,20.88954545,21.18583333,13.28681818,21.18583333,13.28681818,1644.123827,192.4625285,101.1578928,21.36738573,521.622492,343.5754179,521.622492,343.5754179,788
WR_25_9a,-50.42691717,-25.98057077,17.44667614,11.85793561,56.75196244,328.3833849,27.37340909,6.479090909,20.89431818,21.23356061,13.33443182,21.23356061,13.33443182,1646.092505,193.6298957,100.9670763,21.64071593,523.7017177,343.1563339,523.7017177,343.1563339,798
WR_26_10,-49.84483389,-26.38179044,16.44758523,11.25967803,56.56450041,311.1318028,25.99318182,6.087272727,19.90590909,20.08492424,14.30844697,20.08492424,12.57700758,1564.112008,176.08741,92.0092668,20.64006499,487.394013,318.5681105,487.394013,326.1388211,910
WR_26_13,-49.82114478,-26.39702424,16.37029356,11.17130682,56.37221171,309.8970031,25.89931818,6.082272727,19.81704545,19.99534091,14.24920455,19.99534091,12.52022727,1561.592749,176.8900984,91.62707317,20.97877447,488.7076155,316.7483301,488.7076155,323.2936419,895
WR_26_14,-49.83262549,-26.37588192,16.37029356,11.17130682,56.37221171,309.8970031,25.89931818,6.082272727,19.81704545,19.99534091,14.24920455,19.99534091,12.52022727,1558.491703,175.4927031,91.57524581,20.62144466,485.7199061,317.3456832,485.7199061,324.7773347,885
WR_26_2,-49.83078691,-26.38824637,16.37029356,11.17130682,56.37221171,309.8970031,25.89931818,6.082272727,19.81704545,19.99534091,14.24920455,19.99534091,12.52022727,1562.13275,176.3643178,91.79142979,20.79036615,487.7163846,317.5346292,487.7163846,324.5065576,916
WR_26_23,-49.81650694,-26.38259869,16.37029356,11.17130682,56.37221171,309.8970031,25.89931818,6.082272727,19.81704545,19.99534091,14.24920455,19.99534091,12.52022727,1555.764906,176.1113933,91.15448859,20.888784,486.696103,315.7613754,486.696103,322.7507749,910
WR_26_24,-49.81090291,-26.3761429,16.37029356,11.17130682,56.37221171,309.8970031,25.89931818,6.082272727,19.81704545,19.99534091,14.24920455,19.99534091,12.52022727,1552.222182,175.9148483,90.80788233,20.92113854,486.031333,314.8684072,486.031333,322.0331511,910
WR_26_26,-49.80299671,-26.38368971,16.37029356,11.17130682,56.37221171,309.8970031,25.89931818,6.082272727,19.81704545,19.99534091,14.24920455,19.99534091,12.52022727,1551.651125,176.5330871,90.578279,21.13048975,487.2173543,314.0138687,487.2173543,320.9583683,938
WR_26_27,-49.79975401,-26.38673748,16.37029356,11.17130682,56.37221171,309.8970031,25.89931818,6.082272727,19.81704545,19.99534091,14.24920455,19.99534091,12.52022727,1551.296856,176.7556248,90.47349216,21.21109408,487.6301349,313.6562202,487.6301349,320.5215255,948
WR_26_28,-49.80093075,-26.38933213,16.37029356,11.17130682,56.37221171,309.8970031,25.89931818,6.082272727,19.81704545,19.99534091,14.24920455,19.99534091,12.52022727,1552.305794,176.8464683,90.55965704,21.21300743,487.8872534,313.8702806,487.8872534,320.669848,938
WR_26_3,-49.82344586,-26.39555175,16.37029356,11.17130682,56.37221171,309.8970031,25.89931818,6.082272727,19.81704545,19.99534091,14.24920455,19.99534091,12.52022727,1561.991169,176.7596332,91.7088307,20.92751946,488.4797819,317.0168819,488.4797819,323.6023377,895
WR_26_30,-49.79505053,-26.3907027,16.37029356,11.17130682,56.37221171,309.8970031,25.89931818,6.082272727,19.81704545,19.99534091,14.24920455,19.99534091,12.52022727,1550.573008,177.0303515,90.3062327,21.31963115,488.1148271,313.1214021,488.1148271,319.8927411,948
WR_26_31,-49.80358811,-26.39430474,16.37029356,11.17130682,56.37221171,309.8970031,25.89931818,6.082272727,19.81704545,19.99534091,14.24920455,19.99534091,12.52022727,1554.43852,177.0277947,90.74870234,21.21348602,488.4114522,314.3371355,488.4114522,321.0049335,936
WR_26_32,-49.8123122,-26.39673903,16.37029356,11.17130682,56.37221171,309.8970031,25.89931818,6.082272727,19.81704545,19.99534091,14.24920455,19.99534091,12.52022727,1558.250278,177.0093545,91.19917995,21.10487066,488.6771409,315.5598951,488.6771409,322.1392617,910
WR_26_34,-49.82193061,-26.37202586,16.51596591,11.23272727,56.53367496,309.7311607,26.05272727,6.183636364,19.86909091,20.13912879,14.38405303,20.13912879,12.67087121,1554.683859,175.4911277,91.14210937,20.73029344,485.304069,316.1990669,485.304069,323.2204838,884
WR_26_35,-49.80863325,-26.39992347,16.37029356,11.17130682,56.37221171,309.8970031,25.89931818,6.082272727,19.81704545,19.99534091,14.24920455,19.99534091,12.52022727,1557.722532,177.2330419,91.07115158,21.1904155,489.0771431,315.1445074,489.0771431,321.6465517,910
WR_26_37,-49.80323143,-26.40855312,16.37029356,11.17130682,56.37221171,309.8970031,25.89931818,6.082272727,19.81704545,19.99534091,14.24920455,19.99534091,12.52022727,1557.775165,177.7148449,90.92420203,21.34492562,490.0280495,314.618309,490.0280495,320.9162008,931
WR_26_39,-49.80088432,-26.41061509,16.37029356,11.17130682,56.37221171,309.8970031,25.89931818,6.082272727,19.81704545,19.99534091,14.24920455,19.99534091,12.52022727,1557.3083,177.8225404,90.8302856,21.393241,490.2001178,314.3463077,490.2001178,320.6066335,931
WR_26_4,-49.82342862,-26.38070858,16.37029356,11.17130682,56.37221171,309.8970031,25.89931818,6.082272727,19.81704545,19.99534091,14.24920455,19.99534091,12.52022727,1557.427749,175.7996675,91.42060563,20.74896029,486.2020736,316.6191979,486.2020736,323.6772749,895
WR_26_40,-49.79882636,-26.40025106,16.37029356,11.17130682,56.37221171,309.8970031,25.89931818,6.082272727,19.81704545,19.99534091,14.24920455,19.99534091,12.52022727,1554.082761,177.3736259,90.59691236,21.33536067,489.0626272,313.8350722,489.0626272,320.3659517,961
WR_26_41,-49.78390007,-26.38402315,16.24280303,11.07708333,56.3517206,307.6468803,25.70545455,6.048409091,19.65704545,19.84973485,14.1475,19.84973485,12.43268939,1545.457303,177.0488552,89.73967778,21.46479718,487.7636742,311.5111375,487.7636742,318.4313769,977
WR_26_42,-49.77797874,-26.38803819,16.24280303,11.07708333,56.3517206,307.6468803,25.70545455,6.048409091,19.65704545,19.84973485,14.1475,19.84973485,12.43268939,1544.167929,177.3107929,89.50300757,21.5884163,488.174755,310.8074486,488.174755,317.6476288,957
WR_26_43,-49.80828565,-26.38261871,16.37029356,11.17130682,56.37221171,309.8970031,25.89931818,6.082272727,19.81704545,19.99534091,14.24920455,19.99534091,12.52022727,1553.105782,176.3374541,90.79523561,21.02981881,486.9408527,314.6831676,486.9408527,321.6619213,921
WR_26_45,-49.81403164,-26.3774325,16.37029356,11.17130682,56.37221171,309.8970031,25.89931818,6.082272727,19.81704545,19.99534091,14.24920455,19.99534091,12.52022727,1553.529966,175.8855798,90.96029994,20.87759379,486.0727797,315.3075607,486.0727797,322.4444056,910
WR_26_46,-49.81168832,-26.38138895,16.37029356,11.17130682,56.37221171,309.8970031,25.89931818,6.082272727,19.81704545,19.99534091,14.24920455,19.99534091,12.52022727,1553.876766,176.1769123,90.92445029,20.95904765,486.6807008,315.099425,486.6807008,322.1173282,910
WR_26_48,-49.81409597,-26.39109659,16.37029356,11.17130682,56.37221171,309.8970031,25.89931818,6.082272727,19.81704545,19.99534091,14.24920455,19.99534091,12.52022727,1557.342049,176.6607246,91.19055696,21.01884896,487.91354,315.6573936,487.91354,322.3961409,923
WR_26_49,-49.81459954,-26.37099788,16.51596591,11.23272727,56.53367496,309.7311607,26.05272727,6.183636364,19.86909091,20.13912879,14.38405303,20.13912879,12.67087121,1552.355206,175.740357,90.84040538,20.86399854,485.5841194,315.2750366,485.5841194,322.1798952,897
WR_26_5,-49.81626129,-26.37272046,16.51596591,11.23272727,56.53367496,309.7311607,26.05272727,6.183636364,19.86909091,20.13912879,14.38405303,20.13912879,12.67087121,1553.134972,175.6793017,90.94867669,20.82517417,485.5704886,315.5035367,485.5704886,322.5475092,897
WR_26_50,-49.80627261,-26.39489377,16.37029356,11.17130682,56.37221171,309.8970031,25.89931818,6.082272727,19.81704545,19.99534091,14.24920455,19.99534091,12.52022727,1555.556691,177.0102784,90.88370419,21.17758315,488.4651145,314.7088154,488.4651145,321.3550098,936
WR_26_54,-49.80522479,-26.40486671,16.37029356,11.17130682,56.37221171,309.8970031,25.89931818,6.082272727,19.81704545,19.99534091,14.24920455,19.99534091,12.52022727,1557.664794,177.5213213,90.97451602,21.2849338,489.6398689,314.8026458,489.6398689,321.18609,929
WR_26_55,-49.82948672,-26.37171169,16.51596591,11.23272727,56.53367496,309.7311607,26.05272727,6.183636364,19.86909091,20.13912879,14.38405303,20.13912879,12.67087121,1556.694709,175.4178937,91.35615392,20.65441203,485.3493661,316.9470205,485.3493661,324.0803355,910
WR_26_56,-49.7836465,-26.38702208,16.24280303,11.07708333,56.3517206,307.6468803,25.70545455,6.048409091,19.65704545,19.84973485,14.1475,19.84973485,12.43268939,1545.917831,177.1495969,89.7519021,21.4861002,487.993452,311.5366148,487.993452,318.3955633,977
WR_26_57,-49.7910142,-26.38555192,16.24280303,11.07708333,56.3517206,307.6468803,25.70545455,6.048409091,19.65704545,19.84973485,14.1475,19.84973485,12.43268939,1548.107644,176.9200289,90.06896211,21.35063393,487.7102515,312.4783179,487.7102515,319.3699858,977
WR_26_58,-49.81681317,-26.37233451,16.51596591,11.23272727,56.53367496,309.7311607,26.05272727,6.183636364,19.86909091,20.13912879,14.38405303,20.13912879,12.67087121,1553.231687,175.6619648,90.95883304,20.81773271,485.5339618,315.5669685,485.5339618,322.5847296,884
WR_26_61,-49.80773717,-26.37924628,16.37029356,11.17130682,56.37221171,309.8970031,25.89931818,6.082272727,19.81704545,19.99534091,14.24920455,19.99534091,12.52022727,1552.05977,176.1785984,90.72131396,21.0077348,486.5446786,314.5307157,486.5446786,321.6009138,921
WR_26_70a,-49.81310519,-26.39887467,16.37029356,11.17130682,56.37221171,309.8970031,25.89931818,6.082272727,19.81704545,19.99534091,14.24920455,19.99534091,12.52022727,1559.128723,177.1167388,91.27206648,21.11551324,488.9599599,315.7189149,488.9599599,322.2343841,910
WR_26_71,-49.82140498,-26.38704442,16.37029356,11.17130682,56.37221171,309.8970031,25.89931818,6.082272727,19.81704545,19.99534091,14.24920455,19.99534091,12.52022727,1558.688737,176.2574063,91.45217015,20.85735815,487.2160961,316.5208637,487.2160961,323.3773286,900
WR_26_72,-49.78461699,-26.38860524,16.24280303,11.07708333,56.3517206,307.6468803,25.70545455,6.048409091,19.65704545,19.84973485,14.1475,19.84973485,12.43268939,1546.537858,177.177594,89.80840186,21.47862584,488.0941766,311.6960261,488.0941766,318.5222391,977
WR_26_78,-49.82847441,-26.38006599,16.37029356,11.17130682,56.37221171,309.8970031,25.89931818,6.082272727,19.81704545,19.99534091,14.24920455,19.99534091,12.52022727,1558.727652,175.7518907,91.56191021,20.69655983,486.2260145,317.1066627,486.2260145,324.2844738,885
WR_26_80,-49.83476035,-26.38557045,16.44758523,11.25967803,56.56450041,311.1318028,25.99318182,6.087272727,19.90590909,20.08492424,14.30844697,20.08492424,12.57700758,1562.467415,176.2396693,91.83834366,20.73828655,487.511764,317.8059437,487.511764,324.9734653,889
WR_26_84,-49.83003816,-26.38484501,16.37029356,11.17130682,56.37221171,309.8970031,25.89931818,6.082272727,19.81704545,19.99534091,14.24920455,19.99534091,12.52022727,1560.764069,176.108666,91.70052003,20.74965425,487.100562,317.3743518,487.100562,324.4382062,916
WR_26_87,-49.80822236,-26.38690642,16.37029356,11.17130682,56.37221171,309.8970031,25.89931818,6.082272727,19.81704545,19.99534091,14.24920455,19.99534091,12.52022727,1554.195706,176.5619713,90.85655387,21.07154389,487.4710697,314.7775605,487.4710697,321.6385222,938
WR_26_89,-49.84261818,-26.38567473,16.44758523,11.25967803,56.56450041,311.1318028,25.99318182,6.087272727,19.90590909,20.08492424,14.30844697,20.08492424,12.57700758,1564.940978,176.3807568,92.04492999,20.7058967,488.0150827,318.4936628,488.0150827,325.8698148,898
WR_26_91,-49.84199021,-26.37777158,16.44758523,11.25967803,56.56450041,311.1318028,25.99318182,6.087272727,19.90590909,20.08492424,14.30844697,20.08492424,12.57700758,1561.750176,175.7185599,91.84357927,20.59683369,486.4780542,318.2016844,486.4780542,325.8323259,910
WR_26_92,-49.81036728,-26.39037788,16.37029356,11.17130682,56.37221171,309.8970031,25.89931818,6.082272727,19.81704545,19.99534091,14.24920455,19.99534091,12.52022727,1555.842576,176.6976113,91.00709291,21.07042501,487.8688029,315.1450821,487.8688029,321.9085618,923
WR_26_93,-49.81415183,-26.38854537,16.37029356,11.17130682,56.37221171,309.8970031,25.89931818,6.082272727,19.81704545,19.99534091,14.24920455,19.99534091,12.52022727,1556.653145,176.5143659,91.15061255,20.99112799,487.5683888,315.6010294,487.5683888,322.414111,923
WR_26_94,-49.81752847,-26.3870929,16.37029356,11.17130682,56.37221171,309.8970031,25.89931818,6.082272727,19.81704545,19.99534091,14.24920455,19.99534091,12.52022727,1557.391998,176.3519728,91.27848423,20.92080793,487.3029461,316.0104372,487.3029461,322.8656492,900
WR_26_95,-49.81750204,-26.39185032,16.37029356,11.17130682,56.37221171,309.8970031,25.89931818,6.082272727,19.81704545,19.99534091,14.24920455,19.99534091,12.52022727,1558.754605,176.6367579,91.3612225,20.97393354,487.9774899,316.1286935,487.9774899,322.8405692,895
WR_27_15,-50.42648526,-26.03193034,17.47949811,11.90842803,56.70741386,330.2915862,27.42272727,6.422954545,20.99977273,21.28768939,13.33734848,21.28768939,13.33734848,1645.019862,190.6697987,100.5472442,20.83207584,516.3202559,343.757513,516.3202559,343.757513,797
WR_27_18,-50.44343399,-26.01998045,17.47949811,11.90842803,56.70741386,330.2915862,27.42272727,6.422954545,20.99977273,21.28768939,13.33734848,21.28768939,13.33734848,1642.590753,190.4788098,99.99980643,20.83129214,513.829473,342.8295178,513.829473,342.8295178,766
WR_27_19,-50.43573191,-26.00813967,17.47949811,11.90842803,56.70741386,330.2915862,27.42272727,6.422954545,20.99977273,21.28768939,13.33734848,21.28768939,13.33734848,1643.818236,191.4182201,100.3491314,21.07113595,517.183623,342.8879355,517.183623,342.8879355,780
WR_27_23,-50.46904909,-26.01772339,17.53854167,11.92280303,56.66119428,331.1579013,27.49886364,6.456590909,21.04227273,21.34617424,13.37954545,21.34617424,13.37954545,1640.639729,189.6365083,99.31486299,20.64752869,508.5687131,342.0708173,508.5687131,342.0708173,760
WR_27_24a,-50.46126501,-26.01964619,17.53854167,11.92280303,56.66119428,331.1579013,27.49886364,6.456590909,21.04227273,21.34617424,13.37954545,21.34617424,13.37954545,1641.186254,189.8657699,99.51527166,20.68867196,510.0698164,342.3618257,510.0698164,342.3618257,764
WR_27_32,-50.45679415,-26.0149862,17.47949811,11.90842803,56.70741386,330.2915862,27.42272727,6.422954545,20.99977273,21.28768939,13.33734848,21.28768939,13.33734848,1641.744451,190.1903063,99.67713656,20.7727468,511.5157979,342.3199927,511.5157979,342.3199927,764
WR_27_40,-50.44704679,-26.0145096,17.47949811,11.90842803,56.70741386,330.2915862,27.42272727,6.422954545,20.99977273,21.28768939,13.33734848,21.28768939,13.33734848,1642.562203,190.6009045,99.95571484,20.86701288,513.7386005,342.6085477,513.7386005,342.6085477,768
WR_27_41,-50.45523808,-26.0214551,17.47949811,11.90842803,56.70741386,330.2915862,27.42272727,6.422954545,20.99977273,21.28768939,13.33734848,21.28768939,13.33734848,1641.586949,190.0110136,99.66447143,20.71658541,511.1589688,342.5758349,511.1589688,342.5758349,774
WR_27_42,-50.44246387,-26.01272368,17.47949811,11.90842803,56.70741386,330.2915862,27.42272727,6.422954545,20.99977273,21.28768939,13.33734848,21.28768939,13.33734848,1643.024805,190.8751245,100.1038872,20.93475992,514.9964398,342.7183365,514.9964398,342.7183365,768
WR_27_43,-50.4521374,-26.01233806,17.47949811,11.90842803,56.70741386,330.2915862,27.42272727,6.422954545,20.99977273,21.28768939,13.33734848,21.28768939,13.33734848,1642.244146,190.483057,99.83230182,20.84452453,512.8523245,342.386694,512.8523245,342.386694,764
WR_27_5000,-50.46620083,-26.01897405,17.53854167,11.92280303,56.66119428,331.1579013,27.49886364,6.456590909,21.04227273,21.34617424,13.37954545,21.34617424,13.37954545,1640.819511,189.709341,99.38489046,20.65774594,509.0762476,342.2048392,509.0762476,342.2048392,764
WR_28_1,-50.12177453,-25.98145638,16.99180871,11.6763447,57.57114789,310.7575998,26.63295455,6.351363636,20.28159091,20.60295455,13.13708333,20.60295455,13.13708333,1602.301983,188.9278,97.37249686,21.45863125,509.1315194,332.0178183,509.1315194,332.0178183,857
WR_28_12,-50.09974815,-25.99311438,16.99180871,11.6763447,57.57114789,310.7575998,26.63295455,6.351363636,20.28159091,20.60295455,13.13708333,20.60295455,13.13708333,1599.210185,187.8175793,97.23665495,21.39416958,508.5343051,330.9781033,508.5343051,330.9781033,861
WR_28_13,-50.09920573,-25.99736848,16.99180871,11.6763447,57.57114789,310.7575998,26.63295455,6.351363636,20.28159091,20.60295455,13.13708333,20.60295455,13.13708333,1599.283154,187.6419837,97.26053959,21.35927238,508.4753681,331.006552,508.4753681,331.006552,861
WR_28_14,-50.10612053,-25.98460567,16.99180871,11.6763447,57.57114789,310.7575998,26.63295455,6.351363636,20.28159091,20.60295455,13.13708333,20.60295455,13.13708333,1599.909869,188.3286407,97.24159314,21.45515938,508.7547475,331.2133875,508.7547475,331.2133875,890
WR_28_15,-50.14222265,-25.98528513,17.2153125,11.68967803,57.36561418,314.523355,26.88840909,6.510909091,20.3775,20.85390152,13.30015152,20.85390152,13.30015152,1603.177731,189.0318996,97.60124624,21.47728311,509.5344019,332.7078655,509.5344019,332.7078655,816
WR_28_17,-50.11426399,-25.99216677,16.99180871,11.6763447,57.57114789,310.7575998,26.63295455,6.351363636,20.28159091,20.60295455,13.13708333,20.60295455,13.13708333,1601.467454,188.2578402,97.38946939,21.36540123,508.6691782,331.8405294,508.6691782,331.8405294,850
WR_28_2,-50.1146289,-25.9821025,16.99180871,11.6763447,57.57114789,310.7575998,26.63295455,6.351363636,20.28159091,20.60295455,13.13708333,20.60295455,13.13708333,1601.180549,188.6841737,97.30718313,21.46353484,508.9697257,331.6391965,508.9697257,331.6391965,876
WR_28_25,-50.08849402,-25.97464741,16.99180871,11.6763447,57.57114789,310.7575998,26.63295455,6.351363636,20.28159091,20.60295455,13.13708333,20.60295455,13.13708333,1596.627103,188.1483425,96.97382182,21.57413187,508.4664423,330.0922718,508.4664423,330.0922718,909
WR_28_26,-50.10201078,-25.98574371,16.99180871,11.6763447,57.57114789,310.7575998,26.63295455,6.351363636,20.28159091,20.60295455,13.13708333,20.60295455,13.13708333,1599.296491,188.1631977,97.20786229,21.45329786,508.668506,330.9989208,508.668506,330.9989208,890
WR_28_27,-50.12580801,-25.98817052,17.2153125,11.68967803,57.36561418,314.523355,26.88840909,6.510909091,20.3775,20.85390152,13.30015152,20.85390152,13.30015152,1603.044048,188.7405364,97.47628948,21.38516464,508.9437667,332.39764,508.9437667,332.39764,838
WR_28_29,-50.10831417,-25.99808808,16.99180871,11.6763447,57.57114789,310.7575998,26.63295455,6.351363636,20.28159091,20.60295455,13.13708333,20.60295455,13.13708333,1600.73786,187.8559672,97.37110509,21.32543866,508.4844723,331.59395,508.4844723,331.59395,877
WR_28_3,-50.11007436,-25.98143626,16.99180871,11.6763447,57.57114789,310.7575998,26.63295455,6.351363636,20.28159091,20.60295455,13.13708333,20.60295455,13.13708333,1600.428836,188.5734471,97.25631818,21.47771737,508.8983669,331.373987,508.8983669,331.373987,876
WR_28_34,-50.09897245,-25.98146939,16.99180871,11.6763447,57.57114789,310.7575998,26.63295455,6.351363636,20.28159091,20.60295455,13.13708333,20.60295455,13.13708333,1598.65333,188.2351429,97.14648945,21.49707572,508.6760052,330.7640435,508.6760052,330.7640435,904
WR_28_35,-50.1027321,-25.98189524,16.99180871,11.6763447,57.57114789,310.7575998,26.63295455,6.351363636,20.28159091,20.60295455,13.13708333,20.60295455,13.13708333,1599.270572,188.3328298,97.18691732,21.48637839,508.7439119,330.9777298,508.7439119,330.9777298,896
WR_28_36,-50.10443626,-25.99048099,16.99180871,11.6763447,57.57114789,310.7575998,26.63295455,6.351363636,20.28159091,20.60295455,13.13708333,20.60295455,13.13708333,1599.854276,188.0497709,97.26873327,21.40525607,508.6178076,331.2184118,508.6178076,331.2184118,890
WR_28_37,-50.09354037,-25.97948565,16.99180871,11.6763447,57.57114789,310.7575998,26.63295455,6.351363636,20.28159091,20.60295455,13.13708333,20.60295455,13.13708333,1597.707884,188.142537,97.07980507,21.52386773,508.5810898,330.4422686,508.5810898,330.4422686,904
WR_28_38,-50.09958952,-25.98505259,16.99180871,11.6763447,57.57114789,310.7575998,26.63295455,6.351363636,20.28159091,20.60295455,13.13708333,20.60295455,13.13708333,1598.885342,188.1182748,97.1779291,21.46453696,508.640568,330.8504359,508.640568,330.8504359,879
WR_28_4,-50.10337997,-25.97652328,16.99180871,11.6763447,57.57114789,310.7575998,26.63295455,6.351363636,20.28159091,20.60295455,13.13708333,20.60295455,13.13708333,1599.178416,188.5604691,97.15336777,21.53415521,508.8501079,330.9246333,508.8501079,330.9246333,896
WR_28_42,-50.09672993,-26.00197022,17.21438447,11.68486742,57.25643596,315.6323659,26.96045455,6.5525,20.40795455,20.87920455,13.28977273,20.87920455,13.28977273,1599.06841,187.4049478,97.26323755,21.32873002,508.4213226,330.9113631,508.4213226,330.9113631,852
WR_28_9,-50.09132578,-25.98311467,16.99180871,11.6763447,57.57114789,310.7575998,26.63295455,6.351363636,20.28159091,20.60295455,13.13708333,20.60295455,13.13708333,1597.493474,187.9439584,97.08092008,21.49821911,508.5161595,330.360733,508.5161595,330.360733,875
WR_29_12,-50.16306321,-26.11432106,17.13258523,11.73691288,57.13984074,318.8156024,26.89977273,6.359090909,20.54068182,20.83757576,13.16,20.83757576,13.16,1602.646475,182.8399583,99.36491243,20.28712945,499.2876253,337.6784213,499.2876253,337.6784213,793
WR_29_15,-50.17828333,-26.11251291,17.26248106,11.75833333,56.89536985,322.3020533,27.11386364,6.447272727,20.66659091,20.99992424,13.24083333,20.99992424,13.24083333,1604.46006,183.0291437,99.61401435,20.26428588,499.4863078,338.3236436,499.4863078,338.3236436,776
WR_29_19,-50.15225322,-26.0949271,17.13258523,11.73691288,57.13984074,318.8156024,26.89977273,6.359090909,20.54068182,20.83757576,13.16,20.83757576,13.16,1603.03013,183.6631846,99.89614584,20.31926704,500.5702622,338.4614084,500.5702622,338.4614084,802
WR_29_2,-50.14972865,-26.09708378,17.13258523,11.73691288,57.13984074,318.8156024,26.89977273,6.359090909,20.54068182,20.83757576,13.16,20.83757576,13.16,1602.626625,183.5214088,99.78935505,20.32202043,500.4456842,338.2721255,500.4456842,338.2721255,813
WR_29_20,-50.14430112,-26.10405865,17.13258523,11.73691288,57.13984074,318.8156024,26.89977273,6.359090909,20.54068182,20.83757576,13.16,20.83757576,13.16,1601.568317,183.120099,99.47074199,20.32764555,500.0286066,337.7725804,500.0286066,337.7725804,829
WR_29_22,-50.16487799,-26.10855684,17.13258523,11.73691288,57.13984074,318.8156024,26.89977273,6.359090909,20.54068182,20.83757576,13.16,20.83757576,13.16,1603.243665,183.1564424,99.58552863,20.28691744,499.6443043,338.0565023,499.6443043,338.0565023,793
WR_29_23,-50.175689,-26.1083074,17.26248106,11.75833333,56.89536985,322.3020533,27.11386364,6.447272727,20.66659091,20.99992424,13.24083333,20.99992424,13.24083333,1604.361072,183.28373,99.73284063,20.26912885,499.6450438,338.3711453,499.6450438,338.3711453,778
WR_29_27,-50.14446775,-26.09886086,17.13258523,11.73691288,57.13984074,318.8156024,26.89977273,6.359090909,20.54068182,20.83757576,13.16,20.83757576,13.16,1601.987166,183.36061,99.66108729,20.33032373,500.3584941,338.0268771,500.3584941,338.0268771,813
WR_29_29,-50.14438021,-26.10031724,17.13258523,11.73691288,57.13984074,318.8156024,26.89977273,6.359090909,20.54068182,20.83757576,13.16,20.83757576,13.16,1601.865923,183.2925926,99.60726261,20.32958413,500.2662637,337.9543614,500.2662637,337.9543614,829
WR_29_5,-50.14443573,-26.10849881,17.13258523,11.73691288,57.13984074,318.8156024,26.89977273,6.359090909,20.54068182,20.83757576,13.16,20.83757576,13.16,1601.237401,182.918306,99.31171673,20.32532774,499.7454649,337.5628134,499.7454649,337.5628134,818
WR_29_6,-50.14332139,-26.1107719,17.13258523,11.73691288,57.13984074,318.8156024,26.89977273,6.359090909,20.54068182,20.83757576,13.16,20.83757576,13.16,1600.951044,182.8016826,99.21408185,20.32665898,499.6061273,337.4278344,499.6061273,337.4278344,818
WR_29_7,-50.17370786,-26.11009999,17.26248106,11.75833333,56.89536985,322.3020533,27.11386364,6.447272727,20.66659091,20.99992424,13.24083333,20.99992424,13.24083333,1604.004378,183.1767286,99.65412924,20.27024399,499.504614,338.1728106,499.504614,338.1728106,791
WR_29_9,-50.17363228,-26.11757542,17.26248106,11.75833333,56.89536985,322.3020533,27.11386364,6.447272727,20.66659091,20.99992424,13.24083333,20.99992424,13.24083333,1603.474466,182.7704529,99.40801672,20.26620517,499.0322155,337.6959154,499.0322155,337.6959154,770
WR_3_18,-50.24030665,-26.06347065,17.34680871,11.77782197,57.01537722,323.3823398,27.17,6.512727273,20.65727273,21.08647727,17.33958333,21.08647727,13.30435606,1616.232936,186.7734928,99.95505138,20.926117,510.0426791,340.1143969,510.0426791,340.4484229,783
WR_3_19,-50.23116276,-26.0601091,17.34680871,11.77782197,57.01537722,323.3823398,27.17,6.512727273,20.65727273,21.08647727,17.33958333,21.08647727,13.30435606,1614.851378,186.4658523,99.83353817,20.88466646,509.4983604,339.8437937,509.4983604,340.2056516,799
WR_3_2,-50.24437856,-26.04377411,17.34680871,11.77782197,57.01537722,323.3823398,27.17,6.512727273,20.65727273,21.08647727,13.30435606,21.08647727,13.30435606,1616.786667,188.4050501,99.93075537,21.37132162,514.4567397,339.3214295,514.4567397,339.3214295,781
WR_3_24,-50.24721757,-26.04548762,17.34680871,11.77782197,57.01537722,323.3823398,27.17,6.512727273,20.65727273,21.08647727,13.30435606,21.08647727,13.30435606,1617.262446,188.4721424,99.98942438,21.37122144,514.5572879,339.4731805,514.5572879,339.4731805,781
WR_3_25,-50.23790073,-26.05299751,17.34680871,11.77782197,57.01537722,323.3823398,27.17,6.512727273,20.65727273,21.08647727,17.33958333,21.08647727,13.30435606,1615.783766,187.3445005,99.86381546,21.10376518,511.7051871,339.6927526,511.7051871,339.7776314,777
WR_3_26,-50.23757654,-26.05524161,17.34680871,11.77782197,57.01537722,323.3823398,27.17,6.512727273,20.65727273,21.08647727,17.33958333,21.08647727,13.30435606,1615.75541,187.1727055,99.87391427,21.05525156,511.2401525,339.769666,511.2401525,339.9182045,777
WR_3_28,-50.24583381,-26.06225166,17.34680871,11.77782197,57.01537722,323.3823398,27.17,6.512727273,20.65727273,21.08647727,17.33958333,21.08647727,13.30435606,1617.031596,187.1773865,100.0053645,21.01480972,510.9734595,340.1612105,510.9734595,340.3832445,773
WR_3_30,-50.24537856,-26.06932728,17.34680871,11.77782197,57.01537722,323.3823398,27.17,6.512727273,20.65727273,21.08647727,17.33958333,21.08647727,13.30435606,1616.968906,186.6450425,100.0199725,20.87188635,509.4995959,340.4287448,509.4995959,340.7808462,774
WR_3_31,-50.24062287,-26.06782118,17.34680871,11.77782197,57.01537722,323.3823398,27.17,6.512727273,20.65727273,21.08647727,17.33958333,21.08647727,13.30435606,1616.306295,186.4911025,99.98038711,20.84597325,509.246814,340.2819124,509.246814,340.7146407,787
WR_3_32,-50.24218928,-26.07105065,17.34680871,11.77782197,57.01537722,323.3823398,27.17,6.512727273,20.65727273,21.08647727,17.33958333,21.08647727,13.30435606,1616.538619,186.3516229,100.0060654,20.80238899,508.8007171,340.43305,508.8007171,340.9008539,774
WR_3_4,-50.24575743,-26.03743026,17.3766572,11.74035985,57.0052454,322.2432808,27.15931818,6.564090909,20.59522727,21.09166667,13.34511364,21.09166667,13.34511364,1617.018743,188.9528354,99.94167657,21.52220986,515.9489088,338.9950803,515.9489088,338.9950803,765
WR_3_42,-50.24684368,-26.0492901,17.34680871,11.77782197,57.01537722,323.3823398,27.17,6.512727273,20.65727273,21.08647727,17.33958333,21.08647727,13.30435606,1617.195384,188.1724991,99.98998133,21.28789817,513.7284317,339.6675881,513.7284317,339.6745591,781
WR_3_46,-50.23725432,-26.06633376,17.34680871,11.77782197,57.01537722,323.3823398,27.17,6.512727273,20.65727273,21.08647727,17.33958333,21.08647727,13.30435606,1615.821924,186.4059387,99.94511158,20.83568209,509.1310549,340.1656688,509.1310549,340.6317456,783
WR_3_49,-50.22895109,-26.06163318,17.34680871,11.77782197,57.01537722,323.3823398,27.17,6.512727273,20.65727273,21.08647727,17.33958333,21.08647727,13.30435606,1614.554188,186.2392789,99.82521269,20.82989502,508.9493034,339.8592854,508.9493034,340.3082506,799
WR_3_5,-50.24731825,-26.03866536,17.3766572,11.74035985,57.0052454,322.2432808,27.15931818,6.564090909,20.59522727,21.09166667,13.34511364,21.09166667,13.34511364,1617.29179,188.9735077,99.97938591,21.51598356,515.9615088,339.1044263,515.9615088,339.1044263,765
WR_3_50,-50.23129756,-26.0558301,17.34680871,11.77782197,57.01537722,323.3823398,27.17,6.512727273,20.65727273,21.08647727,17.33958333,21.08647727,13.30435606,1614.795308,186.7488677,99.79304089,20.96919137,510.2681962,339.7000829,510.2681962,339.9038356,766
WR_3_6,-50.25008946,-26.04440815,17.34737689,11.81255682,57.0899375,323.9214283,27.19340909,6.502272727,20.69113636,21.08477273,13.29325758,21.08477273,13.29325758,1617.746342,188.7428851,100.0427967,21.42988034,515.2278793,339.4717241,515.2278793,339.4717241,770
WR_30_1,-50.26653588,-25.97673435,17.27956439,11.73693182,57.1449912,320.5721583,27.04681818,6.507954545,20.53886364,20.97954545,17.22935606,20.97954545,13.28007576,1619.927672,195.6751393,100.3301067,23.11251269,529.5833976,334.0505053,529.5833976,339.5724906,815
WR_30_2,-50.2606208,-25.98061923,17.27956439,11.73693182,57.1449912,320.5721583,27.04681818,6.507954545,20.53886364,20.97954545,17.22935606,20.97954545,13.28007576,1619.006079,194.7725601,100.2702697,22.89375635,527.4962798,334.4964446,527.4962798,339.3435074,815
WR_30_4,-50.25954528,-25.98131997,17.27956439,11.73693182,57.1449912,320.5721583,27.04681818,6.507954545,20.53886364,20.97954545,17.22935606,20.97954545,13.28007576,1618.83604,194.6109292,100.2575551,22.85532037,527.124748,334.5753321,527.124748,339.3011404,815
WR_30_5,-50.25969118,-25.98351232,17.27956439,11.73693182,57.1449912,320.5721583,27.04681818,6.507954545,20.53886364,20.97954545,17.22935606,20.97954545,13.28007576,1618.902455,194.4386611,100.2622134,22.81282595,526.8576651,334.7839883,526.8576651,339.2832192,815
WR_30_8,-50.28696281,-26.01746855,17.39463068,11.789375,57.18833374,323.9685551,27.19022727,6.575227273,20.615,21.12708333,17.36223485,21.12708333,13.34037879,1624.535698,192.9935542,100.8580476,22.31371508,525.576239,338.9423492,525.576239,339.8800456,779
WR_30_9,-50.25656359,-25.9810913,17.27956439,11.73693182,57.1449912,320.5721583,27.04681818,6.507954545,20.53886364,20.97954545,17.22935606,20.97954545,13.28007576,1618.323004,194.3475858,100.2191486,22.79459763,526.3975801,334.5854686,526.3975801,339.2059921,842
WR_31_1,-50.07486724,-26.05101382,17.13413826,11.68903409,57.24880063,315.8016239,26.87613636,6.458181818,20.41795455,20.8105303,13.2057197,20.8105303,13.2057197,1591.009546,184.4002852,97.44000775,20.94788691,503.9156667,329.9028277,503.9156667,329.9028277,828
WR_31_11,-50.04539932,-26.06709604,17.13413826,11.68903409,57.24880063,315.8016239,26.87613636,6.458181818,20.41795455,20.8105303,13.2057197,20.8105303,13.2057197,1574.929221,182.9787585,96.67492255,21.40616911,501.3449874,325.2041344,501.3449874,325.2041344,833
WR_31_13,-50.04217311,-26.0641258,17.13413826,11.68903409,57.24880063,315.8016239,26.87613636,6.458181818,20.41795455,20.8105303,13.2057197,20.8105303,13.2057197,1574.714293,183.2262744,96.51502643,21.49758526,502.0083925,324.7966981,502.0083925,324.7966981,830
WR_31_15,-50.05977208,-26.06345007,17.13413826,11.68903409,57.24880063,315.8016239,26.87613636,6.458181818,20.41795455,20.8105303,13.2057197,20.8105303,13.2057197,1582.164541,183.4475268,97.09384582,21.11959501,501.848374,327.6543387,501.848374,327.6543387,839
WR_31_18,-50.05535438,-26.05904823,17.13413826,11.68903409,57.24880063,315.8016239,26.87613636,6.458181818,20.41795455,20.8105303,13.2057197,20.8105303,13.2057197,1581.774884,183.7792835,96.87535412,21.25252489,502.8000434,327.0360904,502.8000434,327.0360904,809
WR_31_19,-50.05532185,-26.06257784,17.13413826,11.68903409,57.24880063,315.8016239,26.87613636,6.458181818,20.41795455,20.8105303,13.2057197,20.8105303,13.2057197,1580.627999,183.4816204,96.93050548,21.22266709,502.097924,326.9575149,502.097924,326.9575149,809
WR_31_2,-50.05915076,-26.06577625,17.13413826,11.68903409,57.24880063,315.8016239,26.87613636,6.458181818,20.41795455,20.8105303,13.2057197,20.8105303,13.2057197,1581.211442,183.2543485,97.10868916,21.11140945,501.4013631,327.5219848,501.4013631,327.5219848,839
WR_31_21,-50.05031308,-26.05585115,17.13413826,11.68903409,57.24880063,315.8016239,26.87613636,6.458181818,20.41795455,20.8105303,13.2057197,20.8105303,13.2057197,1580.950844,184.0401295,96.64920777,21.38284303,503.5463621,326.3613374,503.5463621,326.3613374,804
WR_31_24,-50.06001638,-26.04189985,17.13413826,11.68903409,57.24880063,315.8016239,26.87613636,6.458181818,20.41795455,20.8105303,13.2057197,20.8105303,13.2057197,1588.64311,185.1707486,96.77413271,21.32070499,506.0719411,327.9614548,506.0719411,327.9614548,791
WR_31_27,-50.05069079,-26.06611255,17.13413826,11.68903409,57.24880063,315.8016239,26.87613636,6.458181818,20.41795455,20.8105303,13.2057197,20.8105303,13.2057197,1577.534599,183.1310245,96.83324776,21.29472073,501.4654321,326.1176103,501.4654321,326.1176103,809
WR_31_28,-50.06326745,-26.06442196,17.13413826,11.68903409,57.24880063,315.8016239,26.87613636,6.458181818,20.41795455,20.8105303,13.2057197,20.8105303,13.2057197,1583.320985,183.4038557,97.22551914,21.03540667,501.600074,328.2095251,501.600074,328.2095251,839
WR_31_30,-50.04632255,-26.05743,17.13413826,11.68903409,57.24880063,315.8016239,26.87613636,6.458181818,20.41795455,20.8105303,13.2057197,20.8105303,13.2057197,1578.901391,183.886892,96.53788906,21.45314057,503.3100904,325.7161763,503.3100904,325.7161763,835
WR_31_31,-50.04591883,-26.06211666,17.13413826,11.68903409,57.24880063,315.8016239,26.87613636,6.458181818,20.41795455,20.8105303,13.2057197,20.8105303,13.2057197,1577.005119,183.4490117,96.60547051,21.42871692,502.3578971,325.478859,502.3578971,325.478859,830
WR_31_32,-50.04315449,-26.06252484,17.13413826,11.68903409,57.24880063,315.8016239,26.87613636,6.458181818,20.41795455,20.8105303,13.2057197,20.8105303,13.2057197,1575.73843,183.3889084,96.51935014,21.48608868,502.3229658,325.023906,502.3229658,325.023906,830
WR_31_33,-50.05899462,-26.05609684,17.13413826,11.68903409,57.24880063,315.8016239,26.87613636,6.458181818,20.41795455,20.8105303,13.2057197,20.8105303,13.2057197,1584.064313,184.0349726,96.95468975,21.20455184,503.308872,327.6343063,503.308872,327.6343063,822
WR_31_34,-50.05585985,-26.04167404,17.13413826,11.68903409,57.24880063,315.8016239,26.87613636,6.458181818,20.41795455,20.8105303,13.2057197,20.8105303,13.2057197,1587.502537,185.2373144,96.61715051,21.39711668,506.2435043,327.458856,506.2435043,327.458856,802
WR_31_35,-50.04851888,-26.0461158,17.13413826,11.68903409,57.24880063,315.8016239,26.87613636,6.458181818,20.41795455,20.8105303,13.2057197,20.8105303,13.2057197,1583.779123,184.9201376,96.42143914,21.49409576,505.565067,326.419394,505.565067,326.419394,812
WR_31_36,-50.037697,-26.03797156,17.37440341,11.63880682,57.27951457,315.8317791,27.065,6.745681818,20.31931818,21.04469697,13.44204545,21.04469697,13.44204545,1583.769368,185.8230043,95.87710246,21.74689018,507.5774456,325.4446858,507.5774456,325.4446858,796
WR_31_4,-50.06221635,-26.05858025,17.13413826,11.68903409,57.24880063,315.8016239,26.87613636,6.458181818,20.41795455,20.8105303,13.2057197,20.8105303,13.2057197,1584.545962,183.8479952,97.10347568,21.11515075,502.7553842,328.0883629,502.7553842,328.0883629,839
WR_31_40,-50.06270433,-26.05534211,17.13413826,11.68903409,57.24880063,315.8016239,26.87613636,6.458181818,20.41795455,20.8105303,13.2057197,20.8105303,13.2057197,1585.643741,184.1004757,97.07229942,21.13734858,503.3754204,328.1871326,503.3754204,328.1871326,822
WR_31_43,-50.03604924,-26.03452127,17.37440341,11.63880682,57.27951457,315.8317791,27.065,6.745681818,20.31931818,21.04469697,13.44204545,21.04469697,13.44204545,1584.792251,186.2015288,95.75002452,21.79611926,508.3600927,325.4465516,508.3600927,325.4465516,796
WR_31_45,-50.05334359,-26.06859121,17.13413826,11.68903409,57.24880063,315.8016239,26.87613636,6.458181818,20.41795455,20.8105303,13.2057197,20.8105303,13.2057197,1577.832706,182.947638,96.96150618,21.21567231,500.9280293,326.4960177,500.9280293,326.4960177,821
WR_31_46,-50.06988752,-26.04858328,17.13413826,11.68903409,57.24880063,315.8016239,26.87613636,6.458181818,20.41795455,20.8105303,13.2057197,20.8105303,13.2057197,1589.901129,184.5860531,97.22995124,21.0699603,504.5010391,329.2010279,504.5010391,329.2010279,783
WR_31_5,-50.06282083,-26.05032372,17.13413826,11.68903409,57.24880063,315.8016239,26.87613636,6.458181818,20.41795455,20.8105303,13.2057197,20.8105303,13.2057197,1587.095511,184.4881269,97.00216803,21.18534371,504.348588,328.2412785,504.348588,328.2412785,822
WR_31_53,-50.06289445,-26.04026087,17.25860795,11.65600379,57.20929498,315.1117472,26.95454545,6.580227273,20.37431818,20.9255303,13.33837121,20.9255303,13.33837121,1589.942286,185.2642019,96.85613986,21.2861149,506.3028232,328.3244823,506.3028232,328.3244823,778
WR_31_55,-50.0369655,-26.03840302,17.37440341,11.63880682,57.27951457,315.8317791,27.065,6.745681818,20.31931818,21.04469697,13.44204545,21.04469697,13.44204545,1583.390024,185.7902632,95.85776255,21.75712205,507.5106906,325.337391,507.5106906,325.337391,796
WR_31_59,-50.05409502,-26.04972602,17.13413826,11.68903409,57.24880063,315.8016239,26.87613636,6.458181818,20.41795455,20.8105303,13.2057197,20.8105303,13.2057197,1584.348631,184.5699058,96.68183821,21.3585224,504.6881954,327.0586241,504.6881954,327.0586241,802
WR_31_5a,-50.05845965,-26.04953755,17.13413826,11.68903409,57.24880063,315.8016239,26.87613636,6.458181818,20.41795455,20.8105303,13.2057197,20.8105303,13.2057197,1585.863947,184.5674142,96.83473353,21.27647432,504.6136109,327.6552658,504.6136109,327.6552658,791
WR_31_6a,-50.05537928,-26.04637512,17.13413826,11.68903409,57.24880063,315.8016239,26.87613636,6.458181818,20.41795455,20.8105303,13.2057197,20.8105303,13.2057197,1585.853522,184.8469274,96.67429642,21.36360161,505.3223776,327.302871,505.3223776,327.302871,802
WR_31_7,-50.05043589,-26.07431905,17.13413826,11.68903409,57.24880063,315.8016239,26.87613636,6.458181818,20.41795455,20.8105303,13.2057197,20.8105303,13.2057197,1574.572514,182.3985902,96.96180333,21.23803161,499.8104208,325.8323503,499.8104208,325.8323503,821
WR_31_8,-50.04605635,-26.07807788,17.13413826,11.68903409,57.24880063,315.8016239,26.87613636,6.458181818,20.41795455,20.8105303,13.2057197,20.8105303,13.2057197,1571.325185,181.924011,96.76434192,21.32658401,499.2020858,324.8743129,499.2020858,324.8743129,850
WR_32_1,-50.56674279,-26.6954594,15.44173295,11.58964015,56.36735273,319.5573891,25.27659091,4.715681818,20.56090909,19.19087121,11.46708333,19.19087121,11.46708333,1629.801925,185.1044689,99.81178758,18.67643339,472.8776631,345.4187476,472.8776631,345.4187476,1094
WR_32_10,-50.57632732,-26.68686733,15.44173295,11.58964015,56.36735273,319.5573891,25.27659091,4.715681818,20.56090909,19.19087121,11.46708333,19.19087121,11.46708333,1636.012619,185.8568882,100.5344711,18.59857015,473.5055382,346.7479708,473.5055382,346.7479708,1074
WR_32_14,-50.58010697,-26.68490543,15.44173295,11.58964015,56.36735273,319.5573891,25.27659091,4.715681818,20.56090909,19.19087121,11.46708333,19.19087121,11.46708333,1637.242969,185.9867816,100.7290443,18.56425758,473.5505002,347.1916375,473.5505002,347.1916375,1074
WR_32_15,-50.57947117,-26.6835105,15.44173295,11.58964015,56.36735273,319.5573891,25.27659091,4.715681818,20.56090909,19.19087121,11.46708333,19.19087121,11.46708333,1637.302603,185.9836607,100.7697911,18.57025607,473.5952851,347.1162625,473.5952851,347.1162625,1074
WR_32_16,-50.58168438,-26.6813252,15.44173295,11.58964015,56.36735273,319.5573891,25.27659091,4.715681818,20.56090909,19.19087121,11.46708333,19.19087121,11.46708333,1638.242107,186.0766902,100.9375418,18.54925449,473.6700916,347.3945833,473.6700916,347.3945833,1069
WR_32_17,-50.58692679,-26.68422134,15.53932765,11.62736742,56.28270571,320.6690227,25.44727273,4.788409091,20.65886364,19.29973485,11.54424242,19.29973485,11.54424242,1639.091824,186.196967,100.9700085,18.50085447,473.565276,348.0160436,473.565276,348.0160436,1037
WR_32_26,-50.56429721,-26.68536711,15.44173295,11.58964015,56.36735273,319.5573891,25.27659091,4.715681818,20.56090909,19.19087121,11.46708333,19.19087121,11.46708333,1629.595085,184.9844352,100.2084367,18.69436399,473.1423643,344.8322864,473.1423643,344.8322864,1086
WR_32_27,-50.56697728,-26.68114064,15.44173295,11.58964015,56.36735273,319.5573891,25.27659091,4.715681818,20.56090909,19.19087121,11.46708333,19.19087121,11.46708333,1631.690703,185.2279973,100.4937342,18.67436232,473.3928047,345.1942488,473.3928047,345.1942488,1073
WR_32_28,-50.56707966,-26.67821799,15.44173295,11.58964015,56.36735273,319.5573891,25.27659091,4.715681818,20.56090909,19.19087121,11.46708333,19.19087121,11.46708333,1632.110332,185.2577864,100.6335719,18.67500816,473.4984775,345.1591108,473.4984775,345.1591108,1073
WR_32_29,-50.57395091,-26.67671954,15.44173295,11.58964015,56.36735273,319.5573891,25.27659091,4.715681818,20.56090909,19.19087121,11.46708333,19.19087121,11.46708333,1636.43745,185.8259209,100.8715691,18.62582493,473.7365317,346.3428008,473.7365317,346.3428008,1073
WR_32_3,-50.56893172,-26.6917135,15.44173295,11.58964015,56.36735273,319.5573891,25.27659091,4.715681818,20.56090909,19.19087121,11.46708333,19.19087121,11.46708333,1631.525096,185.3024772,100.0722713,18.65745809,473.1113527,345.6876059,473.1113527,345.6876059,1094
WR_32_30,-50.57969837,-26.67711041,15.44173295,11.58964015,56.36735273,319.5573891,25.27659091,4.715681818,20.56090909,19.19087121,11.46708333,19.19087121,11.46708333,1638.37616,186.0624627,101.0537921,18.5699276,473.7969257,347.1494654,473.7969257,347.1494654,1069
WR_32_31,-50.58436545,-26.67941618,15.53932765,11.62736742,56.28270571,320.6690227,25.44727273,4.788409091,20.65886364,19.29973485,11.54424242,19.29973485,11.54424242,1639.309204,186.1855526,101.116382,18.52285391,473.7507675,347.7459445,473.7507675,347.7459445,1040
WR_32_33,-50.5811519,-26.68608409,15.44173295,11.58964015,56.36735273,319.5573891,25.27659091,4.715681818,20.56090909,19.19087121,11.46708333,19.19087121,11.46708333,1637.310771,186.0033889,100.7084834,18.55482805,473.5088651,347.3129899,473.5088651,347.3129899,1074
WR_32_42,-50.57166624,-26.68688848,15.44173295,11.58964015,56.36735273,319.5573891,25.27659091,4.715681818,20.56090909,19.19087121,11.46708333,19.19087121,11.46708333,1633.734833,185.555863,100.3825541,18.63623803,473.378186,346.0552851,473.378186,346.0552851,1103
WR_32_44,-50.56655884,-26.68778457,15.44173295,11.58964015,56.36735273,319.5573891,25.27659091,4.715681818,20.56090909,19.19087121,11.46708333,19.19087121,11.46708333,1630.631888,185.1461179,100.1673503,18.6762945,473.1421146,345.2476253,473.1421146,345.2476253,1086
WR_32_8,-50.56542987,-26.6877141,15.44173295,11.58964015,56.36735273,319.5573891,25.27659091,4.715681818,20.56090909,19.19087121,11.46708333,19.19087121,11.46708333,1629.980259,185.057694,100.1316279,18.68532395,473.0983256,345.06542,473.0983256,345.06542,1086
WR_32_9,-50.56901762,-26.68492996,15.44173295,11.58964015,56.36735273,319.5573891,25.27659091,4.715681818,20.56090909,19.19087121,11.46708333,19.19087121,11.46708333,1632.428928,185.3620124,100.3811854,18.65734512,473.336081,345.5980602,473.336081,345.5980602,1103
WR_33_10,-50.35818187,-26.46337979,16.93464015,11.78776515,56.26374063,328.7974418,26.89363636,5.942727273,20.95090909,20.74193182,12.8005303,20.74193182,12.8005303,1610.924843,182.5050208,98.4393086,20.99092542,491.5707582,331.6372533,491.5707582,331.6372533,814
WR_33_11,-50.35990685,-26.46527153,16.93464015,11.78776515,56.26374063,328.7974418,26.89363636,5.942727273,20.95090909,20.74193182,12.8005303,20.74193182,12.8005303,1610.788481,182.5252962,98.34651515,21.00485717,491.5492206,331.6424247,491.5492206,331.6424247,801
WR_33_13,-50.38407693,-26.45007325,16.95055871,11.84801136,56.54700567,328.1233798,26.93704545,5.984545455,20.9525,20.75772727,12.83026515,20.75772727,12.83026515,1611.479421,183.0878203,98.86879885,20.95071659,490.3778926,331.8302514,490.3778926,331.8302514,804
WR_33_18,-50.35816877,-26.47331746,16.93464015,11.78776515,56.26374063,328.7974418,26.89363636,5.942727273,20.95090909,20.74193182,12.8005303,20.74193182,12.8005303,1610.685546,182.5359201,98.05432368,21.02925781,491.568979,331.6555434,491.568979,331.6555434,812
WR_33_19,-50.34350227,-26.46600332,16.93464015,11.78776515,56.26374063,328.7974418,26.89363636,5.942727273,20.95090909,20.74193182,12.8005303,20.74193182,12.8005303,1611.629437,182.3919409,98.50399224,20.94883021,491.744094,331.6315123,491.744094,331.6315123,819
WR_33_2,-50.36281264,-26.44780638,16.9584375,11.81979167,56.4404833,328.5719869,26.93204545,5.99,20.94204545,20.77170455,12.83462121,20.77170455,12.83462121,1611.028872,182.5030487,98.99508764,20.94697915,491.4685579,331.6422125,491.4685579,331.6422125,809
WR_33_22,-50.35125108,-26.46682779,16.93464015,11.78776515,56.26374063,328.7974418,26.89363636,5.942727273,20.95090909,20.74193182,12.8005303,20.74193182,12.8005303,1611.202146,182.4590893,98.38454349,20.97821308,491.6487679,331.6406548,491.6487679,331.6406548,812
WR_33_23,-50.33885036,-26.45849148,16.93464015,11.78776515,56.26374063,328.7974418,26.89363636,5.942727273,20.95090909,20.74193182,12.8005303,20.74193182,12.8005303,1612.105431,182.315689,98.83972935,20.91084336,491.8872913,331.5622279,491.8872913,331.5622279,831
WR_33_3,-50.35813524,-26.44889683,16.9584375,11.81979167,56.4404833,328.5719869,26.93204545,5.99,20.94204545,20.77170455,12.83462121,20.77170455,12.83462121,1611.277261,182.4593807,99.00108594,20.93586337,491.5745222,331.6103143,491.5745222,331.6103143,807
WR_33_4,-50.35368893,-26.44939111,16.9584375,11.81979167,56.4404833,328.5719869,26.93204545,5.99,20.94204545,20.77170455,12.83462121,20.77170455,12.83462121,1611.523993,182.4168745,99.02819672,20.92380067,491.6711623,331.5815156,491.6711623,331.5815156,807
WR_33_7,-50.34273328,-26.44996265,16.9584375,11.81979167,56.4404833,328.5719869,26.93204545,5.99,20.94204545,20.77170455,12.83462121,20.77170455,12.83462121,1612.144447,182.310993,99.12053699,20.89467147,491.9041673,331.5125175,491.9041673,331.5125175,823
WR_33_8,-50.34530536,-26.45259564,16.9584375,11.81979167,56.4404833,328.5719869,26.93204545,5.99,20.94204545,20.77170455,12.83462121,20.77170455,12.83462121,1611.919787,182.3479025,98.99354139,20.91019206,491.8283415,331.5461897,491.8283415,331.5461897,835
WR_33_9,-50.34821627,-26.45464541,16.9584375,11.81979167,56.4404833,328.5719869,26.93204545,5.99,20.94204545,20.77170455,12.83462121,20.77170455,12.83462121,1611.697027,182.3842352,98.88443212,20.92556144,491.7579898,331.5733956,491.7579898,331.5733956,835
WR_34_1,-50.50375022,-26.64139629,15.55817235,11.65816288,56.4901896,319.8678451,25.48977273,4.852272727,20.6375,19.30901515,11.57693182,19.30901515,11.57693182,1605.136558,181.7384714,98.97220366,19.14868205,471.7415636,337.4680222,471.7415636,337.4680222,1031
WR_34_11,-50.53722291,-26.62525866,15.55817235,11.65816288,56.4901896,319.8678451,25.48977273,4.852272727,20.6375,19.30901515,11.57693182,19.30901515,11.57693182,1616.095777,182.9664147,100.2302723,19.23642386,475.371046,338.2192933,475.371046,338.2192933,1049
WR_34_13,-50.53111667,-26.62292428,15.65446023,11.70710227,56.5622598,320.1386465,25.58340909,4.885681818,20.69772727,19.40897727,11.66700758,19.40897727,11.66700758,1615.010279,182.9084656,100.1515112,19.29098716,475.5608116,337.739699,475.5608116,337.739699,1009
WR_34_14,-50.54383121,-26.62826448,15.51875,11.65462121,56.44629858,319.4396834,25.45204545,4.804772727,20.64727273,19.26662879,11.54397727,19.26662879,11.54397727,1617.443507,183.0771689,100.3402519,19.1733575,475.1753152,338.7526226,475.1753152,338.7526226,1029
WR_34_18,-50.53566963,-26.6279244,15.55817235,11.65816288,56.4901896,319.8678451,25.48977273,4.852272727,20.6375,19.30901515,11.57693182,19.30901515,11.57693182,1615.669559,182.933227,100.1958258,19.22942993,475.2478557,338.2000916,475.2478557,338.2000916,1049
WR_34_2,-50.51774359,-26.64191166,15.55817235,11.65816288,56.4901896,319.8678451,25.48977273,4.852272727,20.6375,19.30901515,11.57693182,19.30901515,11.57693182,1609.293858,182.2257207,99.61663247,19.19417612,473.5538522,337.5049181,473.5538522,337.5049181,1038
WR_34_20,-50.51541431,-26.64740733,15.55817235,11.65816288,56.4901896,319.8678451,25.48977273,4.852272727,20.6375,19.30901515,11.57693182,19.30901515,11.57693182,1607.964069,182.0463397,99.48630694,19.15750077,472.9778674,337.5107268,472.9778674,337.5107268,1044
WR_34_21,-50.54470739,-26.64129411,15.51875,11.65462121,56.44629858,319.4396834,25.45204545,4.804772727,20.64727273,19.26662879,11.54397727,19.26662879,11.54397727,1618.002464,183.1950872,100.3329001,19.07883875,474.5801582,339.4501637,474.5801582,339.4501637,1052
WR_34_22,-50.52647798,-26.65264046,15.55817235,11.65816288,56.4901896,319.8678451,25.48977273,4.852272727,20.6375,19.30901515,11.57693182,19.30901515,11.57693182,1610.649252,182.3545106,99.94051677,19.14621691,473.8899147,337.7274568,473.8899147,337.7274568,1059
WR_34_24,-50.5270595,-26.6274909,15.55817235,11.65816288,56.4901896,319.8678451,25.48977273,4.852272727,20.6375,19.30901515,11.57693182,19.30901515,11.57693182,1613.856684,182.7907718,100.0443818,19.29030977,475.3327177,337.6311271,475.3327177,337.6311271,1038
WR_34_25,-50.52923132,-26.64436678,15.55817235,11.65816288,56.4901896,319.8678451,25.48977273,4.852272727,20.6375,19.30901515,11.57693182,19.30901515,11.57693182,1612.634162,182.6042338,100.0250935,19.17337913,474.3773226,337.9730067,474.3773226,337.9730067,1046
WR_34_26,-50.51769283,-26.65376304,15.55817235,11.65816288,56.4901896,319.8678451,25.48977273,4.852272727,20.6375,19.30901515,11.57693182,19.30901515,11.57693182,1607.862966,182.0111758,99.56608117,19.13105064,472.936722,337.5290744,472.936722,337.5290744,1082
WR_34_29,-50.51689158,-26.6400258,15.55817235,11.65816288,56.4901896,319.8678451,25.48977273,4.852272727,20.6375,19.30901515,11.57693182,19.30901515,11.57693182,1609.259988,182.2291939,99.58496613,19.20113055,473.5380031,337.4988313,473.5380031,337.4988313,1020
WR_34_3,-50.49724001,-26.6441271,15.53702652,11.60382576,56.32552273,319.9350986,25.43227273,4.830909091,20.60136364,19.29367424,11.55723485,19.29367424,11.55723485,1602.965329,181.4662711,98.6588691,19.11621237,470.7991026,337.4590321,470.7991026,337.4590321,1043
WR_34_33,-50.54031629,-26.63949866,15.55817235,11.65816288,56.4901896,319.8678451,25.48977273,4.852272727,20.6375,19.30901515,11.57693182,19.30901515,11.57693182,1616.580991,183.0355929,100.2525602,19.1220632,474.6576692,338.9514711,474.6576692,338.9514711,1073
WR_34_35,-50.53692326,-26.63257002,15.55817235,11.65816288,56.4901896,319.8678451,25.48977273,4.852272727,20.6375,19.30901515,11.57693182,19.30901515,11.57693182,1615.772659,182.942247,100.2060374,19.19102275,475.0045891,338.4236648,475.0045891,338.4236648,1049
WR_34_36,-50.52100618,-26.63275178,15.55817235,11.65816288,56.4901896,319.8678451,25.48977273,4.852272727,20.6375,19.30901515,11.57693182,19.30901515,11.57693182,1611.432095,182.5099236,99.80388918,19.25675518,474.4819971,337.4955763,474.4819971,337.4955763,1016
WR_34_38,-50.54187671,-26.62313417,15.86369318,11.74890152,56.45117845,322.2647475,25.81227273,4.999772727,20.8125,19.63102273,11.83920455,19.63102273,11.83920455,1617.066969,183.0687093,100.3395883,19.22102468,475.4490984,338.3817971,475.4490984,338.3817971,1020
WR_34_4,-50.49413364,-26.64720478,15.53702652,11.60382576,56.32552273,319.9350986,25.43227273,4.830909091,20.60136364,19.29367424,11.55723485,19.29367424,11.55723485,1601.831898,181.312133,98.50073959,19.0947037,470.3102432,337.4604109,470.3102432,337.4604109,1043
WR_34_40,-50.53184691,-26.63819802,15.55817235,11.65816288,56.4901896,319.8678451,25.48977273,4.852272727,20.6375,19.30901515,11.57693182,19.30901515,11.57693182,1614.038522,182.7677099,100.0955908,19.19141465,474.7206792,338.1358242,474.7206792,338.1358242,1048
WR_34_41,-50.52295656,-26.63620811,15.55817235,11.65816288,56.4901896,319.8678451,25.48977273,4.852272727,20.6375,19.30901515,11.57693182,19.30901515,11.57693182,1611.604454,182.5168938,99.87997679,19.24527928,474.558972,337.5076045,474.558972,337.5076045,1020
WR_34_42,-50.52799956,-26.61849046,15.65446023,11.70710227,56.5622598,320.1386465,25.58340909,4.885681818,20.69772727,19.40897727,11.66700758,19.40897727,11.66700758,1614.586279,182.8973879,100.1521386,19.33813328,475.8525428,337.3167226,475.8525428,337.3167226,1009
WR_34_46,-50.53405851,-26.61957993,15.65446023,11.70710227,56.5622598,320.1386465,25.58340909,4.885681818,20.69772727,19.40897727,11.66700758,19.40897727,11.66700758,1615.701438,182.9998873,100.2490067,19.29366137,475.7287564,337.7295674,475.7287564,337.7295674,1015
WR_34_48,-50.51105882,-26.63939212,15.55817235,11.65816288,56.4901896,319.8678451,25.48977273,4.852272727,20.6375,19.30901515,11.57693182,19.30901515,11.57693182,1607.551424,182.0319086,99.31837216,19.18330837,472.7924358,337.4821374,472.7924358,337.4821374,1024
WR_34_49,-50.53202074,-26.6264126,15.55817235,11.65816288,56.4901896,319.8678451,25.48977273,4.852272727,20.6375,19.30901515,11.57693182,19.30901515,11.57693182,1614.9957,182.8841194,100.1356971,19.26336229,475.3546454,337.9320495,475.3546454,337.9320495,1038
WR_34_51,-50.53845776,-26.64361571,15.55817235,11.65816288,56.4901896,319.8678451,25.48977273,4.852272727,20.6375,19.30901515,11.57693182,19.30901515,11.57693182,1615.903855,182.9713599,100.2072,19.10866158,474.4525423,338.9179333,474.4525423,338.9179333,1084
WR_34_53,-50.5210049,-26.64804053,15.55817235,11.65816288,56.4901896,319.8678451,25.48977273,4.852272727,20.6375,19.30901515,11.57693182,19.30901515,11.57693182,1609.498692,182.2283411,99.74295029,19.17193279,473.6455739,337.5250083,473.6455739,337.5250083,1038
WR_34_54,-50.51831838,-26.65879291,15.55817235,11.65816288,56.4901896,319.8678451,25.48977273,4.852272727,20.6375,19.30901515,11.57693182,19.30901515,11.57693182,1607.427806,181.9415564,99.57480481,19.10604941,472.7493629,337.5405767,472.7493629,337.5405767,1093
WR_34_57,-50.53722175,-26.6227546,15.65446023,11.70710227,56.5622598,320.1386465,25.58340909,4.885681818,20.69772727,19.40897727,11.66700758,19.40897727,11.66700758,1616.187835,183.0047514,100.2623454,19.2529596,475.5140611,338.0881641,475.5140611,338.0881641,1015
WR_34_61,-50.53407868,-26.64373156,15.55817235,11.65816288,56.4901896,319.8678451,25.48977273,4.852272727,20.6375,19.30901515,11.57693182,19.30901515,11.57693182,1614.380652,182.8010568,100.1216524,19.14049679,474.430618,338.4679258,474.430618,338.4679258,1084
WR_34_67,-50.51339171,-26.65011507,15.55817235,11.65816288,56.4901896,319.8678451,25.48977273,4.852272727,20.6375,19.30901515,11.57693182,19.30901515,11.57693182,1607.081014,181.9292972,99.38123042,19.13748127,472.5954894,337.511985,472.5954894,337.511985,1058
WR_34_68,-50.52935571,-26.63060356,15.55817235,11.65816288,56.4901896,319.8678451,25.48977273,4.852272727,20.6375,19.30901515,11.57693182,19.30901515,11.57693182,1614.037974,182.7886808,100.0744689,19.25570496,475.1429773,337.8177656,475.1429773,337.8177656,1038
WR_34_71,-50.53043167,-26.638571,15.55817235,11.65816288,56.4901896,319.8678451,25.48977273,4.852272727,20.6375,19.30901515,11.57693182,19.30901515,11.57693182,1613.578363,182.7190356,100.0676466,19.19947545,474.7002707,338.0134262,474.7002707,338.0134262,1048
WR_34_8,-50.50753847,-26.63993578,15.55817235,11.65816288,56.4901896,319.8678451,25.48977273,4.852272727,20.6375,19.30901515,11.57693182,19.30901515,11.57693182,1606.421884,181.8970276,99.15355258,19.16827669,472.3003477,337.4741775,472.3003477,337.4741775,1031
WR_34_83,-50.52515864,-26.63058392,15.55817235,11.65816288,56.4901896,319.8678451,25.48977273,4.852272727,20.6375,19.30901515,11.57693182,19.30901515,11.57693182,1613.039007,182.7008879,99.99874152,19.28520739,475.1658206,337.5148215,475.1658206,337.5148215,1038
WR_34_86,-50.53932718,-26.63802677,15.55817235,11.65816288,56.4901896,319.8678451,25.48977273,4.852272727,20.6375,19.30901515,11.57693182,19.30901515,11.57693182,1616.296241,183.002063,100.2371947,19.13875546,474.7287521,338.8057682,474.7287521,338.8057682,1073
WR_34_9,-50.52871879,-26.63810088,15.55817235,11.65816288,56.4901896,319.8678451,25.48977273,4.852272727,20.6375,19.30901515,11.57693182,19.30901515,11.57693182,1613.105663,182.6710207,100.03688,19.21491565,474.7262442,337.8520365,474.7262442,337.8520365,1048
WR_34_90,-50.53172189,-26.65160333,15.55817235,11.65816288,56.4901896,319.8678451,25.48977273,4.852272727,20.6375,19.30901515,11.57693182,19.30901515,11.57693182,1612.938564,182.6321261,100.0509139,19.11004544,473.9968661,338.3645679,473.9968661,338.3645679,1059
WR_35_2,-50.24734056,-26.11842662,17.19631629,11.78323864,56.900743,323.4793376,27.07386364,6.365454545,20.70840909,20.94704545,13.15859848,20.94704545,13.15859848,1615.112934,183.9236894,99.27579352,20.51087633,503.699998,341.0203314,503.699998,341.0203314,806
WR_35_21,-50.2458037,-26.1042385,17.19631629,11.78323864,56.900743,323.4793376,27.07386364,6.365454545,20.70840909,20.94704545,13.15859848,20.94704545,13.15859848,1615.551263,184.606975,99.55365554,20.57637317,505.1007779,341.108228,505.1007779,341.108228,813
WR_35_24,-50.24418085,-26.10868736,17.19631629,11.78323864,56.900743,323.4793376,27.07386364,6.365454545,20.70840909,20.94704545,13.15859848,20.94704545,13.15859848,1615.051507,184.2387692,99.51414671,20.52948085,504.3924032,341.1912826,504.3924032,341.1912826,821
WR_35_26a,-50.24174717,-26.11889739,17.19631629,11.78323864,56.900743,323.4793376,27.07386364,6.365454545,20.70840909,20.94704545,13.15859848,20.94704545,13.15859848,1614.075244,183.4612519,99.42691445,20.43866988,502.902462,341.3650247,502.902462,341.3650247,806
WR_35_8,-50.24288486,-26.11395087,17.19631629,11.78323864,56.900743,323.4793376,27.07386364,6.365454545,20.70840909,20.94704545,13.15859848,20.94704545,13.15859848,1614.548172,183.8386079,99.46563173,20.48194015,503.6230336,341.2760286,503.6230336,341.2760286,821
WR_36_1,-50.58583161,-26.03472839,17.51589962,11.98589015,56.77581245,333.2959363,27.48886364,6.377954545,21.11090909,21.33344697,13.32121212,21.33344697,13.32121212,1661.812169,184.9036307,97.03247685,20.34409826,499.8160296,327.5285306,499.8160296,327.5285306,758
WR_36_10,-50.5741135,-26.01104931,17.55589962,11.97323864,56.64575336,332.7900975,27.52681818,6.389772727,21.13704545,21.37666667,13.37363636,21.37666667,13.37363636,1651.856435,184.6886293,97.20049547,20.47771385,495.6331874,323.1075374,495.6331874,323.1075374,759
WR_36_11,-50.55668955,-26.03593968,17.55589962,11.97323864,56.64575336,332.7900975,27.52681818,6.389772727,21.13704545,21.37666667,13.37363636,21.37666667,13.37363636,1657.96263,184.4620222,97.67747291,20.1669187,502.0392239,331.3580394,502.0392239,331.3580394,766
WR_36_12,-50.56459969,-26.03122202,17.55589962,11.97323864,56.64575336,332.7900975,27.52681818,6.389772727,21.13704545,21.37666667,13.37363636,21.37666667,13.37363636,1658.133103,183.5687546,97.46871893,20.19572123,500.4537655,329.5476792,500.4537655,329.5476792,791
WR_36_13,-50.56595253,-26.02774267,17.55589962,11.97323864,56.64575336,332.7900975,27.52681818,6.389772727,21.13704545,21.37666667,13.37363636,21.37666667,13.37363636,1657.532775,183.3652276,97.38217879,20.20977178,499.6809703,328.7196194,499.6809703,328.7196194,791
WR_36_14,-50.56876767,-26.03864056,17.55589962,11.97323864,56.64575336,332.7900975,27.52681818,6.389772727,21.13704545,21.37666667,13.37363636,21.37666667,13.37363636,1660.620882,184.0618679,97.56910873,20.18567583,501.4588564,330.5069603,501.4588564,330.5069603,759
WR_36_15,-50.56218236,-26.03267144,17.55589962,11.97323864,56.64575336,332.7900975,27.52681818,6.389772727,21.13704545,21.37666667,13.37363636,21.37666667,13.37363636,1658.065661,183.8477974,97.5268646,20.18634409,500.9446295,330.1045707,500.9446295,330.1045707,791
WR_36_16,-50.56436438,-26.02968124,17.55589962,11.97323864,56.64575336,332.7900975,27.52681818,6.389772727,21.13704545,21.37666667,13.37363636,21.37666667,13.37363636,1657.713634,183.434015,97.43672674,20.20004229,500.1906405,329.2777229,500.1906405,329.2777229,791
WR_36_2,-50.57990127,-26.02459001,17.55589962,11.97323864,56.64575336,332.7900975,27.52681818,6.389772727,21.13704545,21.37666667,13.37363636,21.37666667,13.37363636,1658.779842,184.7765383,97.10353102,20.31711324,497.9507769,326.2130225,497.9507769,326.2130225,766
WR_36_36,-50.57628765,-26.0394479,17.55589962,11.97323864,56.64575336,332.7900975,27.52681818,6.389772727,21.13704545,21.37666667,13.37363636,21.37666667,13.37363636,1661.943851,183.9269802,97.4395937,20.21673722,501.0352503,329.7943275,501.0352503,329.7943275,765
WR_36_37,-50.58066411,-26.03331327,17.55589962,11.97323864,56.64575336,332.7900975,27.52681818,6.389772727,21.13704545,21.37666667,13.37363636,21.37666667,13.37363636,1660.98001,184.5159899,97.1965795,20.28634373,499.6913759,327.9530463,499.6913759,327.9530463,779
WR_36_4,-50.57848304,-26.04416326,17.51847538,12.02956439,56.68853308,333.2221793,27.55613636,6.335681818,21.22045455,21.34276515,13.32689394,21.34276515,13.32689394,1663.256605,184.2480803,97.42728836,20.22956812,501.9262077,330.4713385,501.9262077,330.4713385,759
WR_36_5,-50.56752296,-26.02373423,17.55589962,11.97323864,56.64575336,332.7900975,27.52681818,6.389772727,21.13704545,21.37666667,13.37363636,21.37666667,13.37363636,1656.61267,183.6259178,97.31121079,20.24140277,498.7961152,327.6656065,498.7961152,327.6656065,775
WR_36_6,-50.57039162,-26.03220346,17.55589962,11.97323864,56.64575336,332.7900975,27.52681818,6.389772727,21.13704545,21.37666667,13.37363636,21.37666667,13.37363636,1659.390072,183.6463621,97.42974362,20.20692927,500.1005306,329.0716523,500.1005306,329.0716523,780
WR_36_7,-50.58232456,-26.04068062,17.55589962,11.97323864,56.64575336,332.7900975,27.52681818,6.389772727,21.13704545,21.37666667,13.37363636,21.37666667,13.37363636,1662.878373,184.3672448,97.23951791,20.28043065,501.1601878,329.2789731,501.1601878,329.2789731,765
WR_36_8,-50.56830558,-26.02616081,17.55589962,11.97323864,56.64575336,332.7900975,27.52681818,6.389772727,21.13704545,21.37666667,13.37363636,21.37666667,13.37363636,1657.594683,183.6287983,97.33466523,20.22056526,499.1606279,328.139786,499.1606279,328.139786,780
WR_36_9,-50.56792552,-26.00890823,17.55589962,11.97323864,56.64575336,332.7900975,27.52681818,6.389772727,21.13704545,21.37666667,13.37363636,21.37666667,13.37363636,1650.128935,184.1222778,97.24810541,20.47613726,496.1274611,323.6039441,496.1274611,323.6039441,759
WR_37_10,-51.00300832,-26.29314705,17.52464015,11.77412879,56.31105072,340.0166078,27.66181818,6.752727273,20.90909091,19.56106061,13.18965909,21.40723485,13.18965909,1711.077412,193.7978497,101.9798605,18.39102771,503.3766399,353.0266722,489.8830784,353.0266722,757
WR_37_109,-51.01742342,-26.3007164,17.52464015,11.77412879,56.31105072,340.0166078,27.66181818,6.752727273,20.90909091,19.56106061,13.18965909,21.40723485,13.18965909,1709.323699,193.2853026,101.7969619,18.37298795,503.4700065,352.100738,488.4407882,352.100738,759
WR_37_11,-51.00922278,-26.29380968,17.52464015,11.77412879,56.31105072,340.0166078,27.66181818,6.752727273,20.90909091,19.56106061,13.18965909,21.40723485,13.18965909,1711.670197,193.7680745,101.9319992,18.43139377,504.3012691,352.91002,489.4577683,352.91002,756
WR_37_110,-51.01412543,-26.31137899,17.52464015,11.77412879,56.31105072,340.0166078,27.66181818,6.752727273,20.90909091,19.56106061,13.18965909,21.40723485,13.18965909,1703.3388,192.520535,101.6706001,18.18957081,499.5117148,350.9230564,487.743994,350.9230564,761
WR_37_112,-51.00959649,-26.316969,17.52464015,11.77412879,56.31105072,340.0166078,27.66181818,6.752727273,20.90909091,19.56106061,13.18965909,21.40723485,13.18965909,1699.827423,192.144249,101.5990149,18.12124076,497.2347122,350.2768359,487.4449296,350.2768359,757
WR_37_113,-51.00447773,-26.31765405,17.52464015,11.77412879,56.31105072,340.0166078,27.66181818,6.752727273,20.90909091,19.56106061,13.18965909,21.40723485,13.18965909,1698.768668,192.1250302,101.5908899,18.11683989,496.5000536,350.1702858,487.5574257,350.1702858,792
WR_37_114,-51.00452688,-26.32144966,17.52464015,11.77412879,56.31105072,340.0166078,27.66181818,6.752727273,20.90909091,19.56106061,13.18965909,21.40723485,13.18965909,1696.83483,191.8649971,101.5320792,18.08962549,495.3981365,349.7297726,487.2092619,349.7297726,792
WR_37_12,-51.01823248,-26.30442461,17.52464015,11.77412879,56.31105072,340.0166078,27.66181818,6.752727273,20.90909091,19.56106061,13.18965909,21.40723485,13.18965909,1707.521189,193.0143825,101.7481128,18.3117544,502.3513539,351.6931967,488.1141591,351.6931967,759
WR_37_121,-51.00857003,-26.3281154,17.52464015,11.77412879,56.31105072,340.0166078,27.66181818,6.752727273,20.90909091,19.56106061,13.18965909,21.40723485,13.18965909,1694.716641,191.5574387,101.6448858,18.02351416,494.2389643,349.3942414,486.651846,349.3942414,757
WR_37_13,-50.99157303,-26.33949995,16.78421402,11.87929924,56.88576539,330.5741698,26.80159091,5.918863636,20.88272727,18.72856061,12.59132576,20.58049242,12.59132576,1687.984655,191.1457606,102.3540015,17.91021325,490.9801177,349.3593189,485.8181141,349.3593189,990
WR_37_131,-51.00075979,-26.3139325,17.52464015,11.77412879,56.31105072,340.0166078,27.66181818,6.752727273,20.90909091,19.56106061,13.18965909,21.40723485,13.18965909,1700.151152,192.3959123,101.6530857,18.1477427,497.1597477,350.5886147,488.0363976,350.5886147,782
WR_37_136,-50.97733224,-26.32628885,17.25674242,11.87685606,56.33331896,337.7179646,27.36818182,6.285,21.08318182,19.28087121,12.94935606,21.10935606,12.94935606,1690.791646,191.7589807,101.5282412,18.15439388,491.992913,349.0776635,487.4017281,349.0776635,847
WR_37_15,-50.9874271,-26.31528247,17.25674242,11.87685606,56.33331896,337.7179646,27.36818182,6.285,21.08318182,19.28087121,12.94935606,21.10935606,12.94935606,1697.606908,192.3696494,101.6428222,18.15707259,495.3163608,350.3702722,488.3874415,350.3702722,796
WR_37_16,-50.98636532,-26.30993921,17.25674242,11.87685606,56.33331896,337.7179646,27.36818182,6.285,21.08318182,19.28087121,12.94935606,21.10935606,12.94935606,1700.143163,192.7075435,101.7496814,18.1831718,496.444282,351.0346039,489.015404,351.0346039,796
WR_37_160,-50.97735271,-26.32147711,17.25674242,11.87685606,56.33331896,337.7179646,27.36818182,6.285,21.08318182,19.28087121,12.94935606,21.10935606,12.94935606,1693.119802,192.0514541,101.5156771,18.17970563,492.9459671,349.5221268,488.0074646,349.5221268,791
WR_37_17,-51.00796916,-26.30835878,17.52464015,11.77412879,56.31105072,340.0166078,27.66181818,6.752727273,20.90909091,19.56106061,13.18965909,21.40723485,13.18965909,1704.019019,192.7523385,101.7261124,18.21128524,499.6714902,351.2533583,488.2555137,351.2533583,782
WR_37_172,-50.96592995,-26.32617639,17.25674242,11.87685606,56.33331896,337.7179646,27.36818182,6.285,21.08318182,19.28087121,12.94935606,21.10935606,12.94935606,1685.376391,191.2856179,101.3852831,18.22541544,489.8001708,347.9057938,486.9708925,347.9057938,833
WR_37_177,-50.99561324,-26.33501546,16.78421402,11.87929924,56.88576539,330.5741698,26.80159091,5.918863636,20.88272727,18.72856061,12.59132576,20.58049242,12.59132576,1690.387178,191.3640378,102.0596593,17.961916,492.0800159,349.350091,486.2785882,349.350091,919
WR_37_18,-50.99062289,-26.30799692,17.25674242,11.87685606,56.33331896,337.7179646,27.36818182,6.285,21.08318182,19.28087121,12.94935606,21.10935606,12.94935606,1701.726976,192.8184579,101.7769955,18.19164932,497.4651531,351.2811414,489.0440338,351.2811414,770
WR_37_19,-50.97992859,-26.3162433,17.25674242,11.87685606,56.33331896,337.7179646,27.36818182,6.285,21.08318182,19.28087121,12.94935606,21.10935606,12.94935606,1696.083152,192.3481273,101.6289721,18.17662786,494.2879609,350.213677,488.5446438,350.213677,780
WR_37_2,-51.00320953,-26.2874855,17.68725379,11.75200758,56.13752248,343.0790921,27.78954545,6.855227273,20.93431818,19.77431818,13.29738636,21.58625,13.29738636,1713.998595,194.1833126,102.0680966,18.4813952,505.0401809,353.6865479,490.3958648,353.6865479,756
WR_37_20,-51.01525758,-26.30670315,17.52464015,11.77412879,56.31105072,340.0166078,27.66181818,6.752727273,20.90909091,19.56106061,13.18965909,21.40723485,13.18965909,1705.914012,192.8535742,101.7290006,18.25942785,501.1763027,351.4437874,488.0727854,351.4437874,761
WR_37_21,-51.00642517,-26.30010693,17.52464015,11.77412879,56.31105072,340.0166078,27.66181818,6.752727273,20.90909091,19.56106061,13.18965909,21.40723485,13.18965909,1708.025491,193.326206,101.8541222,18.31272879,501.9243377,352.2023339,489.0591794,352.2023339,769
WR_37_22,-51.00793717,-26.31142357,17.52464015,11.77412879,56.31105072,340.0166078,27.66181818,6.752727273,20.90909091,19.56106061,13.18965909,21.40723485,13.18965909,1702.442338,192.5391323,101.6812126,18.17621823,498.739669,350.9026348,487.9880803,350.9026348,782
WR_37_25,-51.00275991,-26.32140241,17.52464015,11.77412879,56.31105072,340.0166078,27.66181818,6.752727273,20.90909091,19.56106061,13.18965909,21.40723485,13.18965909,1696.61827,191.8804322,101.5318037,18.09306167,495.2525607,349.7220312,487.2657794,349.7220312,792
WR_37_26,-50.97718886,-26.31152419,17.25674242,11.87685606,56.33331896,337.7179646,27.36818182,6.285,21.08318182,19.28087121,12.94935606,21.10935606,12.94935606,1698.05219,192.6414643,101.7346532,18.19677378,494.9545306,350.8127626,489.2068099,350.8127626,780
WR_37_27,-50.97932202,-26.31480353,17.25674242,11.87685606,56.33331896,337.7179646,27.36818182,6.285,21.08318182,19.28087121,12.94935606,21.10935606,12.94935606,1696.717227,192.4374817,101.6603307,18.18206863,494.525756,350.3960441,488.735422,350.3960441,780
WR_37_28,-50.98666491,-26.30887927,17.25674242,11.87685606,56.33331896,337.7179646,27.36818182,6.285,21.08318182,19.28087121,12.94935606,21.10935606,12.94935606,1700.71827,192.7727574,101.7699676,18.18825417,496.7303323,351.1676869,489.1196026,351.1676869,796
WR_37_29,-50.98866581,-26.31633215,17.25674242,11.87685606,56.33331896,337.7179646,27.36818182,6.285,21.08318182,19.28087121,12.94935606,21.10935606,12.94935606,1697.250914,192.2974758,101.6214893,18.14973268,495.2002541,350.2455324,488.229558,350.2455324,796
WR_37_33,-51.00218125,-26.29679983,17.52464015,11.77412879,56.31105072,340.0166078,27.66181818,6.752727273,20.90909091,19.56106061,13.18965909,21.40723485,13.18965909,1709.089849,193.5485607,101.9263371,18.33393836,502.1889253,352.6036775,489.5895856,352.6036775,757
WR_37_34,-50.97013767,-26.31499398,17.25674242,11.87685606,56.33331896,337.7179646,27.36818182,6.285,21.08318182,19.28087121,12.94935606,21.10935606,12.94935606,1693.143804,192.1884807,101.578948,18.2266583,492.8275033,349.6703939,488.6430422,349.6703939,775
WR_37_36,-50.96770847,-26.31213016,17.25674242,11.87685606,56.33331896,337.7179646,27.36818182,6.285,21.08318182,19.28087121,12.94935606,21.10935606,12.94935606,1693.096156,192.2329469,101.5985951,18.24733345,492.7681478,349.6783986,488.9032176,349.6783986,775
WR_37_37,-50.98420688,-26.31828429,17.25674242,11.87685606,56.33331896,337.7179646,27.36818182,6.285,21.08318182,19.28087121,12.94935606,21.10935606,12.94935606,1695.653776,192.2004544,101.5846391,18.15632337,494.2839362,349.9769171,488.1651509,349.9769171,878
WR_37_38,-50.98427575,-26.32139419,17.25674242,11.87685606,56.33331896,337.7179646,27.36818182,6.285,21.08318182,19.28087121,12.94935606,21.10935606,12.94935606,1694.104254,192.0085779,101.5214324,18.14842561,493.5874109,349.5846844,487.8128059,349.5846844,878
WR_37_41,-50.97218446,-26.31524503,17.25674242,11.87685606,56.33331896,337.7179646,27.36818182,6.285,21.08318182,19.28087121,12.94935606,21.10935606,12.94935606,1694.231216,192.2822781,101.6077247,18.21369842,493.2757068,349.9258611,488.7070611,349.9258611,775
WR_37_42,-50.9684301,-26.31860907,17.25674242,11.87685606,56.33331896,337.7179646,27.36818182,6.285,21.08318182,19.28087121,12.94935606,21.10935606,12.94935606,1690.37524,191.8796444,101.4736393,18.23310959,491.7406482,348.9865977,488.0947393,348.9865977,806
WR_37_43,-50.97432525,-26.32997351,17.25674242,11.87685606,56.33331896,337.7179646,27.36818182,6.285,21.08318182,19.28087121,12.94935606,21.10935606,12.94935606,1688.420215,191.4837818,101.7793428,18.10331337,490.9852382,349.0096642,486.8671781,349.0096642,828
WR_37_45,-51.00881979,-26.33437553,17.07961174,11.83301136,56.74562952,334.1357417,27.12727273,6.274545455,20.85272727,19.05405303,12.83564394,20.91189394,12.83564394,1693.062453,191.4958987,101.9696351,17.95672454,493.3749931,349.4758852,486.3936613,349.4758852,764
WR_37_46,-51.00430108,-26.33483153,17.07961174,11.83301136,56.74562952,334.1357417,27.12727273,6.274545455,20.85272727,19.05405303,12.83564394,20.91189394,12.83564394,1692.087585,191.4499403,102.012262,17.95464684,492.8994631,349.4359158,486.347358,349.4359158,786
WR_37_47,-50.99170184,-26.29895544,17.25674242,11.87685606,56.33331896,337.7179646,27.36818182,6.285,21.08318182,19.28087121,12.94935606,21.10935606,12.94935606,1706.446707,193.3953546,101.9418732,18.26306834,499.8712941,352.389956,489.9442268,352.389956,758
WR_37_49,-51.00309553,-26.34017974,17.07961174,11.83301136,56.74562952,334.1357417,27.12727273,6.274545455,20.85272727,19.05405303,12.83564394,20.91189394,12.83564394,1690.246632,191.3329265,102.3123595,17.89945572,491.9953866,349.4888173,486.0233306,349.4888173,786
WR_37_5,-51.00512682,-26.30413991,17.52464015,11.77412879,56.31105072,340.0166078,27.66181818,6.752727273,20.90909091,19.56106061,13.18965909,21.40723485,13.18965909,1705.771814,193.048975,101.7980823,18.25355196,500.5338982,351.7392903,488.7609406,351.7392903,769
WR_37_51,-51.00835757,-26.29735218,17.52464015,11.77412879,56.31105072,340.0166078,27.66181818,6.752727273,20.90909091,19.56106061,13.18965909,21.40723485,13.18965909,1709.722668,193.5189181,101.885563,18.36591005,503.0691002,352.5108662,489.1992594,352.5108662,756
WR_37_52,-50.99296264,-26.3169183,17.25674242,11.87685606,56.33331896,337.7179646,27.36818182,6.285,21.08318182,19.28087121,12.94935606,21.10935606,12.94935606,1697.550663,192.2373766,101.6080463,18.13735706,495.5091376,350.1953508,488.0190878,350.1953508,894
WR_37_53,-51.02109548,-26.3015004,17.52464015,11.77412879,56.31105072,340.0166078,27.66181818,6.752727273,20.90909091,19.56106061,13.18965909,21.40723485,13.18965909,1709.454127,193.2276443,101.7718913,18.3852697,503.7760378,352.0057026,488.1945659,352.0057026,759
WR_37_54,-50.99474219,-26.32721913,17.25674242,11.87685606,56.33331896,337.7179646,27.36818182,6.285,21.08318182,19.28087121,12.94935606,21.10935606,12.94935606,1692.93235,191.624888,101.5960483,18.06685368,493.2408885,349.2518994,486.9456678,349.2518994,974
WR_37_55,-50.99932943,-26.33032786,17.25674242,11.87685606,56.33331896,337.7179646,27.36818182,6.285,21.08318182,19.28087121,12.94935606,21.10935606,12.94935606,1692.602706,191.5233364,101.774974,18.01389528,493.1375465,349.3322081,486.63847,349.3322081,974
WR_37_56,-50.99515031,-26.3353926,16.78421402,11.87929924,56.88576539,330.5741698,26.80159091,5.918863636,20.88272727,18.72856061,12.59132576,20.58049242,12.59132576,1690.169206,191.3468857,102.0841709,17.95786132,491.9779878,349.3497333,486.2434118,349.3497333,919
WR_37_57,-50.990231,-26.326564,17.25674242,11.87685606,56.33331896,337.7179646,27.36818182,6.285,21.08318182,19.28087121,12.94935606,21.10935606,12.94935606,1692.514786,191.6717416,101.5543664,18.09188162,492.981826,349.2019004,487.0955528,349.2019004,976
WR_37_58,-50.98875222,-26.33119405,17.25674242,11.87685606,56.33331896,337.7179646,27.36818182,6.285,21.08318182,19.28087121,12.94935606,21.10935606,12.94935606,1690.541363,191.4710036,101.8470002,18.0282809,492.0911017,349.2386788,486.6364676,349.2386788,976
WR_37_6,-51.00173668,-26.30716552,17.52464015,11.77412879,56.31105072,340.0166078,27.66181818,6.752727273,20.90909091,19.56106061,13.18965909,21.40723485,13.18965909,1703.73836,192.8483432,101.7612274,18.20984327,499.1839227,351.3875774,488.6374945,351.3875774,769
WR_37_60,-50.98532291,-26.33759763,16.78421402,11.87929924,56.88576539,330.5741698,26.80159091,5.918863636,20.88272727,18.72856061,12.59132576,20.58049242,12.59132576,1687.40617,191.1341637,102.2726405,17.94339935,490.699918,349.2732862,485.9073389,349.2732862,990
WR_37_61,-50.98041088,-26.34523183,16.78421402,11.87929924,56.88576539,330.5741698,26.80159091,5.918863636,20.88272727,18.72856061,12.59132576,20.58049242,12.59132576,1683.150878,190.6088459,102.821281,17.83824715,488.8831058,349.3005886,484.8189121,349.3005886,995
WR_37_62,-50.98370654,-26.34309571,16.78421402,11.87929924,56.88576539,330.5741698,26.80159091,5.918863636,20.88272727,18.72856061,12.59132576,20.58049242,12.59132576,1684.832371,190.8147656,102.6462925,17.86747495,489.5958626,349.3143935,485.2113477,349.3143935,925
WR_37_63,-51.01222657,-26.30638276,17.52464015,11.77412879,56.31105072,340.0166078,27.66181818,6.752727273,20.90909091,19.56106061,13.18965909,21.40723485,13.18965909,1705.644168,192.8821596,101.742274,18.2513066,500.8603708,351.4793423,488.2358021,351.4793423,761
WR_37_64,-50.97614369,-26.3427726,16.78421402,11.87929924,56.88576539,330.5741698,26.80159091,5.918863636,20.88272727,18.72856061,12.59132576,20.58049242,12.59132576,1683.209019,190.6569202,102.6909926,17.87776324,488.8878474,349.2293204,485.0093582,349.2293204,995
WR_37_65,-51.01818212,-26.30636085,17.52464015,11.77412879,56.31105072,340.0166078,27.66181818,6.752727273,20.90909091,19.56106061,13.18965909,21.40723485,13.18965909,1706.510919,192.8729666,101.7246017,18.27868304,501.693919,351.4816067,487.9675559,351.4816067,759
WR_37_66,-50.96584226,-26.31249599,17.25674242,11.87685606,56.33331896,337.7179646,27.36818182,6.285,21.08318182,19.28087121,12.94935606,21.10935606,12.94935606,1691.807126,192.1130755,101.5586851,18.25952775,492.2407168,349.3659619,488.7736039,349.3659619,773
WR_37_67,-50.98999974,-26.29887812,17.25674242,11.87685606,56.33331896,337.7179646,27.36818182,6.285,21.08318182,19.28087121,12.94935606,21.10935606,12.94935606,1706.234984,193.3990634,101.9514816,18.25883925,499.6132309,352.4058541,490.0428948,352.4058541,771
WR_37_68,-50.98012901,-26.30719004,17.25674242,11.87685606,56.33331896,337.7179646,27.36818182,6.285,21.08318182,19.28087121,12.94935606,21.10935606,12.94935606,1700.630919,192.8917651,101.821761,18.20372347,496.235814,351.3764488,489.5962135,351.3764488,775
WR_37_68a,-50.98036078,-26.31092058,17.25674242,11.87685606,56.33331896,337.7179646,27.36818182,6.285,21.08318182,19.28087121,12.94935606,21.10935606,12.94935606,1698.801171,192.666548,101.7418174,18.18997282,495.4707488,350.8982361,489.15061,350.8982361,780
WR_37_7,-50.99714846,-26.29598508,17.25674242,11.87685606,56.33331896,337.7179646,27.36818182,6.285,21.08318182,19.28087121,12.94935606,21.10935606,12.94935606,1708.756832,193.5950482,101.9670559,18.31593561,501.5530629,352.7255213,489.9490632,352.7255213,758
WR_37_8,-50.99659499,-26.28993186,17.56951705,11.85736742,56.32588762,342.2955906,27.635,6.583636364,21.05136364,19.65776515,13.19689394,21.45378788,13.19689394,1711.745748,193.9920771,102.0753135,18.38674179,503.0678644,353.4553813,490.5832653,353.4553813,756
WR_37_83,-50.99900537,-26.30196781,17.25674242,11.87685606,56.33331896,337.7179646,27.36818182,6.285,21.08318182,19.28087121,12.94935606,21.10935606,12.94935606,1705.990467,193.1999971,101.8563041,18.25694396,500.2350286,352.0045323,489.263718,352.0045323,780
WR_37_84,-51.01337405,-26.29875228,17.52464015,11.77412879,56.31105072,340.0166078,27.66181818,6.752727273,20.90909091,19.56106061,13.18965909,21.40723485,13.18965909,1709.743559,193.4251699,101.8409128,18.37867539,503.4630693,352.3317062,488.8094873,352.3317062,756
WR_37_85,-50.99985083,-26.30880925,17.25674242,11.87685606,56.33331896,337.7179646,27.36818182,6.285,21.08318182,19.28087121,12.94935606,21.10935606,12.94935606,1702.631599,192.7423778,101.7392612,18.19090272,498.4725419,351.1921498,488.5632799,351.1921498,845
WR_37_87,-50.99767481,-26.31074352,17.25674242,11.87685606,56.33331896,337.7179646,27.36818182,6.285,21.08318182,19.28087121,12.94935606,21.10935606,12.94935606,1701.339229,192.6202326,101.7114333,18.17282905,497.6664611,350.9583029,488.4658464,350.9583029,845
WR_37_9,-50.99491009,-26.30652906,17.25674242,11.87685606,56.33331896,337.7179646,27.36818182,6.285,21.08318182,19.28087121,12.94935606,21.10935606,12.94935606,1703.082878,192.904009,101.7918359,18.20480156,498.4199996,351.4620284,489.0058278,351.4620284,780
WR_37_94,-51.00446862,-26.3060134,17.52464015,11.77412879,56.31105072,340.0166078,27.66181818,6.752727273,20.90909091,19.56106061,13.18965909,21.40723485,13.18965909,1704.718723,192.9214904,101.7713704,18.22908605,499.8917889,351.5224173,488.6211702,351.5224173,769
WR_37_97,-50.99335037,-26.30217665,17.25674242,11.87685606,56.33331896,337.7179646,27.36818182,6.285,21.08318182,19.28087121,12.94935606,21.10935606,12.94935606,1705.060309,193.1882798,101.8755024,18.23897605,499.3164821,351.9917177,489.5247404,351.9917177,780
WR_37_98,-51.01263614,-26.30121135,17.52464015,11.77412879,56.31105072,340.0166078,27.66181818,6.752727273,20.90909091,19.56106061,13.18965909,21.40723485,13.18965909,1708.367699,193.2495475,101.8111437,18.33217947,502.5608998,352.0589312,488.6452999,352.0589312,761
WR_38_11,-50.54814779,-26.66884268,15.44173295,11.58964015,56.36735273,319.5573891,25.27659091,4.715681818,20.56090909,19.19087121,11.46708333,19.19087121,11.46708333,1620.687074,183.6627063,100.3606319,18.86667988,473.4054011,341.3655807,473.4054011,341.3655807,1109
WR_38_14,-50.52704809,-26.68167958,15.32780303,11.54465909,56.39669146,317.815114,25.15909091,4.688636364,20.47045455,19.06041667,11.37424242,19.06041667,11.37424242,1607.875687,182.0282247,99.31005213,19.0141705,472.0431336,338.4566219,472.0431336,338.4566219,1123
WR_38_16,-50.53884865,-26.67323177,15.32780303,11.54465909,56.39669146,317.815114,25.15909091,4.688636364,20.47045455,19.06041667,11.37424242,19.06041667,11.37424242,1615.437951,182.9828725,100.1439886,18.9159679,472.9974148,339.9950257,472.9974148,339.9950257,1109
WR_38_17,-50.53215217,-26.66483831,15.55817235,11.65816288,56.4901896,319.8678451,25.48977273,4.852272727,20.6375,19.30901515,11.57693182,19.30901515,11.57693182,1612.1143,182.5312203,100.0184883,19.02594549,473.2899712,338.6679544,473.2899712,338.6679544,1079
WR_38_20,-50.52225879,-26.67550937,15.32780303,11.54465909,56.39669146,317.815114,25.15909091,4.688636364,20.47045455,19.06041667,11.37424242,19.06041667,11.37424242,1606.348195,181.7701239,99.65200453,19.02673129,472.2522944,337.6163556,472.2522944,337.6163556,1106
WR_38_21,-50.54530524,-26.6811834,15.44173295,11.58964015,56.36735273,319.5573891,25.27659091,4.715681818,20.56090909,19.19087121,11.46708333,19.19087121,11.46708333,1618.777639,183.4908767,99.87295296,18.85023872,472.6827288,341.5171834,472.6827288,341.5171834,1080
WR_38_22,-50.53247952,-26.67278252,15.32780303,11.54465909,56.39669146,317.815114,25.15909091,4.688636364,20.47045455,19.06041667,11.37424242,19.06041667,11.37424242,1611.705361,182.4835135,100.0011732,18.97499056,472.8709681,338.8751579,472.8709681,338.8751579,1109
WR_38_23,-50.52208382,-26.67198138,15.32780303,11.54465909,56.39669146,317.815114,25.15909091,4.688636364,20.47045455,19.06041667,11.37424242,19.06041667,11.37424242,1606.727511,181.8211467,99.69831729,19.04285005,472.446135,337.5726316,472.446135,337.5726316,1084
WR_38_24,-50.52802558,-26.68736967,15.32780303,11.54465909,56.39669146,317.815114,25.15909091,4.688636364,20.47045455,19.06041667,11.37424242,19.06041667,11.37424242,1608.126437,182.1108388,98.86617837,19.00997881,471.5934321,339.0467142,471.5934321,339.0467142,1101
WR_38_25,-50.53629372,-26.69359586,15.32780303,11.54465909,56.39669146,317.815114,25.15909091,4.688636364,20.47045455,19.06041667,11.37424242,19.06041667,11.37424242,1612.519366,182.7568138,98.68050651,18.94117,471.4667648,340.7657848,471.4667648,340.7657848,1047
WR_38_26,-50.54447047,-26.66059773,15.51875,11.65462121,56.44629858,319.4396834,25.45204545,4.804772727,20.64727273,19.26662879,11.54397727,19.26662879,11.54397727,1618.430599,183.3320028,100.2938474,18.95119344,473.7036086,340.3630387,473.7036086,340.3630387,1114
WR_38_27,-50.53134924,-26.69211385,15.32780303,11.54465909,56.39669146,317.815114,25.15909091,4.688636364,20.47045455,19.06041667,11.37424242,19.06041667,11.37424242,1609.770232,182.3732638,98.60096841,18.98488081,471.3462682,339.9122799,471.3462682,339.9122799,1096
WR_38_28,-50.54099096,-26.68453279,15.32780303,11.54465909,56.39669146,317.815114,25.15909091,4.688636364,20.47045455,19.06041667,11.37424242,19.06041667,11.37424242,1615.941601,183.138639,99.51199132,18.8894911,472.3130993,340.9720953,472.3130993,340.9720953,1069
WR_38_29,-50.52952591,-26.69641936,15.32780303,11.54465909,56.39669146,317.815114,25.15909091,4.688636364,20.47045455,19.06041667,11.37424242,19.06041667,11.37424242,1608.456359,182.2332673,98.17911993,19.00887619,470.9045716,339.9439288,470.9045716,339.9439288,1096
WR_38_3,-50.53975997,-26.65747949,15.55817235,11.65816288,56.4901896,319.8678451,25.48977273,4.852272727,20.6375,19.30901515,11.57693182,19.30901515,11.57693182,1616.177787,183.0372758,100.2007455,19.00903994,473.7839587,339.5681616,473.7839587,339.5681616,1080
WR_38_30,-50.53217929,-26.70022788,15.32780303,11.54465909,56.39669146,317.815114,25.15909091,4.688636364,20.47045455,19.06041667,11.37424242,19.06041667,11.37424242,1609.722358,182.4370971,97.99085793,18.99089344,470.7401663,340.5969543,470.7401663,340.5969543,1057
WR_38_31,-50.54471327,-26.68274402,15.44173295,11.58964015,56.36735273,319.5573891,25.27659091,4.715681818,20.56090909,19.19087121,11.46708333,19.19087121,11.46708333,1618.291298,183.4391993,99.75063524,18.85597582,472.5642718,341.4954497,472.5642718,341.4954497,1080
WR_38_36DB,-50.52501349,-26.65803694,15.55817235,11.65816288,56.4901896,319.8678451,25.48977273,4.852272727,20.6375,19.30901515,11.57693182,19.30901515,11.57693182,1609.305824,182.1775498,99.8896761,19.12727656,473.5598491,337.5541251,473.5598491,337.5541251,1059
WR_38_38,-50.5191693,-26.66226853,15.55817235,11.65816288,56.4901896,319.8678451,25.48977273,4.852272727,20.6375,19.30901515,11.57693182,19.30901515,11.57693182,1607.227163,181.906568,99.6004966,19.08956943,472.6629767,337.5491329,472.6629767,337.5491329,1093
WR_38_38b,-50.52266601,-26.66398301,15.55817235,11.65816288,56.4901896,319.8678451,25.48977273,4.852272727,20.6375,19.30901515,11.57693182,19.30901515,11.57693182,1607.90476,181.9884577,99.75718195,19.08817473,472.9557778,337.5585543,472.9557778,337.5585543,1093
WR_38_39,-50.52914943,-26.66860659,15.32780303,11.54465909,56.39669146,317.815114,25.15909091,4.688636364,20.47045455,19.06041667,11.37424242,19.06041667,11.37424242,1610.168768,182.2780317,99.94027693,19.02971994,473.0260387,338.2488532,473.0260387,338.2488532,1109
WR_38_4,-50.52820455,-26.65558874,15.55817235,11.65816288,56.4901896,319.8678451,25.48977273,4.852272727,20.6375,19.30901515,11.57693182,19.30901515,11.57693182,1611.05656,182.3994907,99.96536651,19.11468338,473.7404938,337.9712575,473.7404938,337.9712575,1059
WR_38_46,-50.54563891,-26.6525849,15.51875,11.65462121,56.44629858,319.4396834,25.45204545,4.804772727,20.64727273,19.26662879,11.54397727,19.26662879,11.54397727,1618.711971,183.3311729,100.3320309,18.995729,474.078567,340.1204319,474.078567,340.1204319,1084
WR_38_5,-50.55317022,-26.66376112,15.51875,11.65462121,56.44629858,319.4396834,25.45204545,4.804772727,20.64727273,19.26662879,11.54397727,19.26662879,11.54397727,1622.97526,183.9311642,100.4763053,18.86174108,473.7099245,341.8363237,473.7099245,341.8363237,1114
WR_38_50,-50.54187634,-26.67126852,15.44173295,11.58964015,56.36735273,319.5573891,25.27659091,4.715681818,20.56090909,19.19087121,11.46708333,19.19087121,11.46708333,1617.218592,183.2142799,100.2165914,18.90256375,473.1614846,340.4401827,473.1614846,340.4401827,1109
WR_38_57,-50.52907821,-26.67666082,15.32780303,11.54465909,56.39669146,317.815114,25.15909091,4.688636364,20.47045455,19.06041667,11.37424242,19.06041667,11.37424242,1609.383525,182.1879497,99.78057516,18.99306952,472.5294412,338.4325703,472.5294412,338.4325703,1123
WR_38_6,-50.53833286,-26.68637037,15.32780303,11.54465909,56.39669146,317.815114,25.15909091,4.688636364,20.47045455,19.06041667,11.37424242,19.06041667,11.37424242,1614.23506,182.9249361,99.2928833,18.91453052,472.0832281,340.6436527,472.0832281,340.6436527,1069
WR_38_60,-50.53735039,-26.67908984,15.32780303,11.54465909,56.39669146,317.815114,25.15909091,4.688636364,20.47045455,19.06041667,11.37424242,19.06041667,11.37424242,1614.193692,182.8558369,99.80150929,18.91886763,472.5752222,340.039218,472.5752222,340.039218,1113
WR_38_7,-50.53570505,-26.66096539,15.55817235,11.65816288,56.4901896,319.8678451,25.48977273,4.852272727,20.6375,19.30901515,11.57693182,19.30901515,11.57693182,1614.147419,182.7884368,100.1062909,19.01981483,473.5524636,339.1098042,473.5524636,339.1098042,1094
WR_38_8,-50.52874213,-26.65905205,15.55817235,11.65816288,56.4901896,319.8678451,25.48977273,4.852272727,20.6375,19.30901515,11.57693182,19.30901515,11.57693182,1610.936141,182.3810016,99.96447727,19.08970302,473.5528159,338.0795359,473.5528159,338.0795359,1079
WR_38_9,-50.5344892,-26.67652429,15.32780303,11.54465909,56.39669146,317.815114,25.15909091,4.688636364,20.47045455,19.06041667,11.37424242,19.06041667,11.37424242,1612.656174,182.6267774,99.92293388,18.94368989,472.6856325,339.3774574,472.6856325,339.3774574,1113
WR_38_91,-50.54558585,-26.67473277,15.44173295,11.58964015,56.36735273,319.5573891,25.27659091,4.715681818,20.56090909,19.19087121,11.46708333,19.19087121,11.46708333,1619.474088,183.5288466,100.2940157,18.84865156,473.089595,341.2470384,473.089595,341.2470384,1109
WR_39_1,-50.04379805,-26.15782235,17.00037879,11.69806818,57.38758627,314.1521184,26.69840909,6.314090909,20.38431818,20.64579545,13.08488636,20.64579545,13.08488636,1563.960939,177.4488977,95.53088926,21.06283408,492.7925092,324.5967258,492.7925092,324.5967258,849
WR_39_12,-50.02104066,-26.20861989,16.74964015,11.62151515,57.30144856,312.0703706,26.40340909,6.122045455,20.28136364,20.37443182,14.55731061,20.37443182,12.86647727,1566.148213,176.1322706,94.59523628,20.54631018,488.3031039,325.1731288,488.3031039,328.1021863,876
WR_39_15,-50.01317727,-26.21159813,16.74964015,11.62151515,57.30144856,312.0703706,26.40340909,6.122045455,20.28136364,20.37443182,14.55731061,20.37443182,12.86647727,1565.350987,175.6224721,94.40696288,20.4285669,486.9850129,325.025409,486.9850129,328.4185614,878
WR_39_4,-50.01548567,-26.20770952,16.82019886,11.65797348,57.45931908,311.6984281,26.49181818,6.202727273,20.28909091,20.43935606,14.60924242,20.43935606,12.93984848,1565.323624,175.8623427,94.48473921,20.50238277,487.7285056,325.0841685,487.7285056,328.0444028,903
WR_39_5,-50.03824108,-26.17262852,16.82019886,11.65797348,57.45931908,311.6984281,26.49181818,6.202727273,20.28909091,20.43935606,12.93984848,20.43935606,12.93984848,1566.434403,177.653876,95.7184988,21.02056233,493.3988049,325.3240539,493.3988049,325.3240539,858
WR_39_6,-50.00648825,-26.21469081,16.74964015,11.62151515,57.30144856,312.0703706,26.40340909,6.122045455,20.28136364,20.37443182,14.55731061,20.37443182,12.86647727,1564.86249,175.2043945,94.25996782,20.32296309,485.8697895,324.9281215,485.8697895,328.7562281,917
WR_39_7,-50.05026291,-26.18724022,17.06956439,11.69651515,57.32500158,315.3681259,26.76931818,6.365454545,20.40386364,20.72371212,13.13462121,20.72371212,13.13462121,1569.744129,177.3711314,96.15941959,20.87196915,492.4373069,326.6209342,492.4373069,326.6209342,805
WR_39_8,-50.04088552,-26.17808486,16.82019886,11.65797348,57.45931908,311.6984281,26.49181818,6.202727273,20.28909091,20.43935606,12.93984848,20.43935606,12.93984848,1567.526293,177.5909881,95.87474919,20.96889068,493.1742382,325.7676907,493.1742382,325.7676907,837
WR_4_1,-50.23470936,-26.15349931,17.14047348,11.79348485,57.01905714,323.2484041,26.97818182,6.294772727,20.68340909,20.87746212,17.1419697,20.87746212,13.09814394,1612.274195,181.717843,100.5917615,20.1877712,499.709728,341.7110295,499.709728,342.0513891,803
WR_4_10,-50.22731188,-26.13636845,17.14047348,11.79348485,57.01905714,323.2484041,26.97818182,6.294772727,20.68340909,20.87746212,17.1419697,20.87746212,13.09814394,1611.044197,181.6411025,100.2320358,20.17730478,499.6602894,341.0690767,499.6602894,342.4323756,801
WR_4_12,-50.2024459,-26.13986478,17.13432765,11.77645833,57.00375871,321.772067,26.97613636,6.317045455,20.65909091,20.87090909,13.11715909,20.87090909,13.11715909,1607.077009,181.3761165,99.87221671,20.15271295,498.4293513,340.4236004,498.4293513,340.4236004,838
WR_4_14,-50.20803125,-26.15433842,17.13432765,11.77645833,57.00375871,321.772067,26.97613636,6.317045455,20.65909091,20.87090909,17.14863636,20.87090909,13.11715909,1607.885081,180.8193466,100.3594976,20.09154733,497.8159976,340.8744108,497.8159976,341.1686066,820
WR_4_15,-50.22456514,-26.16027442,17.14047348,11.79348485,57.01905714,323.2484041,26.97818182,6.294772727,20.68340909,20.87746212,17.1419697,20.87746212,13.09814394,1610.671192,180.8950041,101.1625235,20.05993169,498.2066683,340.9879175,498.2066683,342.6234046,822
WR_4_16,-50.21658535,-26.16350562,17.14047348,11.79348485,57.01905714,323.2484041,26.97818182,6.294772727,20.68340909,20.87746212,17.1419697,20.87746212,13.09814394,1609.310404,180.6478198,100.9413805,20.05165152,497.693194,340.8808453,497.693194,341.9903919,843
WR_4_17,-50.21534795,-26.13645422,17.14047348,11.79348485,57.01905714,323.2484041,26.97818182,6.294772727,20.68340909,20.87746212,17.1419697,20.87746212,13.09814394,1609.124519,181.4894576,100.0956204,20.15500328,499.0436276,341.018087,499.0436276,341.6333105,830
WR_4_20a,-50.22642213,-26.1545039,17.14047348,11.79348485,57.01905714,323.2484041,26.97818182,6.294772727,20.68340909,20.87746212,17.1419697,20.87746212,13.09814394,1610.945576,181.1340996,100.919748,20.09606247,498.6687752,341.0791214,498.6687752,342.5554607,822
WR_4_21,-50.22583694,-26.15771461,17.14047348,11.79348485,57.01905714,323.2484041,26.97818182,6.294772727,20.68340909,20.87746212,17.1419697,20.87746212,13.09814394,1610.864421,181.0180443,101.0569421,20.07782347,498.4451801,341.0474306,498.4451801,342.6015623,822
WR_4_22,-50.21912007,-26.15940923,17.14047348,11.79348485,57.01905714,323.2484041,26.97818182,6.294772727,20.68340909,20.87746212,17.1419697,20.87746212,13.09814394,1609.742232,180.8195218,100.9172123,20.0654469,498.0130449,340.9264398,498.0130449,342.1662166,822
WR_4_23,-50.21358152,-26.1625785,17.14047348,11.79348485,57.01905714,323.2484041,26.97818182,6.294772727,20.68340909,20.87746212,17.1419697,20.87746212,13.09814394,1608.794707,180.6150463,100.7882871,20.05681603,497.6067944,340.843158,497.6067944,341.738026,843
WR_4_25,-50.21441882,-26.15656117,17.14047348,11.79348485,57.01905714,323.2484041,26.97818182,6.294772727,20.68340909,20.87746212,17.1419697,20.87746212,13.09814394,1608.947891,180.8302319,100.6507407,20.07866704,497.9596034,340.8951218,497.9596034,341.7452357,838
WR_4_26,-50.21418636,-26.13446775,17.14047348,11.79348485,57.01905714,323.2484041,26.97818182,6.294772727,20.68340909,20.87746212,17.1419697,20.87746212,13.09814394,1608.946178,181.5584129,100.0128115,20.16358748,499.1105155,341.0464667,499.1105155,341.498468,830
WR_4_27,-50.22461935,-26.13800922,17.14047348,11.79348485,57.01905714,323.2484041,26.97818182,6.294772727,20.68340909,20.87746212,17.1419697,20.87746212,13.09814394,1610.581708,181.4270919,100.3610992,20.14420447,499.268666,340.9071716,499.268666,342.5520111,820
WR_4_28,-50.21382005,-26.13634314,17.14047348,11.79348485,57.01905714,323.2484041,26.97818182,6.294772727,20.68340909,20.87746212,17.1419697,20.87746212,13.09814394,1608.885727,181.4973377,100.057985,20.15648927,499.0002007,341.0381134,499.0002007,341.4816169,830
WR_4_29,-50.22440701,-26.1402307,17.14047348,11.79348485,57.01905714,323.2484041,26.97818182,6.294772727,20.68340909,20.87746212,17.1419697,20.87746212,13.09814394,1610.557871,181.3739699,100.4358966,20.13566792,499.1557135,340.9171473,499.1557135,342.5391906,820
WR_4_2a,-50.22716023,-26.14867612,17.14047348,11.79348485,57.01905714,323.2484041,26.97818182,6.294772727,20.68340909,20.87746212,17.1419697,20.87746212,13.09814394,1611.048635,181.3268803,100.6827425,20.12652151,499.0407289,341.1107698,499.0407289,342.4889926,808
WR_4_3,-50.23419351,-26.15373346,17.14047348,11.79348485,57.01905714,323.2484041,26.97818182,6.294772727,20.68340909,20.87746212,17.1419697,20.87746212,13.09814394,1612.190279,181.6764431,100.618261,20.18125261,499.6355334,341.6726449,499.6355334,342.0839139,803
WR_4_30,-50.21848879,-26.1396444,17.14047348,11.79348485,57.01905714,323.2484041,26.97818182,6.294772727,20.68340909,20.87746212,17.1419697,20.87746212,13.09814394,1609.61849,181.3874315,100.2674178,20.14067673,498.9838454,340.9703997,498.9838454,341.9664795,820
WR_4_31,-50.21572999,-26.13867337,17.14047348,11.79348485,57.01905714,323.2484041,26.97818182,6.294772727,20.68340909,20.87746212,17.1419697,20.87746212,13.09814394,1609.182536,181.4179637,100.1699521,20.14609894,498.9409947,341.0013742,498.9409947,341.6914896,830
WR_4_32,-50.21279481,-26.13892026,17.14047348,11.79348485,57.01905714,323.2484041,26.97818182,6.294772727,20.68340909,20.87746212,17.1419697,20.87746212,13.09814394,1608.718951,181.4116988,100.1057039,20.14716114,498.8301051,341.0296172,498.8301051,341.4093684,830
WR_4_33,-50.22322372,-26.15293091,17.14047348,11.79348485,57.01905714,323.2484041,26.97818182,6.294772727,20.68340909,20.87746212,17.1419697,20.87746212,13.09814394,1610.416053,181.0545493,100.8513627,20.08774596,498.5026127,340.9559232,498.5026127,342.4805008,825
WR_4_34,-50.22116355,-26.15463617,17.14047348,11.79348485,57.01905714,323.2484041,26.97818182,6.294772727,20.68340909,20.87746212,17.1419697,20.87746212,13.09814394,1610.077954,180.9841102,100.8373317,20.08224075,498.3361405,340.9476372,498.3361405,342.3095572,825
WR_4_35,-50.2130488,-26.15560901,17.14047348,11.79348485,57.01905714,323.2484041,26.97818182,6.294772727,20.68340909,20.87746212,17.1419697,20.87746212,13.09814394,1608.719655,180.8419982,100.5733829,20.08311269,497.9529008,340.8920969,497.9529008,341.6178935,838
WR_4_38,-50.21499769,-26.1489899,17.14047348,11.79348485,57.01905714,323.2484041,26.97818182,6.294772727,20.68340909,20.87746212,17.1419697,20.87746212,13.09814394,1609.054484,181.0842835,100.452174,20.10687411,498.3786156,340.9459082,498.3786156,341.7208776,824
WR_4_43,-50.23635387,-26.15832488,17.14047348,11.79348485,57.01905714,323.2484041,26.97818182,6.294772727,20.68340909,20.87746212,17.1419697,20.87746212,13.09814394,1612.507502,181.6880704,100.7052099,20.18391849,499.6443622,341.8635517,499.6443622,341.9834116,803
WR_4_5,-50.19873498,-26.1279178,17.13432765,11.77645833,57.00375871,321.772067,26.97613636,6.317045455,20.65909091,20.87090909,13.11715909,20.87090909,13.11715909,1606.617711,181.9345979,99.57355209,20.20538423,499.0186914,339.8221726,499.0186914,339.8221726,812
WR_4_59,-50.22287325,-26.17364634,17.02542614,11.81183712,57.0094372,321.7890423,26.86704545,6.147954545,20.71909091,20.7580303,17.04162879,20.7580303,13.00916667,1610.428449,180.5241304,101.5605112,20.01208496,497.4855621,340.9934747,497.4855621,342.5441712,834
WR_4_6,-50.22817296,-26.14419217,17.14047348,11.79348485,57.01905714,323.2484041,26.97818182,6.294772727,20.68340909,20.87746212,17.1419697,20.87746212,13.09814394,1611.209175,181.5102146,100.4855027,20.15550079,499.3862984,341.1680267,499.3862984,342.4080521,808
WR_4_63,-50.20479365,-26.14002384,17.13432765,11.77645833,57.00375871,321.772067,26.97613636,6.317045455,20.65909091,20.87090909,13.11715909,20.87090909,13.11715909,1607.447815,181.3702329,99.93451175,20.14969946,498.4998052,340.6522452,498.4998052,340.6522452,838
WR_4_64,-50.21116327,-26.15319643,17.14047348,11.79348485,57.01905714,323.2484041,26.97818182,6.294772727,20.68340909,20.87746212,17.1419697,20.87746212,13.09814394,1608.411865,180.901441,100.4410674,20.09350382,498.0051728,340.903285,498.0051728,341.4263153,838
WR_4_65,-50.21087721,-26.17695539,17.02542614,11.81183712,57.0094372,321.7890423,26.86704545,6.147954545,20.71909091,20.7580303,17.04162879,20.7580303,13.00916667,1607.322784,179.8847717,100.884594,20.0331753,496.5253821,340.5352586,496.5253821,341.257121,836
WR_4_66,-50.20005326,-26.13001439,17.13432765,11.77645833,57.00375871,321.772067,26.97613636,6.317045455,20.65909091,20.87090909,13.11715909,20.87090909,13.11715909,1606.796368,181.8252589,99.63321563,20.19508567,498.9317102,340.0004803,498.9317102,340.0004803,841
WR_4_70,-50.20126162,-26.12276459,17.26248106,11.75833333,56.89536985,322.3020533,27.11386364,6.447272727,20.66659091,20.99992424,13.24083333,20.99992424,13.24083333,1607.188921,182.1779395,99.59534797,20.2219902,499.477224,340.0701411,499.477224,340.0701411,830
WR_4_71,-50.21788455,-26.15095133,17.14047348,11.79348485,57.01905714,323.2484041,26.97818182,6.294772727,20.68340909,20.87746212,17.1419697,20.87746212,13.09814394,1609.528257,181.0500355,100.6049133,20.09773538,498.3892643,340.9400902,498.3892643,341.9968532,825
WR_4_72,-50.22319948,-26.15632412,17.14047348,11.79348485,57.01905714,323.2484041,26.97818182,6.294772727,20.68340909,20.87746212,17.1419697,20.87746212,13.09814394,1610.424242,180.9690441,100.9694769,20.07507504,498.3378715,340.963335,498.3378715,342.4931099,825
WR_4_73,-50.20355977,-26.12345103,17.26248106,11.75833333,56.89536985,322.3020533,27.11386364,6.447272727,20.66659091,20.99992424,13.24083333,20.99992424,13.24083333,1607.483735,182.1065812,99.61474079,20.21718776,499.4770696,340.2953901,499.4770696,340.2953901,830
WR_4_74,-50.22714431,-26.16815137,17.02542614,11.81183712,57.0094372,321.7890423,26.86704545,6.147954545,20.71909091,20.7580303,17.04162879,20.7580303,13.00916667,1611.095905,180.8469533,101.3883757,20.05161584,498.0898446,341.1934031,498.0898446,342.5637754,834
WR_4_75,-50.22220377,-26.16734852,17.02542614,11.81183712,57.0094372,321.7890423,26.86704545,6.147954545,20.71909091,20.7580303,17.04162879,20.7580303,13.00916667,1610.290112,180.6675739,101.3110294,20.03498037,497.7591047,340.9690472,497.7591047,342.4631235,834
WR_4_76,-50.22276832,-26.17056831,17.02542614,11.81183712,57.0094372,321.7890423,26.86704545,6.147954545,20.71909091,20.7580303,17.04162879,20.7580303,13.00916667,1610.399442,180.5994303,101.4483595,20.02314161,497.6295162,340.9853663,497.6295162,342.5221623,834
WR_4_77,-50.22212739,-26.17380318,17.02542614,11.81183712,57.0094372,321.7890423,26.86704545,6.147954545,20.71909091,20.7580303,17.04162879,20.7580303,13.00916667,1610.295953,180.4974395,101.5288119,20.0118009,497.4407182,340.9748807,497.4407182,342.4897319,834
WR_4_78,-50.20572376,-26.18537142,17.09434659,11.76543561,56.96607061,321.5560788,26.9375,6.284090909,20.65340909,20.82435606,13.08147727,20.82435606,13.08147727,1602.369277,178.7561933,100.1856799,20.12093293,495.0517641,339.1972612,495.0517641,339.1972612,815
WR_4_80,-50.21541557,-26.15800018,17.14047348,11.79348485,57.01905714,323.2484041,26.97818182,6.294772727,20.68340909,20.87746212,17.1419697,20.87746212,13.09814394,1609.114181,180.7992268,100.7301422,20.07268992,497.9264871,340.8947436,497.9264871,341.8438663,838
WR_4_83,-50.20988026,-26.12494574,17.19631629,11.78323864,56.900743,323.4793376,27.07386364,6.365454545,20.70840909,20.94704545,13.15859848,20.94704545,13.15859848,1608.321623,181.9310597,99.68250937,20.20500832,499.4982485,340.9446884,499.4982485,340.9446884,814
WR_4_84,-50.20949218,-26.12352004,17.19631629,11.78323864,56.900743,323.4793376,27.07386364,6.365454545,20.70840909,20.94704545,13.15859848,20.94704545,13.15859848,1608.367727,182.0282864,99.69260868,20.21168524,499.6405517,340.9080185,499.6405517,340.9080185,814
WR_4_85,-50.20136287,-26.14110134,17.13432765,11.77645833,57.00375871,321.772067,26.97613636,6.317045455,20.65909091,20.87090909,13.11715909,20.87090909,13.11715909,1606.894021,181.3207531,99.86872133,20.14896673,498.3202002,340.3424662,498.3202002,340.3424662,838
WR_4_93,-50.22274956,-26.16460478,17.14047348,11.79348485,57.01905714,323.2484041,26.97818182,6.294772727,20.68340909,20.87746212,17.1419697,20.87746212,13.09814394,1610.376237,180.7510632,101.2403676,20.04474153,497.917703,340.9744729,497.917703,342.4930743,822
WR_40_1,-49.81703245,-26.35187365,16.51596591,11.23272727,56.53367496,309.7311607,26.05272727,6.183636364,19.86909091,20.13912879,14.38405303,20.13912879,12.67087121,1549.768211,175.7190856,90.37390224,20.94123133,484.8582675,315.2709692,484.8582675,320.76246,916
WR_40_10,-49.79337102,-26.37277223,16.51596591,11.23272727,56.53367496,309.7311607,26.05272727,6.183636364,19.86909091,20.13912879,14.38405303,20.13912879,12.67087121,1546.376753,176.448547,90.06783704,21.23550789,486.5646982,312.6245351,486.5646982,319.5631731,930
WR_40_12,-49.77174502,-26.36579229,16.30117424,11.13662879,56.48809936,307.5518309,25.76090909,6.045909091,19.715,19.90390152,14.1969697,19.90390152,12.4892803,1539.672048,177.003763,89.53442052,21.51361996,486.5364594,310.6915403,486.5364594,316.8423171,962
WR_40_13,-49.79527803,-26.3739154,16.51596591,11.23272727,56.53367496,309.7311607,26.05272727,6.183636364,19.86909091,20.13912879,14.38405303,20.13912879,12.67087121,1547.088067,176.3821807,90.14119761,21.20025171,486.5327909,312.8372414,486.5327909,319.8854125,930
WR_40_14,-49.79310871,-26.37776208,16.37029356,11.17130682,56.37221171,309.8970031,25.89931818,6.082272727,19.81704545,19.99534091,14.24920455,19.99534091,12.52022727,1547.160455,176.5617181,90.08012186,21.25971412,486.9349755,312.5884405,486.9349755,319.6608156,956
WR_40_16,-49.79726419,-26.35954069,16.51596591,11.23272727,56.53367496,309.7311607,26.05272727,6.183636364,19.86909091,20.13912879,14.38405303,20.13912879,12.67087121,1545.767579,176.3453304,90.18438044,21.17986651,485.8224805,313.3813951,485.8224805,319.1921013,912
WR_40_17,-49.83589571,-26.36517959,16.42387311,11.29679924,56.60363571,309.4853208,25.99409091,6.036363636,19.95772727,20.04018939,14.27931818,20.04018939,12.57625,1556.962673,175.4766611,91.27902435,20.67320246,485.4397094,317.2535001,485.4397094,324.0548269,915
WR_40_18,-49.83648434,-26.36812605,16.42387311,11.29679924,56.60363571,309.4853208,25.99409091,6.036363636,19.95772727,20.04018939,14.27931818,20.04018939,12.57625,1557.742004,175.4721789,91.40080222,20.64537966,485.5433521,317.4055738,485.5433521,324.4466631,933
WR_40_5,-49.79366913,-26.35507013,16.51596591,11.23272727,56.53367496,309.7311607,26.05272727,6.183636364,19.86909091,20.13912879,14.38405303,20.13912879,12.67087121,1544.236943,176.4720902,90.11967565,21.23418962,485.7499304,313.1352153,485.7499304,318.5027598,914
WR_40_6,-49.79946583,-26.35749181,16.51596591,11.23272727,56.53367496,309.7311607,26.05272727,6.183636364,19.86909091,20.13912879,14.38405303,20.13912879,12.67087121,1546.078836,176.2774158,90.21901827,21.15116549,485.6565647,313.6384818,485.6565647,319.3025822,914
WR_40_7,-49.79217838,-26.35779261,16.51596591,11.23272727,56.53367496,309.7311607,26.05272727,6.183636364,19.86909091,20.13912879,14.38405303,20.13912879,12.67087121,1544.183392,176.5158364,90.08590241,21.25473045,485.9257146,312.915554,485.9257146,318.5042722,914
WR_40_9,-49.78552696,-26.37347697,16.30117424,11.13662879,56.48809936,307.5518309,25.76090909,6.045909091,19.715,19.90390152,14.1969697,19.90390152,12.4892803,1544.135066,176.7111802,89.75620674,21.38010879,486.9398596,311.608416,486.9398596,318.575712,955
WR_41_1,-50.69060204,-26.4737217,16.40160038,12.00278409,56.67766688,329.1761036,26.51159091,5.334318182,21.17727273,20.23556818,12.26753788,20.23556818,12.26753788,1632.928485,187.6913001,101.733641,19.61742959,480.4680026,337.7732098,480.4680026,337.7732098,909
WR_41_12,-50.69962425,-26.47260151,16.40160038,12.00278409,56.67766688,329.1761036,26.51159091,5.334318182,21.17727273,20.23556818,12.26753788,20.23556818,12.26753788,1632.643324,187.6483893,101.6410736,19.56207838,480.0992797,337.8953269,480.0992797,337.8953269,904
WR_41_13,-50.68840939,-26.47081778,16.40160038,12.00278409,56.67766688,329.1761036,26.51159091,5.334318182,21.17727273,20.23556818,12.26753788,20.23556818,12.26753788,1632.123246,187.5516739,101.7440586,19.62761763,480.3562244,337.4990203,480.3562244,337.4990203,909
WR_41_14,-50.69587013,-26.48263665,16.40160038,12.00278409,56.67766688,329.1761036,26.51159091,5.334318182,21.17727273,20.23556818,12.26753788,20.23556818,12.26753788,1633.278434,187.7977514,101.7975722,19.54497781,479.9986271,338.4467529,479.9986271,338.4467529,908
WR_41_16,-50.69300332,-26.48402381,16.40160038,12.00278409,56.67766688,329.1761036,26.51159091,5.334318182,21.17727273,20.23556818,12.26753788,20.23556818,12.26753788,1633.280182,187.8008562,101.8455897,19.55321731,480.0248671,338.4757715,480.0248671,338.4757715,879
WR_41_2,-50.6951433,-26.47175766,16.40160038,12.00278409,56.67766688,329.1761036,26.51159091,5.334318182,21.17727273,20.23556818,12.26753788,20.23556818,12.26753788,1632.397396,187.6009381,101.6806569,19.58755332,480.1886096,337.7266886,480.1886096,337.7266886,904
WR_41_4,-50.69662779,-26.47777391,16.40160038,12.00278409,56.67766688,329.1761036,26.51159091,5.334318182,21.17727273,20.23556818,12.26753788,20.23556818,12.26753788,1633.293434,187.7781211,101.7217632,19.56811457,480.2231587,338.1748369,480.2231587,338.1748369,908
WR_41_4a,-50.69648433,-26.47836709,16.40160038,12.00278409,56.67766688,329.1761036,26.51159091,5.334318182,21.17727273,20.23556818,12.26753788,20.23556818,12.26753788,1633.29129,187.7803659,101.7314699,19.56556068,480.1972568,338.2067096,480.1972568,338.2067096,908
WR_41_5,-50.71981769,-26.4749689,16.50046402,12.01350379,56.54562603,331.3972014,26.64704545,5.401363636,21.24568182,20.35594697,12.33333333,20.35594697,12.33333333,1633.374547,187.8179775,101.4668497,19.45187191,479.650967,338.5465567,479.650967,338.5465567,937
WR_42_1,-50.56127887,-26.56463432,15.88410038,11.78933712,56.70056985,321.7939242,25.82090909,5.028636364,20.79227273,19.64518939,11.86541667,19.64518939,11.86541667,1623.124889,185.3708892,101.5547605,19.62307538,478.8167603,336.1643953,478.8167603,336.1643953,1059
WR_42_13,-50.55854182,-26.55202723,15.88410038,11.78933712,56.70056985,321.7939242,25.82090909,5.028636364,20.79227273,19.64518939,11.86541667,19.64518939,11.86541667,1623.707242,185.4233779,101.477604,19.75880321,479.9732396,335.239724,479.9732396,335.239724,1066
WR_42_16,-50.55247739,-26.55437398,15.88410038,11.78933712,56.70056985,321.7939242,25.82090909,5.028636364,20.79227273,19.64518939,11.86541667,19.64518939,11.86541667,1622.627266,185.1472464,101.3774693,19.75903235,479.8134369,335.0739575,479.8134369,335.0739575,1101
WR_42_17,-50.59402057,-26.55475729,16.14914773,11.84965909,56.4948152,325.8587883,26.17045455,5.195681818,20.97477273,19.95185606,12.0707197,19.95185606,12.0707197,1628.457461,186.309833,102.3148322,19.53592676,479.507591,337.7642286,479.507591,337.7642286,897
WR_42_2,-50.58043484,-26.56533659,15.88410038,11.78933712,56.70056985,321.7939242,25.82090909,5.028636364,20.79227273,19.64518939,11.86541667,19.64518939,11.86541667,1626.241614,186.1313406,102.0547793,19.53243663,478.6154362,337.3432459,478.6154362,337.3432459,998
WR_42_21,-50.58688325,-26.55457747,16.14914773,11.84965909,56.4948152,325.8587883,26.17045455,5.195681818,20.97477273,19.95185606,12.0707197,19.95185606,12.0707197,1627.502748,186.2093883,102.1569157,19.58667765,479.5550256,337.186539,479.5550256,337.186539,916
WR_42_25,-50.58161707,-26.55373861,15.88410038,11.78933712,56.70056985,321.7939242,25.82090909,5.028636364,20.79227273,19.64518939,11.86541667,19.64518939,11.86541667,1626.827052,186.1344881,102.0386548,19.63104897,479.6545284,336.7158912,479.6545284,336.7158912,917
WR_42_3,-50.58188979,-26.55810167,15.88410038,11.78933712,56.70056985,321.7939242,25.82090909,5.028636364,20.79227273,19.64518939,11.86541667,19.64518939,11.86541667,1626.720508,186.1435701,102.0655898,19.58823221,479.2661435,337.0058045,479.2661435,337.0058045,917
WR_42_3b,-50.58202236,-26.55649443,15.88410038,11.78933712,56.70056985,321.7939242,25.82090909,5.028636364,20.79227273,19.64518939,11.86541667,19.64518939,11.86541667,1626.791424,186.1435003,102.0608857,19.60229523,479.4082876,336.917454,479.4082876,336.917454,917
WR_42_4,-50.58904947,-26.56140645,16.14914773,11.84965909,56.4948152,325.8587883,26.17045455,5.195681818,20.97477273,19.95185606,12.0707197,19.95185606,12.0707197,1627.721109,186.2497112,102.2821494,19.50756432,478.9895112,337.751488,478.9895112,337.751488,1001
WR_42_4a,-50.58970229,-26.55931915,16.14914773,11.84965909,56.4948152,325.8587883,26.17045455,5.195681818,20.97477273,19.95185606,12.0707197,19.95185606,12.0707197,1627.839686,186.2559447,102.2752808,19.52247662,479.1593282,337.6817159,479.1593282,337.6817159,1001
WR_42_6,-50.58222044,-26.56816355,15.88410038,11.78933712,56.70056985,321.7939242,25.82090909,5.028636364,20.79227273,19.64518939,11.86541667,19.64518939,11.86541667,1626.450502,186.1605023,102.1258431,19.49445203,478.3770356,337.6478847,478.3770356,337.6478847,960
WR_42_8,-50.56249049,-26.55535692,15.88410038,11.78933712,56.70056985,321.7939242,25.82090909,5.028636364,20.79227273,19.64518939,11.86541667,19.64518939,11.86541667,1624.019884,185.5343162,101.6069255,19.70932878,479.643057,335.6484432,479.643057,335.6484432,1066
WR_42_9,-50.5571173,-26.55830222,15.88410038,11.78933712,56.70056985,321.7939242,25.82090909,5.028636364,20.79227273,19.64518939,11.86541667,19.64518939,11.86541667,1622.976216,185.2675479,101.4734372,19.70039467,479.4281821,335.5530313,479.4281821,335.5530313,1101
WR_43_1,-50.58484587,-26.49658098,15.85393939,11.88314394,56.93887848,320.3405247,25.81318182,4.943181818,20.87,19.59905303,11.85560606,19.59905303,11.85560606,1627.343348,185.9524215,100.9609391,19.79613502,481.8242808,335.3417889,481.8242808,335.3417889,903
WR_43_11,-50.59372467,-26.50170377,16.28713068,11.88876894,56.54403525,327.7923483,26.33022727,5.304545455,21.02568182,20.11,12.17977273,20.11,12.17977273,1628.154941,186.1685051,101.103915,19.80090672,481.8805225,335.8820163,481.8805225,335.8820163,951
WR_43_14,-50.58029191,-26.50329805,16.11840909,11.85284091,56.61304154,324.4674991,26.12454545,5.187954545,20.93659091,19.91291667,12.06128788,19.91291667,12.06128788,1627.129717,185.9062886,100.6716549,19.82666822,481.8963878,335.0259263,481.8963878,335.0259263,941
WR_43_15,-50.57686797,-26.49796626,15.7180303,11.82617424,57.12814038,317.9204733,25.60659091,4.905454545,20.70113636,19.44344697,11.75912879,19.44344697,11.75912879,1626.688228,185.7886626,100.7384609,19.80524972,481.785318,334.880791,481.785318,334.880791,912
WR_43_16,-50.57148758,-26.49758666,15.7180303,11.82617424,57.12814038,317.9204733,25.60659091,4.905454545,20.70113636,19.44344697,11.75912879,19.44344697,11.75912879,1626.342226,185.7027365,100.6333567,19.8285151,481.8935249,334.6280631,481.8935249,334.6280631,931
WR_43_17,-50.56859576,-26.49062143,15.7180303,11.82617424,57.12814038,317.9204733,25.60659091,4.905454545,20.70113636,19.44344697,11.75912879,19.44344697,11.75912879,1626.025207,185.599087,100.822801,19.8126286,481.8942616,334.6245785,481.8942616,334.6245785,953
WR_43_20,-50.59930776,-26.50837273,16.28713068,11.88876894,56.54403525,327.7923483,26.33022727,5.304545455,21.02568182,20.11,12.17977273,20.11,12.17977273,1628.579774,186.2964452,101.2417623,19.79420364,481.8003746,336.3490792,481.8003746,336.3490792,897
WR_43_3,-50.57393606,-26.49354678,15.7180303,11.82617424,57.12814038,317.9204733,25.60659091,4.905454545,20.70113636,19.44344697,11.75912879,19.44344697,11.75912879,1626.322844,185.6919719,100.8257784,19.789448,481.7092145,334.8035852,481.7092145,334.8035852,931
WR_43_5,-50.585159,-26.51128187,16.28713068,11.88876894,56.54403525,327.7923483,26.33022727,5.304545455,21.02568182,20.11,12.17977273,20.11,12.17977273,1627.663752,186.0559906,100.6488069,19.84498601,481.9611249,335.3209945,481.9611249,335.3209945,970
WR_43_6,-50.59231249,-26.51067693,16.28713068,11.88876894,56.54403525,327.7923483,26.33022727,5.304545455,21.02568182,20.11,12.17977273,20.11,12.17977273,1628.117485,186.1779657,100.9510257,19.81805008,481.8623489,335.8620988,481.8623489,335.8620988,897
WR_43_8,-50.59738942,-26.51607104,16.28713068,11.88876894,56.54403525,327.7923483,26.33022727,5.304545455,21.02568182,20.11,12.17977273,20.11,12.17977273,1628.448857,186.2816465,101.1240446,19.80463073,481.7437071,336.3253222,481.7437071,336.3253222,897
WR_44_1,-50.80144831,-25.98658165,17.39871212,11.84106061,57.14358834,327.1909968,27.22,6.498409091,20.72159091,21.14590909,13.27829545,21.14590909,13.27829545,1699.976142,190.0347571,101.2541702,20.30721176,513.9364757,345.8660497,513.9364757,345.8660497,816
WR_44_2,-50.79736308,-25.99237733,17.39871212,11.84106061,57.14358834,327.1909968,27.22,6.498409091,20.72159091,21.14590909,13.27829545,21.14590909,13.27829545,1698.75908,189.8117027,101.3005883,20.28653197,513.4839429,345.7528237,513.4839429,345.7528237,804
WR_44_3,-50.81849551,-25.9963019,17.39871212,11.84106061,57.14358834,327.1909968,27.22,6.498409091,20.72159091,21.14590909,13.27829545,21.14590909,13.27829545,1702.722766,189.4084293,102.1558974,20.00391153,513.4265919,349.0280154,513.4265919,349.0280154,812
WR_44_4,-50.80686586,-26.00252296,17.46650568,11.93047348,57.10471829,330.6743634,27.35045455,6.458181818,20.89227273,21.2392803,13.28875,21.2392803,13.28875,1699.922136,189.243882,101.9544263,20.06250586,512.8463559,347.8778035,512.8463559,347.8778035,814
WR_44_5,-50.81517649,-26.0104362,17.46650568,11.93047348,57.10471829,330.6743634,27.35045455,6.458181818,20.89227273,21.2392803,13.28875,21.2392803,13.28875,1700.250906,188.7635327,102.4679794,19.88554392,512.0226419,349.438314,512.0226419,349.438314,831
WR_45_1,-50.37272745,-26.05783668,17.43645833,11.85382576,56.78788539,328.4150973,27.34409091,6.470227273,20.87386364,21.22,13.3192803,21.22,13.3192803,1645.147225,190.9680436,102.4700675,20.89116501,518.0724132,345.3473536,518.0724132,345.3473536,777
WR_45_10,-50.38016211,-26.06320576,17.48346591,11.90962121,56.92750033,330.409205,27.40477273,6.484090909,20.92068182,21.28488636,13.33674242,21.28488636,13.33674242,1646.686356,190.7710936,102.4322915,20.77483175,517.1540984,345.8349022,517.1540984,345.8349022,771
WR_45_12,-50.3544533,-26.06072029,17.43645833,11.85382576,56.78788539,328.4150973,27.34409091,6.470227273,20.87386364,21.22,13.3192803,21.22,13.3192803,1641.121774,190.7033288,102.0502894,20.94180276,517.7524435,344.2090668,517.7524435,344.2090668,793
WR_45_14,-50.37523474,-26.06289669,17.48346591,11.90962121,56.92750033,330.409205,27.40477273,6.484090909,20.92068182,21.28488636,13.33674242,21.28488636,13.33674242,1646.177792,190.8314645,102.5586982,20.81100699,517.4197356,345.8033367,517.4197356,345.8033367,771
WR_45_15,-50.37890429,-26.0629726,17.48346591,11.90962121,56.92750033,330.409205,27.40477273,6.484090909,20.92068182,21.28488636,13.33674242,21.28488636,13.33674242,1646.540294,190.7908077,102.4630649,20.78597391,517.2396686,345.8175898,517.2396686,345.8175898,771
WR_45_18,-50.35506286,-26.06698315,17.43645833,11.85382576,56.78788539,328.4150973,27.34409091,6.470227273,20.87386364,21.22,13.3192803,21.22,13.3192803,1641.810505,190.4372299,102.0919599,20.83787437,516.8038828,344.545818,516.8038828,344.545818,772
WR_45_2,-50.35477738,-26.07145729,17.43645833,11.85382576,56.78788539,328.4150973,27.34409091,6.470227273,20.87386364,21.22,13.3192803,21.22,13.3192803,1642.132015,190.2381855,102.1037014,20.76805224,516.1238639,344.7331208,516.1238639,344.7331208,772
WR_45_23,-50.35129524,-26.06325241,17.43645833,11.85382576,56.78788539,328.4150973,27.34409091,6.470227273,20.87386364,21.22,13.3192803,21.22,13.3192803,1640.596764,190.5568464,101.9829561,20.91504473,517.3644827,344.0966146,517.3644827,344.0966146,793
WR_45_26,-50.36912691,-26.05937948,17.43645833,11.85382576,56.78788539,328.4150973,27.34409091,6.470227273,20.87386364,21.22,13.3192803,21.22,13.3192803,1644.446777,190.8885199,102.3957959,20.88839014,517.8921965,345.1819017,517.8921965,345.1819017,787
WR_45_30,-50.38331804,-26.05939595,17.48346591,11.90962121,56.92750033,330.409205,27.40477273,6.484090909,20.92068182,21.28488636,13.33674242,21.28488636,13.33674242,1646.573674,190.8412541,102.3102025,20.80242745,517.4323905,345.6128425,517.4323905,345.6128425,771
WR_45_36,-50.38657228,-26.06063679,17.48346591,11.90962121,56.92750033,330.409205,27.40477273,6.484090909,20.92068182,21.28488636,13.33674242,21.28488636,13.33674242,1647.010841,190.7710504,102.2356699,20.76544794,517.1314098,345.695008,517.1314098,345.695008,766
WR_45_41,-50.36046063,-26.06027919,17.43645833,11.85382576,56.78788539,328.4150973,27.34409091,6.470227273,20.87386364,21.22,13.3192803,21.22,13.3192803,1642.494299,190.7780846,102.1932307,20.91878454,517.8006697,344.6155847,517.8006697,344.6155847,785
WR_45_43,-50.35289998,-26.06545366,17.43645833,11.85382576,56.78788539,328.4150973,27.34409091,6.470227273,20.87386364,21.22,13.3192803,21.22,13.3192803,1641.165371,190.4760902,102.0310992,20.87149811,517.0266088,344.3137632,517.0266088,344.3137632,793
WR_45_44,-50.35509566,-26.0714302,17.43645833,11.85382576,56.78788539,328.4150973,27.34409091,6.470227273,20.87386364,21.22,13.3192803,21.22,13.3192803,1642.205663,190.2447099,102.1119411,20.76742718,516.1318355,344.7566037,516.1318355,344.7566037,772
WR_45_45,-50.35758936,-26.06345393,17.43645833,11.85382576,56.78788539,328.4150973,27.34409091,6.470227273,20.87386364,21.22,13.3192803,21.22,13.3192803,1642.099316,190.6192005,102.1392236,20.88298903,517.3406075,344.5649463,517.3406075,344.5649463,793
WR_45_5,-50.3611962,-26.0550099,17.43645833,11.85382576,56.78788539,328.4150973,27.34409091,6.470227273,20.87386364,21.22,13.3192803,21.22,13.3192803,1642.196683,190.9917256,102.1820782,20.99660214,518.5508591,344.4018022,518.5508591,344.4018022,794
WR_45_50,-50.35836966,-26.05947778,17.43645833,11.85382576,56.78788539,328.4150973,27.34409091,6.470227273,20.87386364,21.22,13.3192803,21.22,13.3192803,1641.932488,190.7917901,102.1388789,20.9419382,517.924779,344.4278433,517.924779,344.4278433,785
WR_45_6,-50.35695863,-26.05673316,17.43645833,11.85382576,56.78788539,328.4150973,27.34409091,6.470227273,20.87386364,21.22,13.3192803,21.22,13.3192803,1641.360612,190.8951697,102.0922859,20.99345339,518.3386434,344.1965907,518.3386434,344.1965907,795
WR_45_7,-50.36533603,-26.05843093,17.43645833,11.85382576,56.78788539,328.4150973,27.34409091,6.470227273,20.87386364,21.22,13.3192803,21.22,13.3192803,1643.471617,190.8904326,102.2991313,20.92168229,518.03884,344.8642342,518.03884,344.8642342,785
WR_45_9,-50.37576978,-26.06442701,17.48346591,11.90962121,56.92750033,330.409205,27.40477273,6.484090909,20.92068182,21.28488636,13.33674242,21.28488636,13.33674242,1646.375868,190.7805079,102.5574254,20.78765791,517.2069745,345.8949147,517.2069745,345.8949147,771
WR_46_1,-50.18411664,-26.00809575,17.33382576,11.7157197,57.18598967,319.5970967,27.08931818,6.602272727,20.48704545,21.01625,13.33829545,21.01625,13.33829545,1605.49812,188.7957117,98.27820918,21.41392008,510.0068818,334.5267001,510.0068818,334.5267001,799
WR_46_10,-50.17124695,-26.05469753,17.3195928,11.74320076,57.0045711,321.6751334,27.16704545,6.566590909,20.60045455,21.04109848,13.30666667,21.04109848,13.30666667,1605.323724,186.2549215,99.67587035,20.64204297,504.0147412,337.7427303,504.0147412,337.7427303,799
WR_46_12,-50.18790093,-26.06374252,17.3195928,11.74320076,57.0045711,321.6751334,27.16704545,6.566590909,20.60045455,21.04109848,13.30666667,21.04109848,13.30666667,1608.061652,185.8116497,100.0997845,20.55208832,504.3034865,339.3890962,504.3034865,339.3890962,795
WR_46_15,-50.18864802,-26.052332,17.3195928,11.74320076,57.0045711,321.6751334,27.16704545,6.566590909,20.60045455,21.04109848,13.30666667,21.04109848,13.30666667,1607.670701,186.5035356,99.59919159,20.75376687,505.8264458,338.107216,505.8264458,338.107216,809
WR_46_17,-50.18538839,-26.0606315,17.3195928,11.74320076,57.0045711,321.6751334,27.16704545,6.566590909,20.60045455,21.04109848,13.30666667,21.04109848,13.30666667,1607.512834,185.9951014,99.97598819,20.59343924,504.4302117,338.9507219,504.4302117,338.9507219,795
WR_46_2,-50.191218,-26.06184099,17.3195928,11.74320076,57.0045711,321.6751334,27.16704545,6.566590909,20.60045455,21.04109848,13.30666667,21.04109848,13.30666667,1608.512548,185.9329443,99.99557496,20.60082653,504.8889994,339.2727488,504.8889994,339.2727488,795
WR_46_21,-50.14464194,-26.04747395,17.22476326,11.71717803,57.07218028,318.5440579,27.00159091,6.471136364,20.53045455,20.92246212,13.26189394,20.92246212,13.26189394,1604.000176,186.1408537,99.09348557,20.73237654,504.9112093,336.1350576,504.9112093,336.1350576,778
WR_46_25,-50.18597618,-26.05049807,17.3195928,11.74320076,57.0045711,321.6751334,27.16704545,6.566590909,20.60045455,21.04109848,13.30666667,21.04109848,13.30666667,1607.14007,186.6090389,99.51092306,20.77172517,505.7484823,337.7843194,505.7484823,337.7843194,809
WR_46_26,-50.14646917,-26.05101369,17.22476326,11.71717803,57.07218028,318.5440579,27.00159091,6.471136364,20.53045455,20.92246212,13.26189394,20.92246212,13.26189394,1604.061856,185.9624807,99.29133952,20.68337339,504.5144779,336.5783824,504.5144779,336.5783824,780
WR_46_3,-50.19302557,-26.02039597,17.33382576,11.7157197,57.18598967,319.5970967,27.08931818,6.602272727,20.48704545,21.01625,13.33829545,21.01625,13.33829545,1607.211235,188.3774274,98.5280485,21.33135208,510.2960813,335.269405,510.2960813,335.269405,817
WR_46_4,-50.18152857,-26.02885694,17.33382576,11.7157197,57.18598967,319.5970967,27.08931818,6.602272727,20.48704545,21.01625,13.33829545,21.01625,13.33829545,1605.342397,187.90726,98.42927454,21.12860403,507.8134966,334.9659057,507.8134966,334.9659057,774
WR_46_5,-50.18473406,-26.03615789,17.33382576,11.7157197,57.18598967,319.5970967,27.08931818,6.602272727,20.48704545,21.01625,13.33829545,21.01625,13.33829545,1606.259459,187.4734556,98.83816479,21.01800797,507.3631878,336.0360888,507.3631878,336.0360888,783
WR_46_6,-50.18606064,-26.05504564,17.3195928,11.74320076,57.0045711,321.6751334,27.16704545,6.566590909,20.60045455,21.04109848,13.30666667,21.04109848,13.30666667,1607.364188,186.3341916,99.71821628,20.69300811,505.1941391,338.3194201,505.1941391,338.3194201,809
WR_46_9,-50.1800669,-26.07020056,17.3195928,11.74320076,57.0045711,321.6751334,27.16704545,6.566590909,20.60045455,21.04109848,13.30666667,21.04109848,13.30666667,1607.1204,185.4071276,100.4871301,20.40823055,502.7415513,339.9570339,502.7415513,339.9570339,781
WR_47_12,-50.13085922,-26.03147571,17.30824811,11.71077652,57.12763913,318.0285369,27.06068182,6.561363636,20.49931818,20.9905303,13.3425,20.9905303,13.3425,1603.986621,186.8393652,98.1822058,20.93207089,506.7043105,334.1308184,506.7043105,334.1308184,793
WR_47_13,-50.10378624,-26.0373653,17.21438447,11.68486742,57.25643596,315.6323659,26.96045455,6.5525,20.40795455,20.87920455,13.28977273,20.87920455,13.28977273,1599.575943,185.9076557,97.94601065,20.9494188,506.2396483,332.5406317,506.2396483,332.5406317,828
WR_47_14,-50.09670971,-26.03870777,17.21438447,11.68486742,57.25643596,315.6323659,26.96045455,6.5525,20.40795455,20.87920455,13.28977273,20.87920455,13.28977273,1598.014285,185.6717085,97.81860816,20.97039393,506.0890734,331.9170515,506.0890734,331.9170515,820
WR_47_15,-50.11430334,-26.04016501,17.21438447,11.68486742,57.25643596,315.6323659,26.96045455,6.5525,20.40795455,20.87920455,13.28977273,20.87920455,13.28977273,1601.394839,185.9556808,98.31196923,20.86003433,505.8066867,333.7969794,505.8066867,333.7969794,828
WR_47_16,-50.11263202,-26.04478859,17.26547348,11.7044697,57.00144626,318.3920403,27.04113636,6.5075,20.53363636,20.96734848,13.30200758,20.96734848,13.30200758,1600.66026,185.6301621,98.45898402,20.8104869,505.2197863,333.987639,505.2197863,333.987639,791
WR_47_19,-50.10054505,-26.02580924,17.21438447,11.68486742,57.25643596,315.6323659,26.96045455,6.5525,20.40795455,20.87920455,13.28977273,20.87920455,13.28977273,1600.413233,186.5743849,97.49974052,21.11258734,507.9635747,331.5554015,507.9635747,331.5554015,833
WR_47_2,-50.10073952,-26.04630715,17.26547348,11.7044697,57.00144626,318.3920403,27.04113636,6.5075,20.53363636,20.96734848,13.30200758,20.96734848,13.30200758,1597.855895,185.274087,98.16190765,20.8543757,504.9514408,332.7623977,504.9514408,332.7623977,784
WR_47_23,-50.13595794,-26.03367907,17.30824811,11.71077652,57.12763913,318.0285369,27.06068182,6.561363636,20.49931818,20.9905303,13.3425,20.9905303,13.3425,1603.975541,186.807513,98.32421188,20.91292651,506.4520226,334.4501238,506.4520226,334.4501238,787
WR_47_28,-50.14350963,-26.00036082,17.30824811,11.71077652,57.12763913,318.0285369,27.06068182,6.561363636,20.49931818,20.9905303,13.3425,20.9905303,13.3425,1603.549227,188.4553003,97.72879688,21.31797541,508.7438321,333.0780584,508.7438321,333.0780584,844
WR_47_3,-50.11137949,-26.01010116,17.21438447,11.68486742,57.25643596,315.6323659,26.96045455,6.5525,20.40795455,20.87920455,13.28977273,20.87920455,13.28977273,1601.637321,187.4494758,97.50570455,21.20436007,508.1777114,332.0351383,508.1777114,332.0351383,844
WR_47_30,-50.13896809,-26.00113359,17.30824811,11.71077652,57.12763913,318.0285369,27.06068182,6.561363636,20.49931818,20.9905303,13.3425,20.9905303,13.3425,1603.538906,188.3611199,97.70011106,21.29369202,508.6260108,333.0068636,508.6260108,333.0068636,835
WR_47_32,-50.12626667,-26.03305757,17.30824811,11.71077652,57.12763913,318.0285369,27.06068182,6.561363636,20.49931818,20.9905303,13.3425,20.9905303,13.3425,1603.889658,186.648839,98.23585127,20.90127431,506.5415603,334.2111281,506.5415603,334.2111281,793
WR_47_33,-50.10696105,-26.02079274,17.21438447,11.68486742,57.25643596,315.6323659,26.96045455,6.5525,20.40795455,20.87920455,13.28977273,20.87920455,13.28977273,1601.337225,186.9218945,97.53265444,21.12705474,507.9985333,331.9246776,507.9985333,331.9246776,820
WR_47_34,-50.09614301,-26.0082221,17.21438447,11.68486742,57.25643596,315.6323659,26.96045455,6.5525,20.40795455,20.87920455,13.28977273,20.87920455,13.28977273,1599.213595,187.1583793,97.29822768,21.27970922,508.3625362,330.9537343,508.3625362,330.9537343,852
WR_47_35,-50.09565233,-26.02706649,17.21438447,11.68486742,57.25643596,315.6323659,26.96045455,6.5525,20.40795455,20.87920455,13.28977273,20.87920455,13.28977273,1599.477735,186.3947228,97.46255369,21.12210676,507.895225,331.2348423,507.895225,331.2348423,816
WR_47_36,-50.10095574,-26.03131571,17.21438447,11.68486742,57.25643596,315.6323659,26.96045455,6.5525,20.40795455,20.87920455,13.28977273,20.87920455,13.28977273,1599.78564,186.2324393,97.68384928,21.04051045,507.1470289,331.9097092,507.1470289,331.9097092,833
WR_47_37,-50.09882184,-26.03251388,17.21438447,11.68486742,57.25643596,315.6323659,26.96045455,6.5525,20.40795455,20.87920455,13.28977273,20.87920455,13.28977273,1599.256795,186.1118128,97.68010794,21.0366058,507.0043281,331.7885761,507.0043281,331.7885761,816
WR_47_38,-50.12066449,-26.02963054,17.21438447,11.68486742,57.25643596,315.6323659,26.96045455,6.5525,20.40795455,20.87920455,13.28977273,20.87920455,13.28977273,1603.297015,186.7451606,97.97913032,20.96370738,507.0033069,333.4809298,507.0033069,333.4809298,823
WR_47_39,-50.13078802,-26.03695597,17.30824811,11.71077652,57.12763913,318.0285369,27.06068182,6.561363636,20.49931818,20.9905303,13.3425,20.9905303,13.3425,1603.812736,186.5009476,98.46035168,20.85839201,506.1055384,334.6921923,506.1055384,334.6921923,804
WR_47_4,-50.12148843,-26.02109462,17.21438447,11.68486742,57.25643596,315.6323659,26.96045455,6.5525,20.40795455,20.87920455,13.28977273,20.87920455,13.28977273,1603.559699,187.2166024,97.73680666,21.05835186,507.6607317,333.0183932,507.6607317,333.0183932,807
WR_47_41,-50.13394737,-26.01447185,17.30824811,11.71077652,57.12763913,318.0285369,27.06068182,6.561363636,20.49931818,20.9905303,13.3425,20.9905303,13.3425,1603.880606,187.7366562,97.77753507,21.13690837,507.9079395,333.2430161,507.9079395,333.2430161,819
WR_47_42,-50.09113239,-26.03114278,17.21438447,11.68486742,57.25643596,315.6323659,26.96045455,6.5525,20.40795455,20.87920455,13.28977273,20.87920455,13.28977273,1598.111359,186.0400984,97.49281876,21.09506237,507.3437464,331.0420992,507.3437464,331.0420992,780
WR_47_43,-50.10039372,-26.00630483,17.21438447,11.68486742,57.25643596,315.6323659,26.96045455,6.5525,20.40795455,20.87920455,13.28977273,20.87920455,13.28977273,1599.800489,187.3337842,97.33808308,21.27932825,508.3518444,331.2158067,508.3518444,331.2158067,845
WR_47_44,-50.09203371,-26.00366455,17.21438447,11.68486742,57.25643596,315.6323659,26.96045455,6.5525,20.40795455,20.87920455,13.28977273,20.87920455,13.28977273,1598.401319,187.2237346,97.21769919,21.3317708,508.4227518,330.6230798,508.4227518,330.6230798,852
WR_47_45,-50.1068769,-26.00945117,17.21438447,11.68486742,57.25643596,315.6323659,26.96045455,6.5525,20.40795455,20.87920455,13.28977273,20.87920455,13.28977273,1600.918862,187.3685881,97.44305613,21.22747021,508.2407694,331.7108412,508.2407694,331.7108412,820
WR_47_47a,-50.12239223,-26.0093987,17.21438447,11.68486742,57.25643596,315.6323659,26.96045455,6.5525,20.40795455,20.87920455,13.28977273,20.87920455,13.28977273,1603.314754,187.7405009,97.63996831,21.17060976,508.0838187,332.7809038,508.0838187,332.7809038,817
WR_47_49,-50.13667083,-26.00236521,17.30824811,11.71077652,57.12763913,318.0285369,27.06068182,6.561363636,20.49931818,20.9905303,13.3425,20.9905303,13.3425,1603.557387,188.2784798,97.69293307,21.27266441,508.5266992,332.9920112,508.5266992,332.9920112,835
WR_47_5,-50.11283,-26.02241042,17.21438447,11.68486742,57.25643596,315.6323659,26.96045455,6.5525,20.40795455,20.87920455,13.28977273,20.87920455,13.28977273,1602.287028,186.9799785,97.62757979,21.08515577,507.8218972,332.3978439,507.8218972,332.3978439,837
WR_47_52,-50.12028138,-26.0292974,17.21438447,11.68486742,57.25643596,315.6323659,26.96045455,6.5525,20.40795455,20.87920455,13.28977273,20.87920455,13.28977273,1603.252476,186.757942,97.95674609,20.96986128,507.0496157,333.4180528,507.0496157,333.4180528,823
WR_47_53,-50.12416094,-26.01313331,17.21438447,11.68486742,57.25643596,315.6323659,26.96045455,6.5525,20.40795455,20.87920455,13.28977273,20.87920455,13.28977273,1603.708944,187.6199269,97.69805495,21.1265208,507.9169926,333.0037655,507.9169926,333.0037655,817
WR_47_54,-50.1219512,-26.03235134,17.21438447,11.68486742,57.25643596,315.6323659,26.96045455,6.5525,20.40795455,20.87920455,13.28977273,20.87920455,13.28977273,1603.367988,186.6032402,98.13265267,20.92230034,506.668671,333.8460861,506.668671,333.8460861,823
WR_47_56,-50.10625635,-26.03811657,17.21438447,11.68486742,57.25643596,315.6323659,26.96045455,6.5525,20.40795455,20.87920455,13.28977273,20.87920455,13.28977273,1599.974852,185.9125817,98.03140392,20.92707093,506.1167667,332.8330509,506.1167667,332.8330509,828
WR_47_57,-50.12456379,-26.01697054,17.21438447,11.68486742,57.25643596,315.6323659,26.96045455,6.5525,20.40795455,20.87920455,13.28977273,20.87920455,13.28977273,1603.894773,187.4616118,97.74005472,21.08627112,507.7567002,333.1366431,507.7567002,333.1366431,807
WR_47_58,-50.10574751,-26.04192541,17.26547348,11.7044697,57.00144626,318.3920403,27.04113636,6.5075,20.53363636,20.96734848,13.30200758,20.96734848,13.30200758,1599.459759,185.660971,98.15591787,20.88200302,505.5910864,333.0364361,505.5910864,333.0364361,784
WR_47_59,-50.10194729,-26.02792449,17.21438447,11.68486742,57.25643596,315.6323659,26.96045455,6.5525,20.40795455,20.87920455,13.28977273,20.87920455,13.28977273,1600.371354,186.4684191,97.59055975,21.07841035,507.6211127,331.7924316,507.6211127,331.7924316,833
WR_47_60,-50.10380106,-26.04280141,17.26547348,11.7044697,57.00144626,318.3920403,27.04113636,6.5075,20.53363636,20.96734848,13.30200758,20.96734848,13.30200758,1598.950026,185.5634439,98.13365227,20.88137278,505.4679893,332.8863918,505.4679893,332.8863918,784
WR_47_7,-50.09661616,-26.02008365,17.21438447,11.68486742,57.25643596,315.6323659,26.96045455,6.5525,20.40795455,20.87920455,13.28977273,20.87920455,13.28977273,1599.734894,186.7291431,97.38447033,21.18222723,508.2383091,331.1420376,508.2383091,331.1420376,808
WR_47_71,-50.09245588,-26.03810749,17.21438447,11.68486742,57.25643596,315.6323659,26.96045455,6.5525,20.40795455,20.87920455,13.28977273,20.87920455,13.28977273,1597.261842,185.6196231,97.69864351,21.00111005,506.208931,331.4646525,506.208931,331.4646525,820
WR_47_9,-50.09379566,-26.0228759,17.21438447,11.68486742,57.25643596,315.6323659,26.96045455,6.5525,20.40795455,20.87920455,13.28977273,20.87920455,13.28977273,1599.411959,186.5670494,97.36368615,21.1743827,508.2798182,330.9649478,508.2798182,330.9649478,808
WR_48_1,-49.97251024,-26.05038942,17.20995265,11.64202652,57.51085289,312.9190343,26.82068182,6.5775,20.24318182,20.82587121,13.29931818,20.82587121,13.29931818,1560.472557,180.3613883,94.04022258,21.74396419,498.9569271,319.3179574,498.9569271,319.3179574,774
WR_48_3,-49.97098681,-26.04974829,17.20995265,11.64202652,57.51085289,312.9190343,26.82068182,6.5775,20.24318182,20.82587121,13.29931818,20.82587121,13.29931818,1560.410148,180.4192234,93.97643394,21.7687035,499.1485649,319.1551637,499.1485649,319.1551637,781
WR_49_1,-50.03583484,-25.9578753,17.0447822,11.58929924,57.69930713,308.1138907,26.61886364,6.533181818,20.08568182,20.62583333,13.22037879,20.62583333,13.22037879,1581.993213,187.6722264,94.06002951,22.17754024,507.7639234,323.3929258,507.7639234,323.3929258,833
WR_49_12,-50.08373035,-25.94167207,17.00272727,11.6094697,57.58146211,309.9445883,26.58454545,6.422727273,20.16181818,20.59712121,13.15621212,20.59712121,13.15458333,1586.741608,188.2200349,94.00247169,22.0878275,507.3282954,326.2420389,507.3282954,342.3289888,926
WR_49_3,-50.09710448,-25.95294777,17.00272727,11.6094697,57.58146211,309.9445883,26.58454545,6.422727273,20.16181818,20.59712121,13.15621212,20.59712121,13.15458333,1592.557263,188.7104708,95.32726206,21.89214926,508.3158171,328.4829737,508.3158171,344.0569064,916
WR_49_5,-50.07939655,-25.9516466,17.0921875,11.59732955,57.53486825,309.7419481,26.67613636,6.519090909,20.15704545,20.69606061,13.25359848,20.69606061,13.25359848,1588.613438,187.9657261,94.778659,21.93823158,507.4195786,326.9984398,507.4195786,326.9984398,899
WR_49_6,-50.09380876,-25.96559312,16.99180871,11.6763447,57.57114789,310.7575998,26.63295455,6.351363636,20.28159091,20.60295455,13.13708333,20.60295455,13.13708333,1595.152999,188.4237831,96.2828957,21.70282114,508.4219778,329.4784628,508.4219778,329.4784628,894
WR_49_9,-50.02614737,-25.97866106,17.31904356,11.62066288,57.39178668,312.7584646,26.97931818,6.731363636,20.24795455,20.95064394,13.42969697,20.95064394,13.42969697,1584.392209,187.4022878,94.44794631,22.09699789,508.8554294,323.8241865,508.8554294,323.8241865,809
WR_5_10,-50.23861217,-26.08706656,17.19631629,11.78323864,56.900743,323.4793376,27.07386364,6.365454545,20.70840909,20.94704545,17.19450758,20.94704545,13.15859848,1615.379768,185.1566497,99.87388569,20.60328806,506.2370364,340.8306186,506.2370364,341.2813729,787
WR_5_100,-50.20148018,-26.11800672,17.26248106,11.75833333,56.89536985,322.3020533,27.11386364,6.447272727,20.66659091,20.99992424,13.24083333,20.99992424,13.24083333,1607.565507,182.4719259,99.67419079,20.23900589,499.9449188,340.1748923,499.9449188,340.1748923,830
WR_5_101,-50.20488102,-26.08835777,17.26248106,11.75833333,56.89536985,322.3020533,27.11386364,6.447272727,20.66659091,20.99992424,17.26659091,20.99992424,13.24083333,1610.229972,184.3130908,100.1181117,20.37007934,503.0688541,340.5834511,503.0688541,340.8283206,777
WR_5_104,-50.21512878,-26.09257359,17.19631629,11.78323864,56.900743,323.4793376,27.07386364,6.365454545,20.70840909,20.94704545,17.19450758,20.94704545,13.15859848,1611.492193,184.0108215,99.9967067,20.37838329,503.339926,340.5541359,503.339926,341.2782717,807
WR_5_109,-50.22242856,-26.07584076,17.34680871,11.77782197,57.01537722,323.3823398,27.17,6.512727273,20.65727273,21.08647727,17.33958333,21.08647727,13.30435606,1613.854651,185.1313206,99.99894435,20.51793813,505.905361,340.2438296,505.905361,341.3011099,811
WR_5_11,-50.23747243,-26.08356508,17.19631629,11.78323864,56.900743,323.4793376,27.07386364,6.365454545,20.70840909,20.94704545,17.19450758,20.94704545,13.15859848,1615.425899,185.3056124,99.91603713,20.61439296,506.5246359,340.7026303,506.5246359,341.2749091,787
WR_5_112,-50.22528266,-26.0895059,17.19631629,11.78323864,56.900743,323.4793376,27.07386364,6.365454545,20.70840909,20.94704545,17.19450758,20.94704545,13.15859848,1613.273631,184.2063408,99.9377377,20.43374795,504.4337107,340.4140635,504.4337107,341.6747558,799
WR_5_117,-50.22774812,-26.10509998,17.19631629,11.78323864,56.900743,323.4793376,27.07386364,6.365454545,20.70840909,20.94704545,17.19450758,20.94704545,13.15859848,1612.521852,183.3013468,99.87050501,20.35504569,502.7639374,340.7442384,502.7639374,341.93666,795
WR_5_119,-50.22177024,-26.07139218,17.34680871,11.77782197,57.01537722,323.3823398,27.17,6.512727273,20.65727273,21.08647727,17.33958333,21.08647727,13.30435606,1613.716973,185.407841,99.95599478,20.58583869,506.5325333,340.1286758,506.5325333,340.9829355,785
WR_5_12,-50.22549183,-26.06481852,17.34680871,11.77782197,57.01537722,323.3823398,27.17,6.512727273,20.65727273,21.08647727,17.33958333,21.08647727,13.30435606,1614.125874,185.8427024,99.82922145,20.73023059,507.981045,339.9046487,507.981045,340.543882,799
WR_5_120,-50.23642645,-26.10722491,17.19631629,11.78323864,56.900743,323.4793376,27.07386364,6.365454545,20.70840909,20.94704545,17.19450758,20.94704545,13.15859848,1613.826563,183.7731414,99.6909162,20.44485719,503.5867473,341.2514577,503.5867473,341.5625067,791
WR_5_123,-50.21219985,-26.07594266,17.34680871,11.77782197,57.01537722,323.3823398,27.17,6.512727273,20.65727273,21.08647727,17.33958333,21.08647727,13.30435606,1612.264109,185.1098711,100.1684832,20.46663145,504.9795185,340.2935008,504.9795185,341.1081105,819
WR_5_13,-50.21195456,-26.10949916,17.19631629,11.78323864,56.900743,323.4793376,27.07386364,6.365454545,20.70840909,20.94704545,17.19450758,20.94704545,13.15859848,1609.765045,182.9146668,99.85713978,20.27887379,501.2573434,340.8907346,501.2573434,341.1452305,812
WR_5_130,-50.23109024,-26.11072657,17.19631629,11.78323864,56.900743,323.4793376,27.07386364,6.365454545,20.70840909,20.94704545,17.19450758,20.94704545,13.15859848,1612.694193,183.165385,99.7771936,20.3584469,502.4872456,341.0261172,502.4872456,341.8810823,795
WR_5_134,-50.2220236,-26.11095681,17.19631629,11.78323864,56.900743,323.4793376,27.07386364,6.365454545,20.70840909,20.94704545,17.19450758,20.94704545,13.15859848,1611.180056,182.7307156,99.89782492,20.28051842,501.546786,340.7291161,501.546786,341.9641534,797
WR_5_138,-50.21279991,-26.11667013,17.19631629,11.78323864,56.900743,323.4793376,27.07386364,6.365454545,20.70840909,20.94704545,17.19450758,20.94704545,13.15859848,1609.366387,182.4367809,99.79733715,20.24302082,500.498247,341.0004548,500.498247,341.231327,814
WR_5_13a,-50.21225093,-26.11320725,17.19631629,11.78323864,56.900743,323.4793376,27.07386364,6.365454545,20.70840909,20.94704545,17.19450758,20.94704545,13.15859848,1609.537813,182.6693261,99.82430535,20.26025657,500.8608537,340.9508187,500.8608537,341.1750823,812
WR_5_14,-50.23802059,-26.08120832,17.34680871,11.77782197,57.01537722,323.3823398,27.17,6.512727273,20.65727273,21.08647727,17.33958333,21.08647727,13.30435606,1615.643139,185.4810788,99.94013404,20.63709799,506.8635384,340.6573348,506.8635384,341.2412243,775
WR_5_15,-50.22341704,-26.08296888,17.34680871,11.77782197,57.01537722,323.3823398,27.17,6.512727273,20.65727273,21.08647727,17.33958333,21.08647727,13.30435606,1613.476424,184.6426768,99.96681545,20.47115398,505.1037126,340.3333822,505.1037126,341.4735312,811
WR_5_151,-50.22996223,-26.06638082,17.34680871,11.77782197,57.01537722,323.3823398,27.17,6.512727273,20.65727273,21.08647727,17.33958333,21.08647727,13.30435606,1614.79477,185.996186,99.88573467,20.75154941,508.2542267,340.0355964,508.2542267,340.6525971,799
WR_5_151a,-50.23336456,-26.07001611,17.34680871,11.77782197,57.01537722,323.3823398,27.17,6.512727273,20.65727273,21.08647727,17.33958333,21.08647727,13.30435606,1615.329695,185.9483449,99.94550605,20.72181909,508.0070969,340.2235541,508.0070969,340.8934925,787
WR_5_155,-50.20597751,-26.07288929,17.3195928,11.74320076,57.0045711,321.6751334,27.16704545,6.566590909,20.60045455,21.04109848,17.31204545,21.04109848,13.30666667,1611.294461,185.2893425,100.2231775,20.47924131,504.8267571,340.2664009,504.8267571,340.7944445,778
WR_5_158,-50.23093908,-26.07109336,17.34680871,11.77782197,57.01537722,323.3823398,27.17,6.512727273,20.65727273,21.08647727,17.33958333,21.08647727,13.30435606,1615.018316,185.748585,99.9408682,20.67453882,507.5448863,340.2133101,507.5448863,340.9849147,787
WR_5_160,-50.22639413,-26.08157114,17.34680871,11.77782197,57.01537722,323.3823398,27.17,6.512727273,20.65727273,21.08647727,17.33958333,21.08647727,13.30435606,1614.017011,184.8156469,99.94783287,20.5037941,505.5594992,340.3428245,505.5594992,341.4630743,800
WR_5_161,-50.22616696,-26.07745655,17.34680871,11.77782197,57.01537722,323.3823398,27.17,6.512727273,20.65727273,21.08647727,17.33958333,21.08647727,13.30435606,1614.287369,185.0849422,99.95655182,20.53178235,506.053715,340.2796901,506.053715,341.3725899,800
WR_5_165,-50.2318056,-26.07941531,17.34680871,11.77782197,57.01537722,323.3823398,27.17,6.512727273,20.65727273,21.08647727,17.33958333,21.08647727,13.30435606,1614.90777,185.2553139,99.95583288,20.57988903,506.4103019,340.4511755,506.4103019,341.3257428,800
WR_5_167,-50.23030258,-26.08004029,17.34680871,11.77782197,57.01537722,323.3823398,27.17,6.512727273,20.65727273,21.08647727,17.33958333,21.08647727,13.30435606,1614.661291,185.1328898,99.95175242,20.55856647,506.1723085,340.4240005,506.1723085,341.3616721,800
WR_5_17,-50.2148302,-26.07179519,17.34680871,11.77782197,57.01537722,323.3823398,27.17,6.512727273,20.65727273,21.08647727,17.33958333,21.08647727,13.30435606,1612.641445,185.3712042,100.0630642,20.54251546,505.816142,340.1873301,505.816142,340.8718553,792
WR_5_176,-50.20904992,-26.09059444,17.19631629,11.78323864,56.900743,323.4793376,27.07386364,6.365454545,20.70840909,20.94704545,17.19450758,20.94704545,13.15859848,1610.70643,184.1594893,100.0563158,20.37150122,503.1368097,340.5855322,503.1368097,340.990843,815
WR_5_18,-50.20588411,-26.1117729,17.26248106,11.75833333,56.89536985,322.3020533,27.11386364,6.447272727,20.66659091,20.99992424,13.24083333,20.99992424,13.24083333,1608.681256,182.8208131,99.79986577,20.26406348,500.7415206,340.6466586,500.7415206,340.6466586,813
WR_5_186,-50.20592753,-26.12073367,17.26248106,11.75833333,56.89536985,322.3020533,27.11386364,6.447272727,20.66659091,20.99992424,13.24083333,20.99992424,13.24083333,1608.036179,182.2500723,99.68195542,20.22605954,499.8240642,340.565645,499.8240642,340.565645,830
WR_5_187,-50.19833032,-26.1139549,17.26248106,11.75833333,56.89536985,322.3020533,27.11386364,6.447272727,20.66659091,20.99992424,13.24083333,20.99992424,13.24083333,1607.38318,182.7550394,99.71599897,20.25422355,500.2088801,339.9727404,500.2088801,339.9727404,793
WR_5_19,-50.20161517,-26.07249425,17.3195928,11.74320076,57.0045711,321.6751334,27.16704545,6.566590909,20.60045455,21.04109848,17.31204545,21.04109848,13.30666667,1610.599073,185.3058173,100.27764,20.46536499,504.4778346,340.2864971,504.4778346,340.6692478,778
WR_5_2,-50.22884263,-26.09298765,17.19631629,11.78323864,56.900743,323.4793376,27.07386364,6.365454545,20.70840909,20.94704545,17.19450758,20.94704545,13.15859848,1613.553316,184.187587,99.89931445,20.44997842,504.4056449,340.6005735,504.4056449,341.6448266,806
WR_5_20,-50.2179288,-26.07489389,17.34680871,11.77782197,57.01537722,323.3823398,27.17,6.512727273,20.65727273,21.08647727,17.33958333,21.08647727,13.30435606,1613.217197,185.1877374,100.0766541,20.50284762,505.6188884,340.2491054,505.6188884,341.19715,785
WR_5_23,-50.21678182,-26.06871948,17.34680871,11.77782197,57.01537722,323.3823398,27.17,6.512727273,20.65727273,21.08647727,17.33958333,21.08647727,13.30435606,1612.85513,185.5619889,99.97365046,20.60808704,506.4800139,340.0947772,506.4800139,340.6492976,785
WR_5_24,-50.21419348,-26.06572876,17.34680871,11.77782197,57.01537722,323.3823398,27.17,6.512727273,20.65727273,21.08647727,17.33958333,21.08647727,13.30435606,1612.352269,185.7394802,99.93871241,20.64879428,506.6880689,340.0467061,506.6880689,340.3240989,765
WR_5_246,-50.20398916,-26.09575098,17.26248106,11.75833333,56.89536985,322.3020533,27.11386364,6.447272727,20.66659091,20.99992424,13.24083333,20.99992424,13.24083333,1609.556927,183.8486662,100.0194592,20.33293369,502.2630406,340.6964728,502.2630406,340.6964728,793
WR_5_247,-50.2213587,-26.07909337,17.34680871,11.77782197,57.01537722,323.3823398,27.17,6.512727273,20.65727273,21.08647727,17.33958333,21.08647727,13.30435606,1613.447367,184.9081051,100.0054252,20.48946238,505.4120978,340.2944692,505.4120978,341.3391932,811
WR_5_26,-50.2196445,-26.06872068,17.34680871,11.77782197,57.01537722,323.3823398,27.17,6.512727273,20.65727273,21.08647727,17.33958333,21.08647727,13.30435606,1613.308002,185.5670167,99.93947032,20.62322452,506.7577127,340.0689633,506.7577127,340.7175775,785
WR_5_29,-50.21467519,-26.08012507,17.34680871,11.77782197,57.01537722,323.3823398,27.17,6.512727273,20.65727273,21.08647727,17.33958333,21.08647727,13.30435606,1612.339265,184.8364916,100.0952235,20.45236617,504.7248439,340.3515917,504.7248439,341.1806904,819
WR_5_3,-50.20293815,-26.10649436,17.26248106,11.75833333,56.89536985,322.3020533,27.11386364,6.447272727,20.66659091,20.99992424,13.24083333,20.99992424,13.24083333,1608.618462,183.178812,99.86196813,20.28449093,501.1343469,340.4811443,501.1343469,340.4811443,797
WR_5_30,-50.19441168,-26.09494943,17.26248106,11.75833333,56.89536985,322.3020533,27.11386364,6.447272727,20.66659091,20.99992424,13.24083333,20.99992424,13.24083333,1608.151639,183.9387876,100.0756205,20.31562393,501.7199323,340.2014175,501.7199323,340.2014175,782
WR_5_30a,-50.19664007,-26.09068359,17.26248106,11.75833333,56.89536985,322.3020533,27.11386364,6.447272727,20.66659091,20.99992424,13.24083333,20.99992424,13.24083333,1608.798265,184.1895439,100.1463923,20.33630922,502.2522,340.4295274,502.2522,340.4295274,778
WR_5_31,-50.22272103,-26.09942049,17.19631629,11.78323864,56.900743,323.4793376,27.07386364,6.365454545,20.70840909,20.94704545,17.19450758,20.94704545,13.15859848,1612.144368,183.5153796,99.93197277,20.35552203,503.0081931,340.560519,503.0081931,341.7861486,822
WR_5_33,-50.21716725,-26.08266941,17.34680871,11.77782197,57.01537722,323.3823398,27.17,6.512727273,20.65727273,21.08647727,17.33958333,21.08647727,13.30435606,1612.535879,184.6666879,100.0448175,20.44687229,504.6366252,340.3756197,504.6366252,341.2733705,811
WR_5_34,-50.21995674,-26.09471465,17.19631629,11.78323864,56.900743,323.4793376,27.07386364,6.365454545,20.70840909,20.94704545,17.19450758,20.94704545,13.15859848,1612.072281,183.8491872,99.95765029,20.3790291,503.410859,340.5306955,503.410859,341.5457376,822
WR_5_37,-50.2123346,-26.08779102,17.19631629,11.78323864,56.900743,323.4793376,27.07386364,6.365454545,20.70840909,20.94704545,17.19450758,20.94704545,13.15859848,1611.415515,184.3337728,100.0577065,20.39744309,503.6792986,340.5015435,503.6792986,341.1334216,815
WR_5_4,-50.20181171,-26.10090522,17.26248106,11.75833333,56.89536985,322.3020533,27.11386364,6.447272727,20.66659091,20.99992424,13.24083333,20.99992424,13.24083333,1608.851762,183.536293,99.94720419,20.30632273,501.6217329,340.4922029,501.6217329,340.4922029,797
WR_5_40,-50.23598954,-26.09575519,17.19631629,11.78323864,56.900743,323.4793376,27.07386364,6.365454545,20.70840909,20.94704545,17.19450758,20.94704545,13.15859848,1614.463224,184.4594467,99.80630433,20.51418956,504.9038057,340.9515637,504.9038057,341.4491162,790
WR_5_40a,-50.23531063,-26.09502932,17.19631629,11.78323864,56.900743,323.4793376,27.07386364,6.365454545,20.70840909,20.94704545,17.19450758,20.94704545,13.15859848,1614.403835,184.4617328,99.8204677,20.51110345,504.910942,340.9056331,504.910942,341.4638734,790
WR_5_41,-50.2080291,-26.0872313,17.26248106,11.75833333,56.89536985,322.3020533,27.11386364,6.447272727,20.66659091,20.99992424,17.26659091,20.99992424,13.24083333,1610.795293,184.3785326,100.1037734,20.38596747,503.4187556,340.5313071,503.4187556,340.9640795,777
WR_5_42,-50.22918317,-26.08416496,17.19631629,11.78323864,56.900743,323.4793376,27.07386364,6.365454545,20.70840909,20.94704545,17.19450758,20.94704545,13.15859848,1614.220821,184.7970068,99.93392774,20.51619473,505.540116,340.4645304,505.540116,341.4614021,799
WR_5_45,-50.21620316,-26.08746037,17.19631629,11.78323864,56.900743,323.4793376,27.07386364,6.365454545,20.70840909,20.94704545,17.19450758,20.94704545,13.15859848,1612.033872,184.3479112,100.0245076,20.41288218,504.0045932,340.4597674,504.0045932,341.2855495,815
WR_5_46,-50.22498293,-26.0920924,17.19631629,11.78323864,56.900743,323.4793376,27.07386364,6.365454545,20.70840909,20.94704545,17.19450758,20.94704545,13.15859848,1613.036235,184.0102551,99.93667348,20.41204277,504.0721462,340.4364922,504.0721462,341.745021,822
WR_5_5,-50.21538252,-26.07691849,17.34680871,11.77782197,57.01537722,323.3823398,27.17,6.512727273,20.65727273,21.08647727,17.33958333,21.08647727,13.30435606,1612.684734,185.0495716,100.1085716,20.47580986,505.1518128,340.2944828,505.1518128,341.1759375,819
WR_5_51,-50.22287525,-26.08821125,17.19631629,11.78323864,56.900743,323.4793376,27.07386364,6.365454545,20.70840909,20.94704545,17.19450758,20.94704545,13.15859848,1613.002585,184.2834264,99.96012076,20.43198952,504.4092294,340.4078425,504.4092294,341.5644936,816
WR_5_52,-50.22361627,-26.08524944,17.19631629,11.78323864,56.900743,323.4793376,27.07386364,6.365454545,20.70840909,20.94704545,17.19450758,20.94704545,13.15859848,1613.337111,184.4856249,99.95966458,20.45568084,504.8343848,340.3618369,504.8343848,341.5298092,816
WR_5_53,-50.23033877,-26.09403737,17.19631629,11.78323864,56.900743,323.4793376,27.07386364,6.365454545,20.70840909,20.94704545,17.19450758,20.94704545,13.15859848,1613.707781,184.2114805,99.87983936,20.46001628,504.4497498,340.6791738,504.4497498,341.6161972,806
WR_5_60,-50.22773594,-26.07266603,17.34680871,11.77782197,57.01537722,323.3823398,27.17,6.512727273,20.65727273,21.08647727,17.33958333,21.08647727,13.30435606,1614.620237,185.4795192,99.9405218,20.60997252,506.9228831,340.2019866,506.9228831,341.1249558,787
WR_5_67,-50.23595562,-26.08596429,17.19631629,11.78323864,56.900743,323.4793376,27.07386364,6.365454545,20.70840909,20.94704545,17.19450758,20.94704545,13.15859848,1615.064442,185.0697745,99.89752371,20.58039534,506.0710901,340.7148508,506.0710901,341.3351149,787
WR_5_69,-50.21868133,-26.10387011,17.19631629,11.78323864,56.900743,323.4793376,27.07386364,6.365454545,20.70840909,20.94704545,17.19450758,20.94704545,13.15859848,1611.199543,183.2375613,99.91642592,20.31910911,502.239492,340.6844013,502.239492,341.5995735,816
WR_5_7,-50.22313951,-26.06809959,17.34680871,11.77782197,57.01537722,323.3823398,27.17,6.512727273,20.65727273,21.08647727,17.33958333,21.08647727,13.30435606,1613.844412,185.6111437,99.8886749,20.65345296,507.1981983,340.0184314,507.1981983,340.7517613,785
WR_5_70a,-50.20442361,-26.1052397,17.26248106,11.75833333,56.89536985,322.3020533,27.11386364,6.447272727,20.66659091,20.99992424,13.24083333,20.99992424,13.24083333,1608.934715,183.2469816,99.88355704,20.29138383,501.3355219,340.6051275,501.3355219,340.6051275,797
WR_5_70b,-50.20476252,-26.10032501,17.26248106,11.75833333,56.89536985,322.3020533,27.11386364,6.447272727,20.66659091,20.99992424,13.24083333,20.99992424,13.24083333,1609.342952,183.5557113,99.95257899,20.31370107,501.8500867,340.6857473,501.8500867,340.6857473,797
WR_5_72,-50.23666606,-26.07593937,17.34680871,11.77782197,57.01537722,323.3823398,27.17,6.512727273,20.65727273,21.08647727,17.33958333,21.08647727,13.30435606,1615.778788,185.7337831,99.99276416,20.65928223,507.3447841,340.4895826,507.3447841,341.2084252,775
WR_5_76,-50.20601056,-26.0951626,17.26248106,11.75833333,56.89536985,322.3020533,27.11386364,6.447272727,20.66659091,20.99992424,17.26659091,20.99992424,13.24083333,1609.908418,183.8773091,100.0187896,20.34033692,502.4529729,340.7094873,502.4529729,340.8114779,793
WR_5_78,-50.22367668,-26.09654144,17.19631629,11.78323864,56.900743,323.4793376,27.07386364,6.365454545,20.70840909,20.94704545,17.19450758,20.94704545,13.15859848,1612.504583,183.7083443,99.93605914,20.37725414,503.4253894,340.5093576,503.4253894,341.7807252,822
WR_5_79,-50.22019691,-26.06453637,17.34680871,11.77782197,57.01537722,323.3823398,27.17,6.512727273,20.65727273,21.08647727,17.33958333,21.08647727,13.30435606,1613.278012,185.8231503,99.86170719,20.70317727,507.4803226,339.9452974,507.4803226,340.3876755,770
WR_5_80,-50.20470971,-26.06926674,17.3195928,11.74320076,57.0045711,321.6751334,27.16704545,6.566590909,20.60045455,21.04109848,17.31204545,21.04109848,13.30666667,1610.96533,185.5072318,100.134266,20.53683899,505.2295323,340.2129817,505.2295323,340.4153057,778
WR_5_85,-50.220147,-26.10642764,17.19631629,11.78323864,56.900743,323.4793376,27.07386364,6.365454545,20.70840909,20.94704545,17.19450758,20.94704545,13.15859848,1611.232414,183.0542982,99.90694274,20.30596878,502.0095517,340.6983421,502.0095517,341.7404332,816
WR_5_86,-50.2086086,-26.07527106,17.34680871,11.77782197,57.01537722,323.3823398,27.17,6.512727273,20.65727273,21.08647727,17.33958333,21.08647727,13.30435606,1611.757365,185.148062,100.2358331,20.45333736,504.7300785,340.2976314,504.7300785,341.0427883,819
WR_5_91,-50.22102062,-26.10824894,17.19631629,11.78323864,56.900743,323.4793376,27.07386364,6.365454545,20.70840909,20.94704545,17.19450758,20.94704545,13.15859848,1611.229588,182.9238201,99.90243226,20.29603219,501.8317927,340.7094405,501.8317927,341.8358585,816
WR_5_97,-50.19775015,-26.10849256,17.26248106,11.75833333,56.89536985,322.3020533,27.11386364,6.447272727,20.66659091,20.99992424,13.24083333,20.99992424,13.24083333,1607.688291,183.095296,99.81187574,20.27297082,500.6887151,340.0533474,500.6887151,340.0533474,793
WR_5_98,-50.2093561,-26.10827058,17.19631629,11.78323864,56.900743,323.4793376,27.07386364,6.365454545,20.70840909,20.94704545,17.19450758,20.94704545,13.15859848,1609.461679,183.0158561,99.85903922,20.28258969,501.2677583,340.9145295,501.2677583,340.9452105,818
WR_5_99,-50.20382795,-26.11370247,17.26248106,11.75833333,56.89536985,322.3020533,27.11386364,6.447272727,20.66659091,20.99992424,13.24083333,20.99992424,13.24083333,1608.230741,182.7177629,99.75971364,20.25534179,500.4589158,340.4514241,500.4589158,340.4514241,813
WR_50_12,-50.24112752,-25.86875823,17.48748106,11.60640152,57.16863131,319.4380575,27.155,6.852954545,20.30204545,21.17140152,17.42359848,21.17140152,13.49454545,1608.528157,200.6756709,93.47924026,24.69026015,532.0678703,330.4039515,532.0678703,348.2803003,798
WR_50_5,-50.24236964,-25.87655699,17.40154356,11.62876894,57.06543762,318.9880556,27.07840909,6.700454545,20.37795455,21.08598485,14.45893939,21.08598485,13.4169697,1608.30819,200.834624,93.61389728,24.76282293,532.7755863,330.082914,532.7755863,348.3664803,804
WR_50_5a,-50.23469551,-25.8829839,17.40154356,11.62876894,57.06543762,318.9880556,27.07840909,6.700454545,20.37795455,21.08598485,17.34715909,21.08598485,13.4169697,1607.68394,199.2855405,94.03288731,24.30461628,529.4911244,330.8874611,529.4911244,348.7414072,801
WR_50_7,-50.24329945,-25.88492607,17.40154356,11.62876894,57.06543762,318.9880556,27.07840909,6.700454545,20.37795455,21.08598485,17.34715909,21.08598485,13.4169697,1609.266165,200.4786181,94.30230487,24.68361606,533.0799356,330.2967227,533.0799356,348.4791059,832
WR_51_1,-50.08540924,-26.00191278,17.21438447,11.68486742,57.25643596,315.6323659,26.96045455,6.5525,20.40795455,20.87920455,13.28977273,20.87920455,13.28977273,1597.30006,187.1174628,97.12737207,21.36931237,508.4457773,330.1717095,508.4457773,330.1717095,815
WR_51_1a,-50.08528796,-26.00185127,17.21438447,11.68486742,57.25643596,315.6323659,26.96045455,6.5525,20.40795455,20.87920455,13.28977273,20.87920455,13.28977273,1597.278678,187.1164826,97.12557427,21.37020707,508.4459033,330.1633351,508.4459033,330.1633351,815
WR_51_2,-50.06678919,-26.00662619,17.25860795,11.65600379,57.20929498,315.1117472,26.95454545,6.580227273,20.37431818,20.9255303,13.33837121,20.9255303,13.33837121,1594.19482,186.8224984,96.66560646,21.487092,508.779448,328.6746779,508.779448,328.6746779,831
WR_51_3,-50.05655217,-26.01552285,17.25860795,11.65600379,57.20929498,315.1117472,26.95454545,6.580227273,20.37431818,20.9255303,13.33837121,20.9255303,13.33837121,1592.512614,186.8010894,96.29653368,21.58329159,509.302908,327.7444868,509.302908,327.7444868,826
WR_51_3a,-50.05536609,-26.01402498,17.25860795,11.65600379,57.20929498,315.1117472,26.95454545,6.580227273,20.37431818,20.9255303,13.33837121,20.9255303,13.33837121,1592.202725,186.8541361,96.23348228,21.60704356,509.3082602,327.6119232,509.3082602,327.6119232,826
WR_51_7,-50.07303243,-26.00376546,17.25860795,11.65600379,57.20929498,315.1117472,26.95454545,6.580227273,20.37431818,20.9255303,13.33837121,20.9255303,13.33837121,1595.35029,186.8172035,96.92408842,21.42165568,508.5486871,329.2952572,508.5486871,329.2952572,831
WR_52_1,-50.21394804,-25.88482593,17.40154356,11.62876894,57.06543762,318.9880556,27.07840909,6.700454545,20.37795455,21.08598485,13.425,21.08598485,13.4169697,1604.112692,197.0023573,93.797805,23.65335551,523.4180679,331.5344118,523.4180679,348.6357114,796
WR_52_12,-50.20944381,-25.88630216,17.40154356,11.62876894,57.06543762,318.9880556,27.07840909,6.700454545,20.37795455,21.08598485,13.425,21.08598485,13.4169697,1603.353845,196.653911,93.78832133,23.56779159,522.6135995,331.2930313,522.6135995,348.4656008,796
WR_52_13,-50.20866548,-25.87187296,17.48748106,11.60640152,57.16863131,319.4380575,27.155,6.852954545,20.30204545,21.17140152,13.51121212,21.17140152,13.49454545,1602.476487,197.0762075,93.07244584,23.64804271,522.2282171,330.5953674,522.2282171,348.1984147,810
WR_52_15,-50.18994561,-25.92049901,17.28107008,11.66630682,57.16230512,316.1281392,26.96454545,6.555454545,20.40909091,20.93344697,13.33901515,20.93344697,13.33901515,1601.784498,194.6077287,94.85632613,23.03868649,519.3370685,331.0275504,519.3370685,331.0275504,856
WR_52_2,-50.22879549,-25.86270513,17.48748106,11.60640152,57.16863131,319.4380575,27.155,6.852954545,20.30204545,21.17140152,17.42359848,21.17140152,13.49454545,1607.061666,198.8188852,93.38426595,24.08703235,526.7435112,331.5476166,526.7435112,348.5385761,789
WR_52_3,-50.23241239,-25.86753399,17.48748106,11.60640152,57.16863131,319.4380575,27.155,6.852954545,20.30204545,21.17140152,17.42359848,21.17140152,13.49454545,1607.168171,199.3590741,93.39903724,24.26693894,528.2996853,331.1416632,528.2996853,348.5287496,795
WR_52_4,-50.20501385,-25.87290672,17.45935606,11.61117424,57.115414,316.848322,27.11409091,6.784772727,20.32931818,21.1267803,13.51681818,21.1267803,13.50151515,1601.672152,196.8045681,93.01966363,23.58740443,521.5531601,330.3848614,521.5531601,348.0707286,831
WR_52_5,-50.20113912,-25.87443027,17.45935606,11.61117424,57.115414,316.848322,27.11409091,6.784772727,20.32931818,21.1267803,13.51681818,21.1267803,13.50151515,1600.746612,196.5066469,92.9661334,23.52262919,520.8094083,330.1678426,520.8094083,347.9410664,831
WR_52_6,-50.1900025,-25.89972228,17.29045455,11.63810606,57.19993149,315.5586461,26.98863636,6.642272727,20.34636364,20.93912879,13.36215909,20.93912879,13.36094697,1600.334992,195.1045146,93.92546954,23.17528766,519.0928771,330.3311221,519.0928771,347.7808044,884
WR_52_8,-50.19720324,-25.89269942,17.29045455,11.63810606,57.19993149,315.5586461,26.98863636,6.642272727,20.34636364,20.93912879,13.36215909,20.93912879,13.36094697,1601.381018,195.6902951,93.82431116,23.32851079,520.4124578,330.6658218,520.4124578,348.0203857,854
WR_53_1,-50.2865505,-25.92263644,17.27942235,11.72346591,57.2708146,319.3649459,26.98704545,6.516818182,20.47022727,20.9657197,14.31840909,20.9657197,13.29666667,1616.124915,203.6612608,97.97848208,25.62850561,544.6215628,328.2952323,544.6215628,336.7743407,797
WR_53_1013,-50.26226735,-25.93041271,17.27942235,11.72346591,57.2708146,319.3649459,26.98704545,6.516818182,20.47022727,20.9657197,17.23022727,20.9657197,13.29666667,1615.311426,200.063447,98.22602587,24.56612845,537.0938358,331.2750527,537.0938358,336.6934204,811
WR_53_12,-50.26884042,-25.93607448,17.27942235,11.72346591,57.2708146,319.3649459,26.98704545,6.516818182,20.47022727,20.9657197,17.23022727,20.9657197,13.29666667,1616.520705,200.3007236,98.61791091,24.57895548,537.9055503,331.47563,537.9055503,337.2572879,821
WR_53_16,-50.29005079,-25.92636653,17.27942235,11.72346591,57.2708146,319.3649459,26.98704545,6.516818182,20.47022727,20.9657197,14.31840909,20.9657197,13.29666667,1616.532753,203.6448116,98.11221393,25.60294451,544.7666964,328.6212022,544.7666964,337.0734592,810
WR_53_17,-50.28381779,-25.92587348,17.27942235,11.72346591,57.2708146,319.3649459,26.98704545,6.516818182,20.47022727,20.9657197,14.31840909,20.9657197,13.29666667,1616.316244,203.0986854,98.32251486,25.43941987,543.5422485,328.678443,543.5422485,336.9539302,810
WR_53_18,-50.28729778,-25.92771865,17.27942235,11.72346591,57.2708146,319.3649459,26.98704545,6.516818182,20.47022727,20.9657197,14.31840909,20.9657197,13.29666667,1616.660303,203.2067146,98.41428503,25.46090401,543.8818236,328.9455902,543.8818236,337.1184236,810
WR_53_19,-50.27918488,-25.92744523,17.27942235,11.72346591,57.2708146,319.3649459,26.98704545,6.516818182,20.47022727,20.9657197,14.31840909,20.9657197,13.29666667,1616.397502,202.4603921,98.38101906,25.23770455,542.229399,329.0830886,542.229399,336.9852126,807
WR_53_20,-50.2747618,-25.92818263,17.27942235,11.72346591,57.2708146,319.3649459,26.98704545,6.516818182,20.47022727,20.9657197,14.31840909,20.9657197,13.29666667,1616.337037,201.9425003,98.3967727,25.08019443,541.1332781,329.3460612,541.1332781,336.9630094,805
WR_53_2017,-50.28309786,-25.92618655,17.27942235,11.72346591,57.2708146,319.3649459,26.98704545,6.516818182,20.47022727,20.9657197,14.31840909,20.9657197,13.29666667,1616.340816,202.9901725,98.33487792,25.4046399,543.3217269,328.7549019,543.3217269,336.9631142,807
WR_53_2024,-50.28121839,-25.93656903,17.27942235,11.72346591,57.2708146,319.3649459,26.98704545,6.516818182,20.47022727,20.9657197,14.31840909,20.9657197,13.29666667,1617.592983,201.5624688,98.78991997,24.9180849,540.7632789,330.7399242,540.7632789,337.5797948,830
WR_53_22,-50.26496676,-25.93311637,17.27942235,11.72346591,57.2708146,319.3649459,26.98704545,6.516818182,20.47022727,20.9657197,17.23022727,20.9657197,13.29666667,1615.828867,200.1272836,98.40632311,24.55935718,537.3605832,331.3783475,537.3605832,336.9485661,811
WR_53_24,-50.27924997,-25.93688458,17.27942235,11.72346591,57.2708146,319.3649459,26.98704545,6.516818182,20.47022727,20.9657197,14.31840909,20.9657197,13.29666667,1617.520809,201.3536315,98.79495214,24.8560429,540.3201014,330.8325401,540.3201014,337.5701867,830
WR_53_26,-50.24779699,-25.93368075,17.19000947,11.69020833,57.26283778,316.8915554,26.87181818,6.456818182,20.415,20.84757576,17.14852273,20.84757576,13.2367803,1614.063758,197.874323,98.07910738,23.98004397,532.3317136,331.779169,532.3317136,336.4251263,835
WR_53_27,-50.24876594,-25.92301986,17.19000947,11.69020833,57.26283778,316.8915554,26.87181818,6.456818182,20.415,20.84757576,17.14852273,20.84757576,13.2367803,1613.419344,198.9403239,97.50816066,24.32354682,534.2318222,331.197558,534.2318222,335.7785019,840
WR_53_28,-50.2594131,-25.93362135,17.27942235,11.72346591,57.2708146,319.3649459,26.98704545,6.516818182,20.47022727,20.9657197,17.23022727,20.9657197,13.29666667,1615.287657,199.364029,98.31503471,24.35812465,535.6727136,331.5274789,535.6727136,336.7991895,827
WR_53_28a,-50.26103728,-25.93315465,17.27942235,11.72346591,57.2708146,319.3649459,26.98704545,6.516818182,20.47022727,20.9657197,17.23022727,20.9657197,13.29666667,1615.419762,199.6198102,98.32681111,24.42784944,536.2257211,331.4650361,536.2257211,336.8231118,811
WR_53_29,-50.25032724,-25.92631969,17.27942235,11.72346591,57.2708146,319.3649459,26.98704545,6.516818182,20.47022727,20.9657197,17.23022727,20.9657197,13.29666667,1613.82556,198.9007188,97.77094734,24.30228037,534.3904036,331.3042275,534.3904036,336.0501431,826
WR_53_3,-50.27221375,-25.93816988,17.27942235,11.72346591,57.2708146,319.3649459,26.98704545,6.516818182,20.47022727,20.9657197,14.31840909,20.9657197,13.29666667,1617.102366,200.491678,98.77667826,24.61066081,538.4625921,331.4573019,538.4625921,337.4961227,821
WR_53_30,-50.26694858,-25.94146424,17.27942235,11.72346591,57.2708146,319.3649459,26.98704545,6.516818182,20.47022727,20.9657197,17.23022727,20.9657197,13.29666667,1616.818423,199.4815632,98.82212254,24.3217312,536.3389683,331.841867,536.3389683,337.5289564,821
WR_53_31,-50.2659585,-25.93506659,17.27942235,11.72346591,57.2708146,319.3649459,26.98704545,6.516818182,20.47022727,20.9657197,17.23022727,20.9657197,13.29666667,1616.112638,200.0456056,98.5148675,24.52141819,537.2747463,331.474875,537.2747463,337.101393,827
WR_53_34,-50.2379702,-25.90819336,17.40154356,11.62876894,57.06543762,318.9880556,27.07840909,6.700454545,20.37795455,21.08598485,17.34715909,21.08598485,13.4169697,1610.839304,198.3352355,96.08606453,24.1348434,530.9623448,331.1660144,530.9623448,349.0741215,839
WR_53_35,-50.24961569,-25.93900483,17.19000947,11.69020833,57.26283778,316.8915554,26.87181818,6.456818182,20.415,20.84757576,17.14852273,20.84757576,13.2367803,1614.616342,197.6007735,98.3778901,23.86701535,531.890825,332.0439397,531.890825,336.8150688,835
WR_53_36,-50.24616591,-25.94644244,17.19000947,11.69020833,57.26283778,316.8915554,26.87181818,6.456818182,20.415,20.84757576,17.14852273,20.84757576,13.2367803,1614.688628,196.4859335,98.68285417,23.53081063,529.5824888,332.5326714,529.5824888,337.1658441,868
WR_53_37,-50.27259026,-25.93482079,17.27942235,11.72346591,57.2708146,319.3649459,26.98704545,6.516818182,20.47022727,20.9657197,14.31840909,20.9657197,13.29666667,1616.802848,200.9133725,98.63821783,24.749719,539.2182687,330.8144563,539.2182687,337.3017105,821
WR_53_38,-50.26931657,-25.93948484,17.27942235,11.72346591,57.2708146,319.3649459,26.98704545,6.516818182,20.47022727,20.9657197,17.23022727,20.9657197,13.29666667,1616.904186,199.9872118,98.77858026,24.46859237,537.3871354,331.6741237,537.3871354,337.4833664,821
WR_53_4,-50.26698107,-25.92920005,17.27942235,11.72346591,57.2708146,319.3649459,26.98704545,6.516818182,20.47022727,20.9657197,14.31840909,20.9657197,13.29666667,1615.673378,200.8075559,98.2721869,24.77085524,538.6848332,330.5205278,538.6848332,336.7720533,805
WR_53_46,-50.28397845,-25.92960716,17.27942235,11.72346591,57.2708146,319.3649459,26.98704545,6.516818182,20.47022727,20.9657197,14.31840909,20.9657197,13.29666667,1616.817989,202.6566479,98.49022128,25.28352725,542.7800167,329.3788426,542.7800167,337.1881599,810
WR_53_47,-50.28141553,-25.9300076,17.27942235,11.72346591,57.2708146,319.3649459,26.98704545,6.516818182,20.47022727,20.9657197,14.31840909,20.9657197,13.29666667,1616.780529,202.3674209,98.50022126,25.19486457,542.1669441,329.5099373,542.1669441,337.1759893,807
WR_53_5,-50.25593217,-25.93640359,17.27942235,11.72346591,57.2708146,319.3649459,26.98704545,6.516818182,20.47022727,20.9657197,17.23022727,20.9657197,13.29666667,1615.134307,198.6420064,98.37580068,24.15042316,534.1619754,331.764208,534.1619754,336.8585236,835
WR_53_7,-50.26325567,-25.93833852,17.27942235,11.72346591,57.2708146,319.3649459,26.98704545,6.516818182,20.47022727,20.9657197,17.23022727,20.9657197,13.29666667,1616.109347,199.359427,98.61006647,24.31682043,535.8855262,331.7277,535.8855262,337.2160161,827
WR_53_9,-50.25549679,-25.94211529,17.27942235,11.72346591,57.2708146,319.3649459,26.98704545,6.516818182,20.47022727,20.9657197,17.23022727,20.9657197,13.29666667,1615.523231,198.0198725,98.63944062,23.94580709,532.9865852,332.1059672,532.9865852,337.1986329,881
WR_54_10,-50.26111074,-26.04090104,17.39463068,11.789375,57.18833374,323.9685551,27.19022727,6.575227273,20.615,21.12708333,17.36223485,21.12708333,13.34037879,1619.661969,189.760869,100.2733193,21.64577823,517.7564375,339.471214,517.7564375,339.5503893,774
WR_54_11,-50.25610441,-26.0447753,17.34737689,11.81255682,57.0899375,323.9214283,27.19340909,6.502272727,20.69113636,21.08477273,17.33253788,21.08477273,13.29325758,1618.751307,189.1178417,100.1576625,21.49827947,516.0922894,339.5889876,516.0922894,339.6083976,770
WR_54_15,-50.25578388,-26.03434447,17.39463068,11.789375,57.18833374,323.9685551,27.19022727,6.575227273,20.615,21.12708333,13.34037879,21.12708333,13.34037879,1618.825074,189.8980772,100.1778218,21.71916527,518.3180233,339.1254189,518.3180233,339.1254189,775
WR_54_2,-50.26065692,-26.03297215,17.39463068,11.789375,57.18833374,323.9685551,27.19022727,6.575227273,20.615,21.12708333,17.36223485,21.12708333,13.34037879,1619.728044,190.358843,100.3032205,21.81401527,519.4792432,339.1173944,519.4792432,339.2167321,790
WR_54_20,-50.21523497,-26.03768116,17.3766572,11.74035985,57.0052454,322.2432808,27.15931818,6.564090909,20.59522727,21.09166667,13.34511364,21.09166667,13.34511364,1611.658059,187.4496145,99.33560933,21.18651292,511.130634,337.9103018,511.130634,337.9103018,806
WR_54_21,-50.21858637,-26.03739674,17.3766572,11.74035985,57.0052454,322.2432808,27.15931818,6.564090909,20.59522727,21.09166667,13.34511364,21.09166667,13.34511364,1612.235184,187.4744503,99.37724329,21.21533599,511.6101193,338.0726614,511.6101193,338.0726614,788
WR_54_3,-50.25667968,-26.04165699,17.39463068,11.789375,57.18833374,323.9685551,27.19022727,6.575227273,20.615,21.12708333,17.36223485,21.12708333,13.34037879,1618.889122,189.3973911,100.1778983,21.57223563,516.8674858,339.4618985,516.8674858,339.4799966,775
WR_54_5,-50.26119123,-26.04259125,17.34737689,11.81255682,57.0899375,323.9214283,27.19340909,6.502272727,20.69113636,21.08477273,17.33253788,21.08477273,13.29325758,1619.643979,189.6318159,100.2661483,21.61019759,517.3849714,339.546793,517.3849714,339.6202126,769
WR_54_9,-50.25769602,-26.0356932,17.39463068,11.789375,57.18833374,323.9685551,27.19022727,6.575227273,20.615,21.12708333,17.36223485,21.12708333,13.34037879,1619.149963,189.931164,100.2196514,21.71478984,518.3529068,339.2147976,518.3529068,339.2421947,775
WR_55_1,-50.13835151,-26.20608226,17.114375,11.70348485,57.04021238,319.5601467,26.87204545,6.354090909,20.51795455,20.81212121,14.84037879,20.81212121,13.11784091,1583.510187,176.7628094,97.94536341,20.7121543,492.0662534,331.1839651,492.0662534,332.1332697,785
WR_55_10,-50.14225533,-26.20876105,17.13552083,11.71263258,57.05635638,320.7061687,26.87227273,6.344090909,20.52818182,20.83340909,14.86897727,20.83340909,13.11973485,1583.914108,176.5034339,98.07379947,20.6652037,491.7694567,331.3389776,491.7694567,332.3855846,789
WR_55_12,-50.14737207,-26.21205854,17.13552083,11.71263258,57.05635638,320.7061687,26.87227273,6.344090909,20.52818182,20.83340909,14.86897727,20.83340909,13.11973485,1584.128439,176.1204249,98.15774283,20.61359208,491.3411996,331.4324022,491.3411996,332.5924412,789
WR_55_16,-50.14128741,-26.21629849,17.13552083,11.71263258,57.05635638,320.7061687,26.87227273,6.344090909,20.52818182,20.83340909,14.86897727,20.83340909,13.11973485,1583.392973,176.1681092,97.85339576,20.6726943,491.288765,330.496006,491.288765,332.308614,807
WR_55_19,-50.13988423,-26.21908424,17.13552083,11.71263258,57.05635638,320.7061687,26.87227273,6.344090909,20.52818182,20.83340909,14.86897727,20.83340909,13.11973485,1583.231951,176.1076309,97.73794814,20.68309719,491.1711789,330.1433531,491.1711789,332.2786127,812
WR_55_21,-50.13749335,-26.22639262,17.13552083,11.71263258,57.05635638,320.7061687,26.87227273,6.344090909,20.52818182,20.83340909,14.86897727,20.83340909,13.11973485,1583.299645,175.9467861,97.51341636,20.68825414,490.9824934,329.5237877,490.9824934,332.3603834,795
WR_55_23,-50.13470196,-26.21483023,17.13552083,11.71263258,57.05635638,320.7061687,26.87227273,6.344090909,20.52818182,20.83340909,14.86897727,20.83340909,13.11973485,1583.11965,176.549578,97.72069483,20.73376247,491.6762334,330.1616071,491.6762334,332.0927526,807
WR_55_24,-50.13525713,-26.21743233,17.13552083,11.71263258,57.05635638,320.7061687,26.87227273,6.344090909,20.52818182,20.83340909,14.86897727,20.83340909,13.11973485,1583.177877,176.4232831,97.67175112,20.7230772,491.5028162,330.0117863,491.5028162,332.1684695,812
WR_55_25,-50.1317624,-26.22214844,17.13552083,11.71263258,57.05635638,320.7061687,26.87227273,6.344090909,20.52818182,20.83340909,14.86897727,20.83340909,13.11973485,1583.317541,176.4508723,97.48488792,20.73802765,491.4303694,329.5224736,491.4303694,332.2602081,805
WR_55_27,-50.14687486,-26.21760613,17.13552083,11.71263258,57.05635638,320.7061687,26.87227273,6.344090909,20.52818182,20.83340909,14.86897727,20.83340909,13.11973485,1583.454755,175.8140664,97.95051326,20.62611187,490.9283481,330.7067354,490.9283481,332.4280478,790
WR_55_33,-50.13447113,-26.22484907,17.13552083,11.71263258,57.05635638,320.7061687,26.87227273,6.344090909,20.52818182,20.83340909,14.86897727,20.83340909,13.11973485,1583.301767,176.1884289,97.47569225,20.71325573,491.1259094,329.4460952,491.1259094,332.3374733,812
WR_55_39,-50.14595683,-26.2144702,17.13552083,11.71263258,57.05635638,320.7061687,26.87227273,6.344090909,20.52818182,20.83340909,14.86897727,20.83340909,13.11973485,1583.75947,176.041608,98.03454462,20.63011286,491.2121306,331.024769,491.2121306,332.4763953,789
WR_55_4,-50.13726276,-26.20953212,17.13552083,11.71263258,57.05635638,320.7061687,26.87227273,6.344090909,20.52818182,20.83340909,14.86897727,20.83340909,13.11973485,1583.312904,176.6520883,97.92860955,20.71886392,491.8869246,330.7814649,491.8869246,332.1053603,807
WR_55_6,-50.13484158,-26.21007855,17.13552083,11.71263258,57.05635638,320.7061687,26.87227273,6.344090909,20.52818182,20.83340909,14.86897727,20.83340909,13.11973485,1583.053817,176.7225491,97.83924771,20.74376808,491.9390378,330.5107407,491.9390378,331.984906,807
WR_55_9,-50.14027791,-26.21107747,17.13552083,11.71263258,57.05635638,320.7061687,26.87227273,6.344090909,20.52818182,20.83340909,14.86897727,20.83340909,13.11973485,1583.57955,176.4654349,97.97873175,20.68505555,491.6811917,330.923612,491.6811917,332.2736478,807
WR_56_1,-50.01618122,-26.00830745,17.37440341,11.63880682,57.27951457,315.8317791,27.065,6.745681818,20.31931818,21.04469697,13.44204545,21.04469697,13.44204545,1582.238665,186.4538899,94.47909673,22.02769172,508.6932321,323.558995,508.6932321,323.558995,778
WR_56_2,-50.01723769,-26.01112692,17.37440341,11.63880682,57.27951457,315.8317791,27.065,6.745681818,20.31931818,21.04469697,13.44204545,21.04469697,13.44204545,1582.71776,186.5654091,94.54709491,22.03395681,509.0087852,323.6719332,509.0087852,323.6719332,800
WR_56_2a,-50.02023857,-26.01186375,17.37440341,11.63880682,57.27951457,315.8317791,27.065,6.745681818,20.31931818,21.04469697,13.44204545,21.04469697,13.44204545,1583.96847,186.9087347,94.69579209,22.03907575,509.5196092,324.0313085,509.5196092,324.0313085,800
WR_56_3a,-50.0131311,-26.0077645,17.37440341,11.63880682,57.27951457,315.8317791,27.065,6.745681818,20.31931818,21.04469697,13.44204545,21.04469697,13.44204545,1581.026211,186.1120425,94.3435994,22.01805489,508.1691348,323.2400286,508.1691348,323.2400286,778
WR_57_1,-50.18733368,-25.99089617,17.35083333,11.70060606,57.22967014,318.0100613,27.09590909,6.650909091,20.445,21.02030303,13.37840909,21.02030303,13.37840909,1605.966819,189.5509998,98.36725196,21.6467006,511.8743957,334.662708,511.8743957,334.662708,795
WR_57_2,-50.18774717,-25.99837835,17.35083333,11.70060606,57.22967014,318.0100613,27.09590909,6.650909091,20.445,21.02030303,13.37840909,21.02030303,13.37840909,1606.096137,189.2542987,98.38411078,21.55869791,511.3276293,334.7486466,511.3276293,334.7486466,789
WR_57_21,-50.18531322,-25.99239002,17.35083333,11.70060606,57.22967014,318.0100613,27.09590909,6.650909091,20.445,21.02030303,13.37840909,21.02030303,13.37840909,1605.602609,189.4327111,98.29724858,21.61189524,511.4518859,334.4947342,511.4518859,334.4947342,789
WR_57_3,-50.17927096,-25.99298676,17.35083333,11.70060606,57.22967014,318.0100613,27.09590909,6.650909091,20.445,21.02030303,13.37840909,21.02030303,13.37840909,1604.486651,189.241297,98.08778303,21.55634385,510.5037479,333.9689349,510.5037479,333.9689349,781
WR_57_5,-50.18089251,-25.99216893,17.35083333,11.70060606,57.22967014,318.0100613,27.09590909,6.650909091,20.445,21.02030303,13.37840909,21.02030303,13.37840909,1604.780863,189.3156835,98.14214116,21.57893975,510.8107118,334.10258,510.8107118,334.10258,781
WR_57_8,-50.18102832,-25.99336686,17.35083333,11.70060606,57.22967014,318.0100613,27.09590909,6.650909091,20.445,21.02030303,13.37840909,21.02030303,13.37840909,1604.815484,189.2764712,98.14981644,21.56570865,510.7350369,334.1272899,510.7350369,334.1272899,781
WR_58_1,-50.35083478,-26.52786781,16.78778409,11.71662879,56.17955284,327.2334199,26.72181818,5.866136364,20.85568182,20.58295455,12.67950758,20.58295455,12.67950758,1619.472393,182.0854877,96.7145975,21.04607201,494.2383092,332.02404,494.2383092,332.02404,829
WR_58_1a,-50.35050139,-26.52811444,16.78778409,11.71662879,56.17955284,327.2334199,26.72181818,5.866136364,20.85568182,20.58295455,12.67950758,20.58295455,12.67950758,1619.405769,182.0733008,96.70179384,21.04695926,494.2387685,332.0266575,494.2387685,332.0266575,829
WR_58_2,-50.3461361,-26.53407195,16.78778409,11.71662879,56.17955284,327.2334199,26.72181818,5.866136364,20.85568182,20.58295455,12.67950758,20.58295455,12.67950758,1617.787948,181.8306589,96.51042023,21.04011348,493.8838277,332.0780142,493.8838277,332.0780142,854
WR_58_2a,-50.34575387,-26.5328021,16.78778409,11.71662879,56.17955284,327.2334199,26.72181818,5.866136364,20.85568182,20.58295455,12.67950758,20.58295455,12.67950758,1618.311075,181.8870245,96.53379099,21.05369635,494.161602,332.0940121,494.161602,332.0940121,839
WR_59_10,-49.85569433,-26.37817901,16.44758523,11.25967803,56.56450041,311.1318028,25.99318182,6.087272727,19.90590909,20.08492424,14.30844697,20.08492424,12.57700758,1565.749043,175.8851341,92.18770759,20.53320064,487.2016526,319.3893072,487.2016526,327.3883211,917
WR_59_13,-49.85232332,-26.3820199,16.44758523,11.25967803,56.56450041,311.1318028,25.99318182,6.087272727,19.90590909,20.08492424,14.30844697,20.08492424,12.57700758,1566.416206,176.2074578,92.20371526,20.60878565,487.8478921,319.222739,487.8478921,326.9909766,917
WR_59_16,-49.84908146,-26.37913819,16.44758523,11.25967803,56.56450041,311.1318028,25.99318182,6.087272727,19.90590909,20.08492424,14.30844697,20.08492424,12.57700758,1564.284424,175.9066179,92.05014638,20.5806713,487.0848054,318.8521651,487.0848054,326.632903,910
WR_59_18,-49.84801856,-26.38059547,16.44758523,11.25967803,56.56450041,311.1318028,25.99318182,6.087272727,19.90590909,20.08492424,14.30844697,20.08492424,12.57700758,1564.56937,176.023955,92.05995415,20.6074806,487.3260248,318.8061689,487.3260248,326.5062593,910
WR_59_19,-49.84669034,-26.38079757,16.44758523,11.25967803,56.56450041,311.1318028,25.99318182,6.087272727,19.90590909,20.08492424,14.30844697,20.08492424,12.57700758,1564.264455,176.0255419,92.03177896,20.6168152,487.297304,318.6979027,487.297304,326.3542656,910
WR_59_22,-49.85277254,-26.3743537,16.42387311,11.29679924,56.60363571,309.4853208,25.99409091,6.036363636,19.95772727,20.04018939,14.27931818,20.04018939,12.57625,1563.424648,175.5625829,92.01484978,20.50487494,486.3788982,319.0093292,486.3788982,326.9837557,922
WR_59_25,-49.84957525,-26.38681119,16.44758523,11.25967803,56.56450041,311.1318028,25.99318182,6.087272727,19.90590909,20.08492424,14.30844697,20.08492424,12.57700758,1567.563503,176.6007342,92.25424316,20.69374716,488.6766888,319.1355904,488.6766888,326.6594719,898
WR_59_26,-49.85203905,-26.39239354,16.44758523,11.25967803,56.56450041,311.1318028,25.99318182,6.087272727,19.90590909,20.08492424,14.30844697,20.08492424,12.57700758,1570.6765,177.1596876,92.46144509,20.77052128,490.0014468,319.5286357,490.0014468,326.9201717,901
WR_59_27,-49.85461964,-26.38988793,16.44758523,11.25967803,56.56450041,311.1318028,25.99318182,6.087272727,19.90590909,20.08492424,14.30844697,20.08492424,12.57700758,1570.470466,176.9830346,92.46685625,20.72205796,489.6579349,319.6756717,489.6579349,327.2246584,915
WR_59_3,-49.85714375,-26.38383542,16.44758523,11.25967803,56.56450041,311.1318028,25.99318182,6.087272727,19.90590909,20.08492424,14.30844697,20.08492424,12.57700758,1568.638537,176.4484261,92.37364256,20.61575681,488.5088259,319.6990997,488.5088259,327.5339115,915
WR_59_4,-49.85598172,-26.38152269,16.44758523,11.25967803,56.56450041,311.1318028,25.99318182,6.087272727,19.90590909,20.08492424,14.30844697,20.08492424,12.57700758,1567.28203,176.20883,92.2828958,20.58426718,487.9399607,319.5228874,487.9399607,327.409419,917
WR_59_6,-49.8534716,-26.39631926,16.44758523,11.25967803,56.56450041,311.1318028,25.99318182,6.087272727,19.90590909,20.08492424,14.30844697,20.08492424,12.57700758,1572.825064,177.5605211,92.60216278,20.82788916,490.9403366,319.781318,490.9403366,327.0700765,901
WR_59_8,-49.84715524,-26.375896,16.44758523,11.25967803,56.56450041,311.1318028,25.99318182,6.087272727,19.90590909,20.08492424,14.30844697,20.08492424,12.57700758,1562.44152,175.6026503,91.92328186,20.54283595,486.3431921,318.5862234,486.3431921,326.4268221,910
WR_59_9,-49.85599915,-26.37977968,16.44758523,11.25967803,56.56450041,311.1318028,25.99318182,6.087272727,19.90590909,20.08492424,14.30844697,20.08492424,12.57700758,1566.529934,176.0417422,92.23736478,20.55677325,487.563034,319.4676034,487.563034,327.4174332,917
WR_6_2,-50.26839823,-26.13331625,17.16589015,11.82318182,56.87267003,324.8545606,27.04,6.251136364,20.78886364,20.92806818,13.10219697,20.92806818,13.10219697,1618.449214,184.9029439,98.73949379,20.68845211,505.2368448,339.6958658,505.2368448,339.6958658,813
WR_6_4,-50.26783571,-26.12926946,17.16589015,11.82318182,56.87267003,324.8545606,27.04,6.251136364,20.78886364,20.92806818,13.10219697,20.92806818,13.10219697,1618.49802,185.0408474,98.62450012,20.70799107,505.4604288,339.6694773,505.4604288,339.6694773,813
WR_60_10,-50.28230424,-25.63598354,17.34155303,11.40257576,57.5405518,307.5851979,26.79840909,6.981818182,19.81659091,20.87443182,13.52920455,20.87443182,13.45556818,1610.577839,197.1649809,88.59701149,24.07680346,518.795519,318.4549156,518.795519,340.7967945,855
WR_60_15,-50.30135864,-25.65749049,17.58660985,11.44022727,57.22649811,311.8344183,27.08840909,7.097272727,19.99113636,21.1630303,13.71484848,21.1630303,13.63742424,1608.826785,196.7753082,89.51806719,23.90703216,517.6327482,319.4541816,517.6327482,340.6806683,837
WR_60_15a,-50.2919228,-25.64319983,17.58660985,11.44022727,57.22649811,311.8344183,27.08840909,7.097272727,19.99113636,21.1630303,13.71484848,21.1630303,13.63742424,1609.864806,197.0007597,88.97998868,23.99970063,518.1286523,318.7871361,518.1286523,340.7743345,841
WR_60_15b,-50.30737267,-25.64721194,17.58660985,11.44022727,57.22649811,311.8344183,27.08840909,7.097272727,19.99113636,21.1630303,13.71484848,21.1630303,13.63742424,1608.817426,196.4326014,89.31199249,23.87041458,516.6812265,318.8764849,516.6812265,340.7428466,819
WR_60_16,-50.30050358,-25.65195211,17.58660985,11.44022727,57.22649811,311.8344183,27.08840909,7.097272727,19.99113636,21.1630303,13.71484848,21.1630303,13.63742424,1609.07212,196.7644565,89.35285023,23.92094378,517.5455266,319.1770631,517.5455266,340.718166,837
WR_60_17,-50.30191275,-25.64865532,17.58660985,11.44022727,57.22649811,311.8344183,27.08840909,7.097272727,19.99113636,21.1630303,13.71484848,21.1630303,13.63742424,1609.097317,196.6714317,89.27831564,23.91311481,517.2914193,318.9949156,517.2914193,340.7376352,819
WR_60_2,-50.32556287,-25.64526966,17.58660985,11.44022727,57.22649811,311.8344183,27.08840909,7.097272727,19.99113636,21.1630303,13.71484848,21.1630303,13.63742424,1607.763464,195.6854476,89.50574966,23.72975841,514.7457454,318.6412264,514.7457454,340.7634412,809
WR_60_20,-50.324685,-25.63237935,17.58660985,11.44022727,57.22649811,311.8344183,27.08840909,7.097272727,19.99113636,21.1630303,13.71484848,21.1630303,13.63742424,1608.512482,195.9126687,89.23195095,23.77601018,514.6035901,318.0494288,514.6035901,340.8889597,828
WR_60_21,-50.29711065,-25.64343028,17.58660985,11.44022727,57.22649811,311.8344183,27.08840909,7.097272727,19.99113636,21.1630303,13.71484848,21.1630303,13.63742424,1609.557663,196.8085878,89.06289073,23.95812201,517.6117052,318.761692,517.6117052,340.772696,841
WR_60_22,-50.31303734,-25.62968173,17.58660985,11.44022727,57.22649811,311.8344183,27.08840909,7.097272727,19.99113636,21.1630303,13.71484848,21.1630303,13.63742424,1609.215675,196.2355496,88.95801041,23.86300824,515.6441303,317.9739063,515.6441303,340.8899635,824
WR_60_25,-50.31991711,-25.63462172,17.58660985,11.44022727,57.22649811,311.8344183,27.08840909,7.097272727,19.99113636,21.1630303,13.71484848,21.1630303,13.63742424,1608.648618,196.0227537,89.19752185,23.80277395,515.107377,318.1786185,515.107377,340.8576062,825
WR_60_26,-50.31798199,-25.63221899,17.58660985,11.44022727,57.22649811,311.8344183,27.08840909,7.097272727,19.99113636,21.1630303,13.71484848,21.1630303,13.63742424,1608.858857,196.0962294,89.10872358,23.82279902,515.2386967,318.0741631,515.2386967,340.8776425,828
WR_60_28,-50.29241667,-25.63800104,17.58660985,11.44022727,57.22649811,311.8344183,27.08840909,7.097272727,19.99113636,21.1630303,13.71484848,21.1630303,13.63742424,1609.984484,196.8903187,88.82837335,23.99930726,517.8865641,318.505768,517.8865641,340.7996724,836
WR_60_30,-50.32165881,-25.6421149,17.58660985,11.44022727,57.22649811,311.8344183,27.08840909,7.097272727,19.99113636,21.1630303,13.71484848,21.1630303,13.63742424,1608.198185,195.8932283,89.39268468,23.7692303,515.0972616,318.5211479,515.0972616,340.7836146,814
WR_60_31a,-50.31694616,-25.63883601,17.58660985,11.44022727,57.22649811,311.8344183,27.08840909,7.097272727,19.99113636,21.1630303,13.71484848,21.1630303,13.63742424,1608.61427,196.08506,89.24519802,23.81336523,515.4937645,318.3967224,515.4937645,340.8136689,825
WR_60_33,-50.30009606,-25.6323426,17.58660985,11.44022727,57.22649811,311.8344183,27.08840909,7.097272727,19.99113636,21.1630303,13.71484848,21.1630303,13.63742424,1609.757542,196.5815832,88.79247133,23.94841321,516.9457512,318.1663601,516.9457512,340.8420556,852
WR_60_34,-50.32449195,-25.63148853,17.58660985,11.44022727,57.22649811,311.8344183,27.08840909,7.097272727,19.99113636,21.1630303,13.71484848,21.1630303,13.63742424,1608.566696,195.9296668,89.20959808,23.78010617,514.6045752,318.0090964,514.6045752,340.8981595,828
WR_60_35,-50.2956804,-25.62208394,17.47458333,11.39147727,57.54790636,307.6948218,26.88977273,7.095,19.79477273,20.99617424,13.65382576,20.99617424,13.58037879,1609.549067,196.6015136,88.25166559,24.02194471,516.8703474,317.5318934,516.8703474,340.8202938,869
WR_60_35a,-50.29602283,-25.62359218,17.47458333,11.39147727,57.54790636,307.6948218,26.88977273,7.095,19.79477273,20.99617424,13.65382576,20.99617424,13.58037879,1609.873841,196.591294,88.38491362,24.00189599,516.9622946,317.6702653,516.9622946,340.8494498,869
WR_60_37,-50.30081862,-25.64484032,17.58660985,11.44022727,57.22649811,311.8344183,27.08840909,7.097272727,19.99113636,21.1630303,13.71484848,21.1630303,13.63742424,1609.294676,196.681765,89.15672978,23.92689237,517.2817692,318.8074051,517.2817692,340.7632677,819
WR_60_4,-50.30973016,-25.65617038,17.58660985,11.44022727,57.22649811,311.8344183,27.08840909,7.097272727,19.99113636,21.1630303,13.71484848,21.1630303,13.63742424,1608.316036,196.3439002,89.57249671,23.83487842,516.6844581,319.3016408,516.6844581,340.6689091,805
WR_60_40,-50.32447706,-25.63564622,17.58660985,11.44022727,57.22649811,311.8344183,27.08840909,7.097272727,19.99113636,21.1630303,13.71484848,21.1630303,13.63742424,1608.360029,195.8753092,89.29760767,23.76737098,514.6872912,318.2017753,514.6872912,340.8534751,825
WR_60_44,-50.29804114,-25.64692362,17.58660985,11.44022727,57.22649811,311.8344183,27.08840909,7.097272727,19.99113636,21.1630303,13.71484848,21.1630303,13.63742424,1609.391039,196.8161955,89.17752674,23.94706663,517.6358803,318.9372247,517.6358803,340.7519625,841
WR_60_45,-50.30392959,-25.6546979,17.58660985,11.44022727,57.22649811,311.8344183,27.08840909,7.097272727,19.99113636,21.1630303,13.71484848,21.1630303,13.63742424,1608.754747,196.6248137,89.46914483,23.88789271,517.2669434,319.2853494,517.2669434,340.6932993,837
WR_60_46,-50.30930242,-25.64288079,17.58660985,11.44022727,57.22649811,311.8344183,27.08840909,7.097272727,19.99113636,21.1630303,13.71484848,21.1630303,13.63742424,1608.872973,196.3463611,89.22699573,23.86279432,516.3614178,318.6455941,516.3614178,340.7758164,829
WR_60_48,-50.28125807,-25.62960947,17.34155303,11.40257576,57.5405518,307.5851979,26.79840909,6.981818182,19.81659091,20.87443182,13.52920455,20.87443182,13.45556818,1610.767586,197.0160465,88.36398353,24.08451821,518.6231116,318.1044397,518.6231116,340.8135799,894
WR_60_50,-50.28652776,-25.63535942,17.34155303,11.40257576,57.5405518,307.5851979,26.79840909,6.981818182,19.81659091,20.87443182,13.52920455,20.87443182,13.45556818,1610.369389,197.0208153,88.64775078,24.04511641,518.3596901,318.3969644,518.3596901,340.8044817,867
WR_60_51,-50.31856466,-25.63335185,17.58660985,11.44022727,57.22649811,311.8344183,27.08840909,7.097272727,19.99113636,21.1630303,13.71484848,21.1630303,13.63742424,1608.777397,196.0719839,89.14514216,23.81574379,515.2090064,318.125334,515.2090064,340.8678339,825
WR_60_56,-50.28675697,-25.62733154,17.34155303,11.40257576,57.5405518,307.5851979,26.79840909,6.981818182,19.81659091,20.87443182,13.52920455,20.87443182,13.45556818,1610.555931,196.8283711,88.39310321,24.04639219,518.0161456,317.9566625,518.0161456,340.8356638,868
WR_60_57,-50.31221439,-25.6265844,17.58660985,11.44022727,57.22649811,311.8344183,27.08840909,7.097272727,19.99113636,21.1630303,13.71484848,21.1630303,13.63742424,1609.385014,196.2600684,88.8658781,23.87554912,515.6401718,317.8254822,515.6401718,340.9143027,824
WR_60_59,-50.31004494,-25.62737577,17.58660985,11.44022727,57.22649811,311.8344183,27.08840909,7.097272727,19.99113636,21.1630303,13.71484848,21.1630303,13.63742424,1609.45451,196.3075913,88.84366343,23.88820929,515.8617748,317.8723727,515.8617748,340.9014344,824
WR_60_6,-50.30710426,-25.66084169,17.58660985,11.44022727,57.22649811,311.8344183,27.08840909,7.097272727,19.99113636,21.1630303,13.71484848,21.1630303,13.63742424,1608.31159,196.4920099,89.66663773,23.85057789,517.104008,319.5625809,517.104008,340.6399595,818
WR_60_69,-50.31469989,-25.6263144,17.58660985,11.44022727,57.22649811,311.8344183,27.08840909,7.097272727,19.99113636,21.1630303,13.71484848,21.1630303,13.63742424,1609.280598,196.2072853,88.90788532,23.85986878,515.4044041,317.8035706,515.4044041,340.9241172,824
WR_60_74a,-50.32197108,-25.63985316,17.58660985,11.44022727,57.22649811,311.8344183,27.08840909,7.097272727,19.99113636,21.1630303,13.71484848,21.1630303,13.63742424,1608.289413,195.9061362,89.34769686,23.77323626,515.0185471,318.4129302,515.0185471,340.8069125,825
WR_60_75,-50.31542355,-25.63734822,17.58660985,11.44022727,57.22649811,311.8344183,27.08840909,7.097272727,19.99113636,21.1630303,13.71484848,21.1630303,13.63742424,1608.763084,196.1425961,89.18540055,23.82823332,515.607803,318.3343504,515.607803,340.8260638,824
WR_60_76,-50.31351476,-25.63847827,17.58660985,11.44022727,57.22649811,311.8344183,27.08840909,7.097272727,19.99113636,21.1630303,13.71484848,21.1630303,13.63742424,1608.817849,196.2007092,89.18172173,23.83973688,515.8236827,318.4007758,515.8236827,340.8142662,824
WR_60_79,-50.30621509,-25.6572895,17.58660985,11.44022727,57.22649811,311.8344183,27.08840909,7.097272727,19.99113636,21.1630303,13.71484848,21.1630303,13.63742424,1608.507397,196.524936,89.56385276,23.86403323,517.0978126,319.3935468,517.0978126,340.6691738,837
WR_60_83,-50.30583888,-25.64182733,17.58660985,11.44022727,57.22649811,311.8344183,27.08840909,7.097272727,19.99113636,21.1630303,13.71484848,21.1630303,13.63742424,1609.111887,196.4706076,89.14773915,23.89161039,516.6799821,318.617241,516.6799821,340.7835506,819
WR_60_9,-50.28651785,-25.62800488,17.34155303,11.40257576,57.5405518,307.5851979,26.79840909,6.981818182,19.81659091,20.87443182,13.52920455,20.87443182,13.45556818,1610.550673,196.8494367,88.41022003,24.04777981,518.0653183,317.9944111,518.0653183,340.8324252,868
WR_61_1,-50.30848425,-26.05713086,17.40414773,11.83700758,56.77098094,325.8383984,27.27386364,6.423409091,20.85045455,21.15617424,13.3207197,21.15617424,13.3207197,1629.812164,190.2084241,101.0208991,21.2674285,517.6666986,341.4415643,517.6666986,341.4415643,803
WR_62_10,-50.28593482,-25.61302107,17.29842803,11.35382576,57.58646394,305.1599215,26.68886364,6.972727273,19.71613636,20.79768939,13.51280303,20.79768939,13.44397727,1607.778781,196.802075,87.31656884,24.19443069,516.9618984,316.6080512,516.9618984,340.5274079,842
WR_62_11,-50.29496659,-25.55297966,17.30977273,11.34075758,57.87845748,304.7156155,26.62022727,7.026136364,19.59409091,20.78090909,13.51810606,20.78090909,13.45284091,1599.529303,196.9615845,83.76976143,24.84386872,513.5971018,311.4747864,513.5971018,339.6749325,940
WR_62_12,-50.28836678,-25.56764152,17.21198864,11.32886364,57.95084635,303.0843598,26.49159091,6.9425,19.54909091,20.65723485,13.43340909,20.65723485,13.37481061,1598.950699,196.864647,84.03843065,24.72473521,513.6607295,312.2624499,513.6607295,339.5422026,902
WR_62_14,-50.28485931,-25.56350666,17.21198864,11.32886364,57.95084635,303.0843598,26.49159091,6.9425,19.54909091,20.65723485,13.43340909,20.65723485,13.37481061,1598.983865,196.926829,83.89289057,24.78864958,513.9527377,311.7550074,513.9527377,339.327163,941
WR_62_2,-50.29765406,-25.58300982,17.30977273,11.34075758,57.87845748,304.7156155,26.62022727,7.026136364,19.59409091,20.78090909,13.51810606,20.78090909,13.45284091,1600.782131,196.6610681,85.00019617,24.48702928,513.5465906,314.0103827,513.5465906,340.1779213,906
WR_62_27,-50.29914912,-25.58969792,17.47458333,11.39147727,57.54790636,307.6948218,26.88977273,7.095,19.79477273,20.99617424,13.65382576,20.99617424,13.58037879,1602.279216,196.6213344,85.58429962,24.39322556,513.975475,314.6625114,513.975475,340.33758,861
WR_62_5,-50.27524533,-25.60692252,17.29842803,11.35382576,57.58646394,305.1599215,26.68886364,6.972727273,19.71613636,20.79768939,13.51280303,20.79768939,13.44397727,1606.516478,196.9963956,86.63409319,24.33912621,517.3122513,315.8207268,517.3122513,340.1752351,867
WR_62_6,-50.2785498,-25.55974919,17.21198864,11.32886364,57.95084635,303.0843598,26.49159091,6.9425,19.54909091,20.65723485,13.43340909,20.65723485,13.37481061,1598.946305,196.9921448,83.71764616,24.86385381,514.3846023,311.1195788,514.3846023,338.9797053,920
WR_62_7,-50.27972748,-25.5591389,17.21198864,11.32886364,57.95084635,303.0843598,26.49159091,6.9425,19.54909091,20.65723485,13.43340909,20.65723485,13.37481061,1598.994438,196.9871585,83.71753219,24.86323245,514.32603,311.132467,514.32603,339.0262529,920
WR_62_8,-50.28475367,-25.60880196,17.29842803,11.35382576,57.58646394,305.1599215,26.68886364,6.972727273,19.71613636,20.79768939,13.51280303,20.79768939,13.44397727,1606.792603,196.8271119,86.94927668,24.2528698,516.6951482,316.1611805,516.6951482,340.3972203,842
WR_63_1,-50.62437639,-25.92037428,17.39484848,11.86871212,56.84620353,328.4769598,27.27795455,6.399318182,20.87863636,19.30041667,13.27996212,21.17003788,13.27647727,1622.590347,190.2038564,90.72994285,22.48415654,480.3187432,299.3203275,476.3315042,328.7813983,819
WR_63_10,-50.61746871,-25.93719708,17.39484848,11.86871212,56.84620353,328.4769598,27.27795455,6.399318182,20.87863636,19.30041667,13.27996212,21.17003788,13.27647727,1624.254727,190.2335064,91.20993401,22.40535849,480.3674667,299.0210994,477.1639233,329.4412488,829
WR_63_15,-50.61790619,-25.89828635,17.50298295,11.79308712,56.74031266,328.6765741,27.34863636,6.564318182,20.78431818,21.27583333,13.38651515,21.27583333,13.37375,1629.141122,187.4840765,94.80646486,21.94295257,484.0990775,308.2499458,484.0990775,335.1268009,787
WR_63_18,-50.62727672,-25.89984819,17.46213068,11.8100947,56.83146317,327.6046676,27.30522727,6.524318182,20.78090909,21.22363636,13.36151515,21.22363636,13.3430303,1629.519422,188.3276982,93.82164238,22.09496078,483.2261358,306.9084448,483.2261358,333.9466574,803
WR_63_19,-50.62451503,-25.90533723,17.50298295,11.79308712,56.74031266,328.6765741,27.34863636,6.564318182,20.78431818,21.27583333,13.38651515,21.27583333,13.37375,1627.286228,188.7936798,92.98611399,22.19302335,481.216627,304.7365327,481.216627,332.4414141,801
WR_63_26,-50.61319466,-25.93024035,17.39484848,11.86871212,56.84620353,328.4769598,27.27795455,6.399318182,20.87863636,19.30041667,13.27996212,21.17003788,13.27647727,1623.884141,189.6258051,91.92683664,22.25920229,479.7412578,300.629621,477.4713281,330.4831773,839
WR_63_27,-50.60905392,-25.93151031,17.39484848,11.86871212,56.84620353,328.4769598,27.27795455,6.399318182,20.87863636,19.30041667,13.27996212,21.17003788,13.27647727,1624.762706,189.2243065,92.63237418,22.13925782,479.3728731,301.800053,478.3955945,331.5359359,839
WR_63_29,-50.62391073,-25.93385299,17.39484848,11.86871212,56.84620353,328.4769598,27.27795455,6.399318182,20.87863636,19.30041667,13.27996212,21.17003788,13.27647727,1622.682669,190.8279965,90.10960804,22.59748373,480.9064751,297.2600638,475.6197146,327.79476,829
WR_63_3,-50.62034964,-25.9266443,17.39484848,11.86871212,56.84620353,328.4769598,27.27795455,6.399318182,20.87863636,19.30041667,13.27996212,21.17003788,13.27647727,1622.109945,190.2750873,90.71085296,22.46692903,480.2941117,298.7157257,475.7598349,328.6643868,830
WR_63_4,-50.6155737,-25.92368055,17.39484848,11.86871212,56.84620353,328.4769598,27.27795455,6.399318182,20.87863636,19.30041667,13.27996212,21.17003788,13.27647727,1622.992915,189.6269915,91.69144603,22.29501398,479.736913,300.5941933,476.968698,330.1317691,810
WR_63_6,-50.61805483,-25.93092558,17.39484848,11.86871212,56.84620353,328.4769598,27.27795455,6.399318182,20.87863636,19.30041667,13.27996212,21.17003788,13.27647727,1623.17723,190.1444006,91.10322945,22.40733402,480.2257397,299.1626945,476.5552102,329.2616566,830
WR_63_9,-50.62274937,-25.93691217,17.39484848,11.86871212,56.84620353,328.4769598,27.27795455,6.399318182,20.87863636,19.30041667,13.27996212,21.17003788,13.27647727,1623.370621,190.7856643,90.30813469,22.57021353,480.9089653,297.4328354,476.0932443,328.0998717,829
WR_64_1,-50.15791481,-26.03334319,17.30824811,11.71077652,57.12763913,318.0285369,27.06068182,6.561363636,20.49931818,20.9905303,13.3425,20.9905303,13.3425,1604.220098,187.2741722,98.43551769,20.9670954,506.4399527,334.810986,506.4399527,334.810986,799
WR_64_11,-50.15865367,-26.03115843,17.30824811,11.71077652,57.12763913,318.0285369,27.06068182,6.561363636,20.49931818,20.9905303,13.3425,20.9905303,13.3425,1604.181977,187.4219024,98.32337644,21.00366987,506.6814254,334.5648872,506.6814254,334.5648872,782
WR_64_12,-50.15224893,-26.04834568,17.22476326,11.71717803,57.07218028,318.5440579,27.00159091,6.471136364,20.53045455,20.92246212,13.26189394,20.92246212,13.26189394,1604.293628,186.2451415,99.19355827,20.72705508,504.7899763,336.4347392,504.7899763,336.4347392,786
WR_64_13,-50.16926386,-26.03749407,17.33382576,11.7157197,57.18598967,319.5970967,27.08931818,6.602272727,20.48704545,21.01625,13.33829545,21.01625,13.33829545,1604.513658,187.2537391,98.72715145,20.92509226,505.9496215,335.534191,505.9496215,335.534191,773
WR_64_14,-50.16726878,-26.03265824,17.33382576,11.7157197,57.18598967,319.5970967,27.08931818,6.602272727,20.48704545,21.01625,13.33829545,21.01625,13.33829545,1604.295535,187.5056502,98.45323555,21.00133956,506.4957625,334.8950911,506.4957625,334.8950911,768
WR_64_16,-50.15218738,-26.03343426,17.30824811,11.71077652,57.12763913,318.0285369,27.06068182,6.561363636,20.49931818,20.9905303,13.3425,20.9905303,13.3425,1604.159028,187.1522718,98.40679249,20.95224134,506.4426165,334.7180741,506.4426165,334.7180741,799
WR_64_18,-50.15649969,-26.03178043,17.30824811,11.71077652,57.12763913,318.0285369,27.06068182,6.561363636,20.49931818,20.9905303,13.3425,20.9905303,13.3425,1604.178202,187.3404485,98.34422491,20.98831604,506.6167664,334.6018107,506.6167664,334.6018107,783
WR_64_2,-50.14690723,-26.03180447,17.30824811,11.71077652,57.12763913,318.0285369,27.06068182,6.561363636,20.49931818,20.9905303,13.3425,20.9905303,13.3425,1604.102911,187.1445088,98.29066281,20.96445168,506.6344036,334.440005,506.6344036,334.440005,782
WR_64_3,-50.15179888,-26.03942851,17.30824811,11.71077652,57.12763913,318.0285369,27.06068182,6.561363636,20.49931818,20.9905303,13.3425,20.9905303,13.3425,1604.203494,186.7791466,98.72040214,20.86024511,505.7793871,335.3991178,505.7793871,335.3991178,799
WR_64_4,-50.14970402,-26.04007486,17.30824811,11.71077652,57.12763913,318.0285369,27.06068182,6.561363636,20.49931818,20.9905303,13.3425,20.9905303,13.3425,1604.159427,186.6968322,98.74094559,20.84692825,505.7134519,335.4273543,505.7134519,335.4273543,789
WR_64_6,-50.14880853,-26.03175634,17.30824811,11.71077652,57.12763913,318.0285369,27.06068182,6.561363636,20.49931818,20.9905303,13.3425,20.9905303,13.3425,1604.117796,187.1859922,98.29900877,20.96974401,506.6357003,334.4671943,506.6357003,334.4671943,782
WR_65_1,-50.24603178,-25.60063874,17.45541667,11.36727273,57.67660693,307.1612402,26.78863636,7.08,19.70863636,20.96212121,13.63106061,20.96212121,13.57132576,1592.5744,195.225771,85.70934052,24.38594514,510.9233633,312.8737704,510.9233633,337.6124536,965
WR_65_6,-50.2450889,-25.603891,17.45541667,11.36727273,57.67660693,307.1612402,26.78863636,7.08,19.70863636,20.96212121,13.63106061,20.96212121,13.57132576,1593.270399,195.206928,85.93783703,24.34578533,511.0880357,313.1733923,511.0880357,337.6427333,965
WR_66_12,-50.21934317,-25.72678752,17.39588068,11.50433712,57.47139813,312.7603434,26.90340909,6.885909091,20.0175,20.98545455,13.5082197,20.98545455,13.45818182,1593.999187,192.7686585,91.28613998,23.37054037,511.5418205,321.0268753,511.5418205,338.1347281,905
WR_66_15,-50.20988439,-25.72697704,17.39588068,11.50433712,57.47139813,312.7603434,26.90340909,6.885909091,20.0175,20.98545455,13.5082197,20.98545455,13.45818182,1590.462039,192.3640127,90.79646648,23.44075986,510.7089533,319.7906427,510.7089533,337.4881303,905
WR_66_18,-50.21782179,-25.75690441,17.59547348,11.52295455,57.00969258,316.898344,27.19340909,6.981136364,20.21227273,21.24503788,13.65261364,21.24503788,13.61405303,1595.410645,193.106012,90.93542962,23.26917447,512.6152711,323.0231339,512.6152711,341.8870528,822
WR_66_19,-50.21622025,-25.75871066,17.59547348,11.52295455,57.00969258,316.898344,27.19340909,6.981136364,20.21227273,21.24503788,13.65261364,21.24503788,13.61405303,1595.312894,193.0709553,90.85570683,23.25997965,512.5957093,323.0657261,512.5957093,342.1125895,837
WR_66_25,-50.21219663,-25.75520808,17.59547348,11.52295455,57.00969258,316.898344,27.19340909,6.981136364,20.21227273,21.24503788,13.65261364,21.24503788,13.61405303,1594.388746,192.8715527,90.720626,23.26965408,512.2043635,322.5385263,512.2043635,341.6068197,867
WR_66_3,-50.21705734,-25.75927888,17.59547348,11.52295455,57.00969258,316.898344,27.19340909,6.981136364,20.21227273,21.24503788,13.65261364,21.24503788,13.61405303,1595.466905,193.1095928,90.88387527,23.25967655,512.6670661,323.1548765,512.6670661,342.1894908,811
WR_66_31,-50.21777396,-25.73480093,17.39588068,11.50433712,57.47139813,312.7603434,26.90340909,6.885909091,20.0175,20.98545455,13.5082197,20.98545455,13.45818182,1593.939269,192.8083331,91.13282944,23.34967626,511.7241717,321.4046239,511.7241717,339.0509653,884
WR_66_32,-50.20951233,-25.751164,17.59547348,11.52295455,57.00969258,316.898344,27.19340909,6.981136364,20.21227273,21.24503788,13.65261364,21.24503788,13.61405303,1593.43416,192.7099758,90.63465483,23.29136792,511.8452559,321.9903408,511.8452559,340.9873774,867
WR_66_33,-50.20845693,-25.7547704,17.59547348,11.52295455,57.00969258,316.898344,27.19340909,6.981136364,20.21227273,21.24503788,13.65261364,21.24503788,13.61405303,1593.723874,192.7241283,90.57003697,23.26916688,511.9548361,322.2568473,511.9548361,341.5003096,867
WR_66_35,-50.21725522,-25.75338404,17.59547348,11.52295455,57.00969258,316.898344,27.19340909,6.981136364,20.21227273,21.24503788,13.65261364,21.24503788,13.61405303,1595.079233,193.0373909,90.94366984,23.2808204,512.4384158,322.7273918,512.4384158,341.427261,822
WR_66_4,-50.21421762,-25.72568349,17.39588068,11.50433712,57.47139813,312.7603434,26.90340909,6.885909091,20.0175,20.98545455,13.5082197,20.98545455,13.45818182,1591.96675,192.5323285,91.02988707,23.41470745,511.0373318,320.2573781,511.0373318,337.6195161,905
WR_66_6,-50.21161938,-25.73117373,17.39588068,11.50433712,57.47139813,312.7603434,26.90340909,6.885909091,20.0175,20.98545455,13.5082197,20.98545455,13.45818182,1591.585848,192.4998071,90.85786437,23.40274092,511.0572273,320.3887259,511.0572273,338.2041075,905
WR_66_7,-50.20688333,-25.72941558,17.54466856,11.48907197,57.21714148,312.7977773,27.05886364,6.979090909,20.07977273,21.1442803,13.65162879,21.1442803,13.61382576,1589.698654,192.2725607,90.62972463,23.44586221,510.5666061,319.6364037,510.5666061,337.6444761,876
WR_66_8,-50.20105699,-25.7271268,17.54466856,11.48907197,57.21714148,312.7977773,27.05886364,6.979090909,20.07977273,21.1442803,13.65162879,21.1442803,13.61382576,1587.180208,191.9865458,90.340774,23.50784981,509.9333376,318.6416407,509.9333376,336.8870966,876
WR_67_1,-50.3568363,-25.59679688,17.47789773,11.40424242,57.59718396,308.1691975,26.88954545,7.089545455,19.8,21.00590909,13.65291667,21.00590909,13.57515152,1603.634037,194.8339932,87.2702776,23.81881912,509.7370535,316.5369385,509.7370535,341.8584634,890
WR_67_14,-50.38050299,-25.55439605,17.32154356,11.34789773,57.66940784,306.018966,26.69022727,7.012727273,19.6775,20.81265152,13.51712121,20.81265152,13.44223485,1606.053737,195.7061842,85.81653025,24.06132847,508.1102412,315.2599208,508.1102412,342.2998858,974
WR_67_14a,-50.37954149,-25.55278196,17.32154356,11.34789773,57.66940784,306.018966,26.69022727,7.012727273,19.6775,20.81265152,13.51712121,20.81265152,13.44223485,1606.121071,195.8193386,85.72027218,24.10230468,508.3001725,315.1354436,508.3001725,342.2583793,974
WR_67_2,-50.37307353,-25.55775186,17.24007576,11.38121212,57.7753165,304.0445944,26.60590909,6.906818182,19.69909091,20.71200758,13.46560606,20.71200758,13.39333333,1605.910421,195.8980386,85.86227653,24.08510295,508.6529939,315.2904261,508.6529939,342.2207488,971
WR_67_2a,-50.36926636,-25.55086911,17.24007576,11.38121212,57.7753165,304.0445944,26.60590909,6.906818182,19.69909091,20.71200758,13.46560606,20.71200758,13.39333333,1605.668497,196.2245786,85.42307803,24.24653967,509.2774603,314.7383342,509.2774603,342.0642059,971
WR_67_4,-50.36508595,-25.54823941,17.24007576,11.38121212,57.7753165,304.0445944,26.60590909,6.906818182,19.69909091,20.71200758,13.46560606,20.71200758,13.39333333,1605.234846,196.3854003,85.18765077,24.33430015,509.6801919,314.4166756,509.6801919,341.9486403,937
WR_68_1,-50.25329114,-25.80780461,17.54805871,11.57535985,56.94433574,319.9838708,27.21818182,6.890681818,20.3275,21.23420455,13.56496212,21.23420455,13.54344697,1609.671199,199.9247049,92.71599424,24.5611092,529.7770687,329.3246476,529.7770687,346.2464434,819
WR_68_12,-50.24846543,-25.80934933,17.64088068,11.56418561,56.87537492,319.8168357,27.285,6.9525,20.3325,21.33034091,13.66352273,21.33034091,13.6380303,1609.418902,199.5377859,92.77936061,24.43351645,528.7919684,329.4404345,528.7919684,346.3936739,781
WR_68_6,-50.25587355,-25.80625654,17.54805871,11.57535985,56.94433574,319.9838708,27.21818182,6.890681818,20.3275,21.23420455,13.56496212,21.23420455,13.54344697,1609.615482,200.055949,92.65083666,24.61237267,530.0664491,329.1652143,530.0664491,346.1218938,819
WR_68_7,-50.24745181,-25.81189445,17.64088068,11.56418561,56.87537492,319.8168357,27.285,6.9525,20.3325,21.33034091,13.66352273,21.33034091,13.6380303,1609.964925,199.6806961,92.89607132,24.44976997,529.2225847,329.761639,529.2225847,346.5783149,781
WR_68_8,-50.25757353,-25.81439629,17.54805871,11.57535985,56.94433574,319.9838708,27.21818182,6.890681818,20.3275,21.23420455,13.56496212,21.23420455,13.54344697,1612.020304,201.089311,93.01681905,24.85215898,533.116455,330.2923889,533.116455,346.6425458,812
WR_69_1,-50.63288209,-26.29000631,17.33307765,12.28142045,56.81897041,336.1520259,27.48659091,5.871590909,21.615,21.19556818,13.09462121,21.19556818,13.09462121,1627.825998,181.2171752,99.72824741,19.61394795,485.863285,334.8900007,485.863285,334.8900007,778
WR_69_2,-50.63528858,-26.298757,17.24350379,12.25537879,56.85691491,334.9754218,27.40659091,5.851818182,21.55477273,21.10170455,13.02257576,21.10170455,13.02257576,1621.257508,181.0370197,99.33838407,19.71179701,484.0295792,333.1253135,484.0295792,333.1253135,812
WR_69_4,-50.63031202,-26.30338439,17.24350379,12.25537879,56.85691491,334.9754218,27.40659091,5.851818182,21.55477273,21.10170455,13.02257576,21.10170455,13.02257576,1619.025015,181.1324036,99.07540949,19.79870239,483.9462488,332.5437683,483.9462488,332.5437683,788
WR_7_1,-50.1399639,-26.19697192,17.114375,11.70348485,57.04021238,319.5601467,26.87204545,6.354090909,20.51795455,20.81212121,14.84037879,20.81212121,13.11784091,1584.109419,177.1384185,97.72559566,20.7040914,492.6189838,332.2133131,492.6189838,332.2203742,812
WR_7_18,-50.16094095,-26.18233247,17.114375,11.70348485,57.04021238,319.5601467,26.87204545,6.354090909,20.51795455,20.81212121,13.11784091,20.81212121,13.11784091,1593.143131,178.0402247,98.34877814,20.34609149,493.8709093,335.6743191,493.8709093,335.6743191,811
WR_7_2,-50.15192822,-26.18510579,17.114375,11.70348485,57.04021238,319.5601467,26.87204545,6.354090909,20.51795455,20.81212121,13.11784091,20.81212121,13.11784091,1589.044465,177.7588865,97.94109626,20.51179911,493.5051702,334.044935,493.5051702,334.044935,817
WR_7_22,-50.16773701,-26.19479967,17.09434659,11.76543561,56.96607061,321.5560788,26.9375,6.284090909,20.65340909,20.82435606,13.08147727,20.82435606,13.08147727,1591.664055,176.9163463,98.5479356,20.29714019,492.5334969,335.4210233,492.5334969,335.4210233,816
WR_7_23,-50.17948298,-26.20721727,17.09434659,11.76543561,56.96607061,321.5560788,26.9375,6.284090909,20.65340909,20.82435606,13.08147727,20.82435606,13.08147727,1588.943166,175.5942959,98.59829194,20.30899322,491.0342069,334.5492577,491.0342069,334.5492577,824
WR_7_39,-50.16427522,-26.16925794,17.114375,11.70348485,57.04021238,319.5601467,26.87204545,6.354090909,20.51795455,20.81212121,13.11784091,20.81212121,13.11784091,1597.302965,179.1420674,98.60707505,20.25664738,495.1609893,336.9559715,495.1609893,336.9559715,804
WR_7_4,-50.17052751,-26.20584751,17.09434659,11.76543561,56.96607061,321.5560788,26.9375,6.284090909,20.65340909,20.82435606,13.08147727,20.82435606,13.08147727,1588.345408,175.7713855,98.47872155,20.33787641,491.1873871,334.3895181,491.1873871,334.3895181,818
WR_70_1,-50.44582773,-25.97198712,17.44667614,11.85793561,56.75196244,328.3833849,27.37340909,6.479090909,20.89431818,21.23356061,13.33443182,21.23356061,13.33443182,1643.617273,192.6359499,100.4148033,21.4374274,519.0703049,341.6480914,519.0703049,341.6480914,791
WR_70_3,-50.45090229,-25.96842357,17.44667614,11.85793561,56.75196244,328.3833849,27.37340909,6.479090909,20.89431818,21.23356061,13.33443182,21.23356061,13.33443182,1642.19615,192.3903328,100.2749201,21.38686954,517.6511927,341.165549,517.6511927,341.165549,763
WR_70_9,-50.43508459,-25.96753245,17.44667614,11.85793561,56.75196244,328.3833849,27.37340909,6.479090909,20.89431818,21.23356061,13.33443182,21.23356061,13.33443182,1642.858406,193.7336375,100.800294,21.70794421,522.3858213,342.1885007,522.3858213,342.1885007,789
WR_71_2,-50.28346367,-25.87735462,17.43731061,11.67806818,57.01106192,321.2120956,27.17590909,6.692045455,20.48386364,21.14200758,14.47450758,21.14200758,13.42375,1613.728994,206.8532544,94.19016189,26.84713766,549.5166943,325.66921,549.5166943,346.9285982,788
WR_71_4,-50.2865877,-25.87192069,17.58413826,11.64498106,57.02860079,322.4785162,27.27727273,6.857727273,20.41954545,21.29477273,14.61409091,21.29477273,13.55231061,1613.67887,207.2662818,94.01497184,27.01266872,550.325593,325.5113819,550.325593,346.736507,807
WR_71_5,-50.27284657,-25.85305204,17.58413826,11.64498106,57.02860079,322.4785162,27.27727273,6.857727273,20.41954545,21.29477273,14.61409091,21.29477273,13.55231061,1614.989785,204.9221855,93.6704324,26.07220836,544.2596045,328.0848233,544.2596045,347.2290558,779
WR_72_1,-50.11985397,-25.91661521,17.345625,11.58890152,57.29924,313.7873074,26.97863636,6.753409091,20.22522727,20.97965909,13.44503788,20.97965909,13.44022727,1590.820817,190.4510472,93.91643102,22.33913747,509.4645014,328.2014794,509.4645014,345.0640868,872
WR_72_2,-50.12075414,-25.92214495,17.00272727,11.6094697,57.58146211,309.9445883,26.58454545,6.422727273,20.16181818,20.59712121,13.15621212,20.59712121,13.15458333,1591.352868,190.431493,94.06548835,22.31434358,509.5698793,328.3173226,509.5698793,345.1192206,909
WR_72_3,-50.11677221,-25.92316765,17.00272727,11.6094697,57.58146211,309.9445883,26.58454545,6.422727273,20.16181818,20.59712121,13.15621212,20.59712121,13.15458333,1590.39462,190.2023426,93.91608228,22.31512664,509.2779256,327.9002733,509.2779256,344.7075128,909
WR_78_1,-50.42856615,-26.06916192,17.52307765,11.91672348,56.71315826,331.6229746,27.45386364,6.441590909,21.01227273,21.32939394,13.35299242,21.32939394,13.35299242,1652.537764,190.3601597,101.311779,20.4430912,514.5890231,346.3651616,514.5890231,346.3651616,758
WR_78_1a,-50.42756266,-26.06712942,17.52307765,11.91672348,56.71315826,331.6229746,27.45386364,6.441590909,21.01227273,21.32939394,13.35299242,21.32939394,13.35299242,1652.029799,190.3414883,101.2886031,20.4627531,514.7284461,346.2232609,514.7284461,346.2232609,758
WR_79_3,-50.42463553,-26.05739454,17.52307765,11.91672348,56.71315826,331.6229746,27.45386364,6.441590909,21.01227273,21.32939394,13.35299242,21.32939394,13.35299242,1649.910378,190.3831903,101.1439027,20.56656679,515.3838648,345.5523727,515.3838648,345.5523727,779
WR_79_4,-50.4286265,-26.05072357,17.52307765,11.91672348,56.71315826,331.6229746,27.45386364,6.441590909,21.01227273,21.32939394,13.35299242,21.32939394,13.35299242,1648.764992,190.4938188,100.90526,20.62195273,515.2530997,345.0553711,515.2530997,345.0553711,764
WR_8_1,-50.14340975,-26.07554185,17.22476326,11.71717803,57.07218028,318.5440579,27.00159091,6.471136364,20.53045455,20.92246212,13.26189394,20.92246212,13.26189394,1603.69861,184.4073501,100.49516,20.35304582,501.847587,339.1035483,501.847587,339.1035483,841
WR_8_10,-50.17084338,-26.07774867,17.3195928,11.74320076,57.0045711,321.6751334,27.16704545,6.566590909,20.60045455,21.04109848,13.30666667,21.04109848,13.30666667,1606.005905,184.8728561,100.686153,20.31026691,501.565336,340.1138495,501.565336,340.1138495,801
WR_8_103,-50.14927698,-26.07509873,17.22476326,11.71717803,57.07218028,318.5440579,27.00159091,6.471136364,20.53045455,20.92246212,13.26189394,20.92246212,13.26189394,1604.259171,184.553057,100.5674286,20.34472516,501.8452516,339.3713519,501.8452516,339.3713519,841
WR_8_106,-50.18416517,-26.07891082,17.3195928,11.74320076,57.0045711,321.6751334,27.16704545,6.566590909,20.60045455,21.04109848,13.30666667,21.04109848,13.30666667,1607.716371,184.9001267,100.5542042,20.33512954,502.254209,340.4310495,502.254209,340.4310495,798
WR_8_108,-50.18642151,-26.07814031,17.3195928,11.74320076,57.0045711,321.6751334,27.16704545,6.566590909,20.60045455,21.04109848,17.31204545,21.04109848,13.30666667,1608.119347,184.9460233,100.5405572,20.34570169,502.507055,340.4765049,502.507055,340.5198674,798
WR_8_111,-50.14904392,-26.0834417,17.13258523,11.73691288,57.13984074,318.8156024,26.89977273,6.359090909,20.54068182,20.83757576,13.16,20.83757576,13.16,1603.601894,184.1545518,100.2676202,20.3354499,501.3161689,338.9402372,501.3161689,338.9402372,825
WR_8_112,-50.17179294,-26.08719125,17.26248106,11.75833333,56.89536985,322.3020533,27.11386364,6.447272727,20.66659091,20.99992424,13.24083333,20.99992424,13.24083333,1605.427263,184.3853345,100.3839312,20.29567486,500.9630382,339.5615226,500.9630382,339.5615226,793
WR_8_117,-50.18531774,-26.08787406,17.26248106,11.75833333,56.89536985,322.3020533,27.11386364,6.447272727,20.66659091,20.99992424,13.24083333,20.99992424,13.24083333,1607.261606,184.3841479,100.3029268,20.31554727,501.6683182,340.0469156,501.6683182,340.0469156,786
WR_8_118,-50.16488836,-26.07224843,17.22476326,11.71717803,57.07218028,318.5440579,27.00159091,6.471136364,20.53045455,20.92246212,13.26189394,20.92246212,13.26189394,1605.575513,185.0588601,100.571915,20.36471482,502.0777376,339.6968649,502.0777376,339.6968649,793
WR_8_129,-50.18949658,-26.08836277,17.26248106,11.75833333,56.89536985,322.3020533,27.11386364,6.447272727,20.66659091,20.99992424,13.24083333,20.99992424,13.24083333,1607.868458,184.3467512,100.2533886,20.32529231,501.9380264,340.1961437,501.9380264,340.1961437,786
WR_8_13,-50.15864886,-26.06445369,17.22476326,11.71717803,57.07218028,318.5440579,27.00159091,6.471136364,20.53045455,20.92246212,13.26189394,20.92246212,13.26189394,1604.884263,185.3991717,100.0982577,20.487888,502.976378,338.5184627,502.976378,338.5184627,786
WR_8_14,-50.18012402,-26.08118591,17.3195928,11.74320076,57.0045711,321.6751334,27.16704545,6.566590909,20.60045455,21.04109848,13.30666667,21.04109848,13.30666667,1606.932815,184.7702268,100.5468662,20.31573601,501.749988,340.2071617,501.749988,340.2071617,786
WR_8_16,-50.17265649,-26.0787911,17.3195928,11.74320076,57.0045711,321.6751334,27.16704545,6.566590909,20.60045455,21.04109848,13.30666667,21.04109848,13.30666667,1606.096616,184.8540227,100.6697795,20.3061914,501.490025,340.1218357,501.490025,340.1218357,801
WR_8_2,-50.19632856,-26.08235322,17.3195928,11.74320076,57.0045711,321.6751334,27.16704545,6.566590909,20.60045455,21.04109848,17.31204545,21.04109848,13.30666667,1609.348083,184.6973378,100.3087842,20.36785409,502.9831137,340.5220668,502.9831137,340.6358791,785
WR_8_21,-50.1654634,-26.07940262,17.22476326,11.71717803,57.07218028,318.5440579,27.00159091,6.471136364,20.53045455,20.92246212,13.26189394,20.92246212,13.26189394,1605.400676,184.6760368,100.5771669,20.31540324,501.4883736,339.7972146,501.4883736,339.7972146,810
WR_8_25,-50.18854179,-26.07456031,17.3195928,11.74320076,57.0045711,321.6751334,27.16704545,6.566590909,20.60045455,21.04109848,17.31204545,21.04109848,13.30666667,1608.649884,185.1582238,100.564824,20.37134728,502.9988568,340.3776012,502.9988568,340.6445587,770
WR_8_26,-50.18578972,-26.09174168,17.26248106,11.75833333,56.89536985,322.3020533,27.11386364,6.447272727,20.66659091,20.99992424,13.24083333,20.99992424,13.24083333,1607.060836,184.1597234,100.1986805,20.30694126,501.4056305,339.8912838,501.4056305,339.8912838,768
WR_8_27,-50.18867364,-26.07944766,17.3195928,11.74320076,57.0045711,321.6751334,27.16704545,6.566590909,20.60045455,21.04109848,17.31204545,21.04109848,13.30666667,1608.374622,184.8711346,100.47486,20.35021455,502.5964152,340.4992159,502.5964152,340.5192428,798
WR_8_29,-50.17092108,-26.09300323,17.26248106,11.75833333,56.89536985,322.3020533,27.11386364,6.447272727,20.66659091,20.99992424,13.24083333,20.99992424,13.24083333,1604.936059,184.0590355,100.1819568,20.29008906,500.5996741,339.169427,500.5996741,339.169427,790
WR_8_30,-50.17651041,-26.09535719,17.26248106,11.75833333,56.89536985,322.3020533,27.11386364,6.447272727,20.66659091,20.99992424,13.24083333,20.99992424,13.24083333,1605.387947,183.9902684,100.1460945,20.28320497,500.5282311,339.2316971,500.5282311,339.2316971,779
WR_8_35,-50.16874937,-26.07573097,17.3195928,11.74320076,57.0045711,321.6751334,27.16704545,6.566590909,20.60045455,21.04109848,13.30666667,21.04109848,13.30666667,1605.960268,184.9362473,100.7327598,20.31621142,501.7038918,340.1517388,501.7038918,340.1517388,801
WR_8_36,-50.14339515,-26.07704932,17.22476326,11.71717803,57.07218028,318.5440579,27.00159091,6.471136364,20.53045455,20.92246212,13.26189394,20.92246212,13.26189394,1603.580101,184.3383826,100.4402525,20.35134993,501.7517341,339.0313341,501.7517341,339.0313341,841
WR_8_4,-50.18344137,-26.08160068,17.3195928,11.74320076,57.0045711,321.6751334,27.16704545,6.566590909,20.60045455,21.04109848,13.30666667,21.04109848,13.30666667,1607.415203,184.7461672,100.4913888,20.32571962,501.9933462,340.2807979,501.9933462,340.2807979,798
WR_8_40,-50.15039314,-26.08893753,17.13258523,11.73691288,57.13984074,318.8156024,26.89977273,6.359090909,20.54068182,20.83757576,13.16,20.83757576,13.16,1603.308523,183.9188255,100.0867014,20.32774088,500.960065,338.7095288,500.960065,338.7095288,816
WR_8_44,-50.19703243,-26.07812342,17.3195928,11.74320076,57.0045711,321.6751334,27.16704545,6.566590909,20.60045455,21.04109848,17.31204545,21.04109848,13.30666667,1609.760265,184.9552651,100.3793573,20.38784526,503.4262831,340.416757,503.4262831,340.7639469,785
WR_8_45,-50.19629987,-26.07760071,17.3195928,11.74320076,57.0045711,321.6751334,27.16704545,6.566590909,20.60045455,21.04109848,17.31204545,21.04109848,13.30666667,1609.684555,184.9864967,100.4005716,20.3869789,503.4101342,340.4083154,503.4101342,340.7610056,785
WR_8_48,-50.20140505,-26.08312921,17.3195928,11.74320076,57.0045711,321.6751334,27.16704545,6.566590909,20.60045455,21.04109848,17.31204545,21.04109848,13.30666667,1610.07428,184.646659,100.2325127,20.38292427,503.3197816,340.5022167,503.3197816,340.7768209,782
WR_8_5,-50.14575721,-26.07959271,17.22476326,11.71717803,57.07218028,318.5440579,27.00159091,6.471136364,20.53045455,20.92246212,13.26189394,20.92246212,13.26189394,1603.596928,184.2700287,100.3717082,20.34482684,501.57773,339.0042265,501.57773,339.0042265,841
WR_8_50,-50.188549,-26.08707162,17.26248106,11.75833333,56.89536985,322.3020533,27.11386364,6.447272727,20.66659091,20.99992424,13.24083333,20.99992424,13.24083333,1607.814609,184.4244787,100.2928527,20.32654053,501.9723105,340.2091852,501.9723105,340.2091852,786
WR_8_51,-50.19745313,-26.08101416,17.3195928,11.74320076,57.0045711,321.6751334,27.16704545,6.566590909,20.60045455,21.04109848,17.31204545,21.04109848,13.30666667,1609.617584,184.7787456,100.3194333,20.37746025,503.1972794,340.4823999,503.1972794,340.7028659,785
WR_8_53,-50.19179165,-26.07709728,17.3195928,11.74320076,57.0045711,321.6751334,27.16704545,6.566590909,20.60045455,21.04109848,17.31204545,21.04109848,13.30666667,1609.023526,185.0122654,100.4818345,20.37031962,503.0597348,340.4195916,503.0597348,340.6791701,785
WR_8_62,-50.18555521,-26.0842881,17.26248106,11.75833333,56.89536985,322.3020533,27.11386364,6.447272727,20.66659091,20.99992424,13.24083333,20.99992424,13.24083333,1607.551311,184.5905887,100.3939634,20.32555104,501.9608242,340.2198575,501.9608242,340.2198575,786
WR_8_64,-50.14511047,-26.07118318,17.22476326,11.71717803,57.07218028,318.5440579,27.00159091,6.471136364,20.53045455,20.92246212,13.26189394,20.92246212,13.26189394,1603.910396,184.70172,100.3321393,20.40265776,502.2943049,338.7773351,502.2943049,338.7773351,826
WR_8_66,-50.1614788,-26.07775133,17.22476326,11.71717803,57.07218028,318.5440579,27.00159091,6.471136364,20.53045455,20.92246212,13.26189394,20.92246212,13.26189394,1605.159543,184.6795066,100.5934991,20.32341233,501.6135779,339.7330399,501.6135779,339.7330399,810
WR_8_76,-50.19040455,-26.07837469,17.3195928,11.74320076,57.0045711,321.6751334,27.16704545,6.566590909,20.60045455,21.04109848,17.31204545,21.04109848,13.30666667,1608.718177,184.9352486,100.474551,20.36032386,502.8321135,340.4603962,502.8321135,340.6026641,798
WR_8_8,-50.1770644,-26.08396372,17.26248106,11.75833333,56.89536985,322.3020533,27.11386364,6.447272727,20.66659091,20.99992424,13.24083333,20.99992424,13.24083333,1606.267229,184.6171626,100.5005658,20.30113997,501.3143086,339.9519937,501.3143086,339.9519937,789
WR_8_81,-50.14651057,-26.06493837,17.22476326,11.71717803,57.07218028,318.5440579,27.00159091,6.471136364,20.53045455,20.92246212,13.26189394,20.92246212,13.26189394,1604.037524,185.1129475,100.0188999,20.4871451,502.9768951,338.1354354,502.9768951,338.1354354,807
WR_8_82,-50.13905298,-26.06300686,17.22476326,11.71717803,57.07218028,318.5440579,27.00159091,6.471136364,20.53045455,20.92246212,13.26189394,20.92246212,13.26189394,1603.541909,185.0735272,99.85467355,20.51730148,503.2225796,337.6572488,503.2225796,337.6572488,815
WR_8_83,-50.1533572,-26.07149786,17.22476326,11.71717803,57.07218028,318.5440579,27.00159091,6.471136364,20.53045455,20.92246212,13.26189394,20.92246212,13.26189394,1604.593567,184.8583843,100.4248199,20.38880227,502.2187306,339.1428099,502.2187306,339.1428099,814
WR_8_84,-50.18509718,-26.08427887,17.26248106,11.75833333,56.89536985,322.3020533,27.11386364,6.447272727,20.66659091,20.99992424,13.24083333,20.99992424,13.24083333,1607.481473,184.5915872,100.3994084,20.32417634,501.9254983,340.2047751,501.9254983,340.2047751,786
WR_8_85,-50.20400895,-26.08119401,17.3195928,11.74320076,57.0045711,321.6751334,27.16704545,6.566590909,20.60045455,21.04109848,17.31204545,21.04109848,13.30666667,1610.615669,184.7669752,100.2288936,20.40200885,503.722263,340.4420144,503.722263,340.8845009,782
WR_8_86,-50.18010676,-26.0980669,17.26248106,11.75833333,56.89536985,322.3020533,27.11386364,6.447272727,20.66659091,20.99992424,13.24083333,20.99992424,13.24083333,1605.747467,183.8229278,100.0505601,20.28411952,500.5714988,339.274424,500.5714988,339.274424,779
WR_8_87,-50.18187224,-26.10132476,17.26248106,11.75833333,56.89536985,322.3020533,27.11386364,6.447272727,20.66659091,20.99992424,13.24083333,20.99992424,13.24083333,1605.787822,183.6295329,99.95358295,20.28045706,500.4449184,339.2076267,500.4449184,339.2076267,778
WR_8_89,-50.19196252,-26.0803943,17.3195928,11.74320076,57.0045711,321.6751334,27.16704545,6.566590909,20.60045455,21.04109848,17.31204545,21.04109848,13.30666667,1608.814931,184.8160288,100.4067081,20.35926988,502.795087,340.5034433,502.795087,340.57001,785
WR_8_9,-50.17005096,-26.08092594,17.3195928,11.74320076,57.0045711,321.6751334,27.16704545,6.566590909,20.60045455,21.04109848,13.30666667,21.04109848,13.30666667,1605.709291,184.6874618,100.5728206,20.3066959,501.3683488,339.8857416,501.3683488,339.8857416,801
WR_8_90,-50.17652666,-26.08086157,17.3195928,11.74320076,57.0045711,321.6751334,27.16704545,6.566590909,20.60045455,21.04109848,13.30666667,21.04109848,13.30666667,1606.400648,184.7885016,100.6050091,20.30469343,501.4739545,340.1251011,501.4739545,340.1251011,786
WR_8_91,-50.16610384,-26.08276521,17.22476326,11.71717803,57.07218028,318.5440579,27.00159091,6.471136364,20.53045455,20.92246212,13.26189394,20.92246212,13.26189394,1605.217236,184.5138557,100.4704117,20.30991237,501.2720915,339.6224109,501.2720915,339.6224109,810
WR_8_94,-50.17585106,-26.08570294,17.26248106,11.75833333,56.89536985,322.3020533,27.11386364,6.447272727,20.66659091,20.99992424,13.24083333,20.99992424,13.24083333,1605.959373,184.5228456,100.4587859,20.29510456,501.1065191,339.8024318,501.1065191,339.8024318,789
WR_8_95,-50.17327967,-26.09532837,17.26248106,11.75833333,56.89536985,322.3020533,27.11386364,6.447272727,20.66659091,20.99992424,13.24083333,20.99992424,13.24083333,1604.995811,183.971495,100.1331644,20.28379489,500.4408942,339.0988471,500.4408942,339.0988471,790
WR_8_97,-50.18152365,-26.09352268,17.26248106,11.75833333,56.89536985,322.3020533,27.11386364,6.447272727,20.66659091,20.99992424,13.24083333,20.99992424,13.24083333,1606.282542,184.072671,100.1763526,20.29443061,500.9831486,339.5965583,500.9831486,339.5965583,779
WR_8_98,-50.1541857,-26.08040589,17.22476326,11.71717803,57.07218028,318.5440579,27.00159091,6.471136364,20.53045455,20.92246212,13.26189394,20.92246212,13.26189394,1604.30161,184.3999056,100.4283269,20.33081086,501.4827284,339.2952934,501.4827284,339.2952934,813
WR_80_1,-50.39236188,-25.7299441,17.41605114,11.54876894,57.19014016,316.634609,26.99772727,6.804090909,20.19363636,21.03856061,13.47280303,21.03856061,13.41560606,1602.227975,191.2244765,93.08526288,22.91132168,509.244063,324.8290348,509.244063,341.8461914,873
WR_81_1,-50.10914196,-25.78894991,17.56784091,11.47772727,57.10764081,313.0941582,27.08545455,6.987045455,20.09840909,21.16606061,13.67511364,21.16606061,13.64284091,1593.970403,192.8337809,90.76717511,22.95651705,510.1146729,322.7105206,510.1146729,342.1683077,791
WR_81_11,-50.10062219,-25.78575658,17.56784091,11.47772727,57.10764081,313.0941582,27.08545455,6.987045455,20.09840909,21.16606061,13.67511364,21.16606061,13.64284091,1592.890335,192.7813825,90.87655535,22.97662222,509.710264,322.0739564,509.710264,341.2916916,807
WR_81_13,-50.09414164,-25.78655899,17.56784091,11.47772727,57.10764081,313.0941582,27.08545455,6.987045455,20.09840909,21.16606061,13.67511364,21.16606061,13.64284091,1591.818525,192.6490408,91.13212011,22.96506277,509.4116142,321.8924319,509.4116142,340.7401627,832
WR_81_15,-50.0931134,-25.78441889,17.56784091,11.47772727,57.10764081,313.0941582,27.08545455,6.987045455,20.09840909,21.16606061,13.67511364,21.16606061,13.64284091,1591.896357,192.6985554,91.10083459,22.98061546,509.382799,321.6889904,509.382799,340.5618318,832
WR_81_16,-50.10538336,-25.7791348,17.56784091,11.47772727,57.10764081,313.0941582,27.08545455,6.987045455,20.09840909,21.16606061,13.67511364,21.16606061,13.64284091,1594.127716,193.0499198,90.35532345,23.03818721,509.9070188,321.6332965,509.9070188,341.4840855,814
WR_81_2,-50.10654579,-25.79320232,17.43611742,11.50473485,57.22842758,312.0554745,27.01204545,6.908863636,20.10318182,21.02625,13.54640152,21.02625,13.52867424,1593.236948,192.6682849,91.07947915,22.91847895,510.0060578,323.006189,510.0060578,342.087532,798
WR_81_20a,-50.1122485,-25.77296557,17.56784091,11.47772727,57.10764081,313.0941582,27.08545455,6.987045455,20.09840909,21.16606061,13.67511364,21.16606061,13.64284091,1595.17414,193.2872674,89.74907156,23.11148918,510.2710705,321.2034975,510.2710705,341.7497392,818
WR_81_21,-50.11292414,-25.76969263,17.56784091,11.47772727,57.10764081,313.0941582,27.08545455,6.987045455,20.09840909,21.16606061,13.67511364,21.16606061,13.64284091,1595.060626,193.3273351,89.70246417,23.15112049,510.5053319,320.9041967,510.5053319,341.4390819,818
WR_81_6,-50.10038663,-25.77683572,17.56784091,11.47772727,57.10764081,313.0941582,27.08545455,6.987045455,20.09840909,21.16606061,13.67511364,21.16606061,13.64284091,1593.665812,193.0421536,90.49084816,23.05019343,509.7162948,321.2923623,509.7162948,340.9357072,814
WR_81_7,-50.09908071,-25.7842177,17.56784091,11.47772727,57.10764081,313.0941582,27.08545455,6.987045455,20.09840909,21.16606061,13.67511364,21.16606061,13.64284091,1592.801291,192.8018917,90.86677665,22.98771249,509.6454117,321.8854333,509.6454117,341.0944097,832
WR_81_8,-50.0945201,-25.78378533,17.56784091,11.47772727,57.10764081,313.0941582,27.08545455,6.987045455,20.09840909,21.16606061,13.67511364,21.16606061,13.64284091,1592.172793,192.7410677,91.02643139,22.98676684,509.4491731,321.689648,509.4491731,340.6640342,832
WR_82_1,-50.5003884,-25.69600413,17.42018939,11.50556818,57.38503044,315.0460399,26.91863636,6.868863636,20.04977273,21.01041667,13.49784091,21.01041667,13.42765152,1612.156184,188.1002954,93.25068372,22.16555262,499.8471122,323.9701792,499.8471122,343.6194806,912
WR_83_1,-50.38323672,-25.54712945,17.32154356,11.34789773,57.66940784,306.018966,26.69022727,7.012727273,19.6775,20.81265152,13.51712121,20.81265152,13.44223485,1606.019565,195.8386099,85.42410479,24.16971716,508.1583469,314.7626894,508.1583469,342.1690066,966
WR_83_16,-50.36390913,-25.53711176,17.28142045,11.32931818,57.83953124,303.3495102,26.58113636,6.993636364,19.5875,20.72712121,13.50204545,20.72712121,13.43280303,1605.423246,196.8049259,84.68080231,24.53392595,510.3415226,313.7019801,510.3415226,341.8143233,940
WR_83_17,-50.37446731,-25.5377325,17.28142045,11.32931818,57.83953124,303.3495102,26.58113636,6.993636364,19.5875,20.72712121,13.50204545,20.72712121,13.43280303,1606.743767,196.6598218,84.93732501,24.43007178,509.692291,314.177828,509.692291,342.0296241,923
WR_83_1a,-50.3759317,-25.54741907,17.32154356,11.34789773,57.66940784,306.018966,26.69022727,7.012727273,19.6775,20.81265152,13.51712121,20.81265152,13.44223485,1606.434374,196.2213658,85.42368421,24.23997615,509.0030195,314.7654781,509.0030195,342.1512983,966
WR_83_5,-50.371453,-25.54352318,17.24007576,11.38121212,57.7753165,304.0445944,26.60590909,6.906818182,19.69909091,20.71200758,13.46560606,20.71200758,13.39333333,1606.17439,196.4725938,85.14275855,24.35375879,509.5472861,314.3927747,509.5472861,342.0320642,982
WR_83_5b,-50.38091412,-25.53771631,17.46140152,11.33246212,57.72764811,305.4933656,26.78204545,7.151136364,19.63090909,20.93613636,13.66344697,20.93613636,13.57662879,1606.303958,196.3258901,84.8996382,24.37213213,508.9076456,314.0991044,508.9076456,341.9767515,907
WR_9_3,-50.30010198,-26.09192863,17.39982955,11.86564394,56.75922,327.5667991,27.30295455,6.397727273,20.90522727,21.18026515,13.29893939,21.18026515,13.29893939,1627.484548,187.8585999,100.0944409,20.87564402,511.5974962,340.9517327,511.5974962,340.9517327,808
WR_9_4,-50.29437566,-26.11510253,17.39982955,11.86564394,56.75922,327.5667991,27.30295455,6.397727273,20.90522727,21.18026515,13.29893939,21.18026515,13.29893939,1625.173795,186.6557296,99.0816642,20.81151277,508.9365829,339.8714883,508.9365829,339.8714883,815
